image,channel,u_bin,v_bin,period_px,period_x_px,period_y_px,wave_angle_deg,power_over_local_median,noise_expected_max
682_z08,raw_red,378,192,2.42,2.71,5.33,26.9,23.8,19.0
682_z08,raw_red,256,0,4.0,4.0,inf,0.0,23.4,19.0
682_z08,raw_red,-85,36,11.09,12.05,28.44,157.0,20.9,19.0
682_z08,raw_red,-365,263,2.28,2.81,3.89,144.2,20.1,19.0
682_z08,raw_red,-440,445,1.64,2.33,2.3,134.7,18.0,19.0
682_z08,raw_red,-115,254,3.67,8.9,4.03,114.4,17.8,19.0
682_z08,raw_red,-298,74,3.33,3.44,13.84,166.1,17.8,19.0
682_z08,raw_red,-49,343,2.96,20.9,2.99,98.1,16.4,19.0
682_z08,preprocessed,-393,410,1.8,2.61,2.5,133.8,22.3,19.0
682_z08,preprocessed,-115,349,2.79,8.9,2.93,108.2,19.3,19.0
682_z08,preprocessed,-85,36,11.09,12.05,28.44,157.0,18.6,19.0
682_z08,preprocessed,-310,264,2.51,3.3,3.88,139.6,17.5,19.0
682_z08,preprocessed,163,291,3.07,6.28,3.52,60.7,17.4,19.0
682_z08,preprocessed,318,240,2.57,3.22,4.27,37.0,16.7,19.0
682_z08,preprocessed,267,156,3.31,3.84,6.56,30.3,16.5,19.0
682_z08,preprocessed,-363,362,2.0,2.82,2.83,135.1,16.1,19.0
