group,image_a,image_b,id_a,id_b,xy_a,xy_b,distance_px,both_interior,area_px2_a,area_px2_b,area_px2_absdiff,area_px2_reldiff,aspect_ratio_a,aspect_ratio_b,aspect_ratio_absdiff,aspect_ratio_reldiff,solidity_a,solidity_b,solidity_absdiff,solidity_reldiff,roots_count_a,roots_count_b,roots_count_absdiff,roots_count_reldiff,ring_length_r30_px_a,ring_length_r30_px_b,ring_length_r30_px_absdiff,ring_length_r30_px_reldiff,ring_length_r60_px_a,ring_length_r60_px_b,ring_length_r60_px_absdiff,ring_length_r60_px_reldiff,owned_length_px_a,owned_length_px_b,owned_length_px_absdiff,owned_length_px_reldiff,edge_count_a,edge_count_b,edge_count_absdiff,edge_count_reldiff
542_z06+542_z18,542_z06,542_z18,1,1,"(909,17)","(914,16)",4.789425228563472,False,1381.0,602.0,779.0,0.7856782652546647,1.2437,2.651,1.4072999999999998,0.7226744036767915,0.657,0.6645,0.007499999999999951,0.011350737797956794,6.0,4.0,2.0,0.4,176.0,196.0,20.0,0.10752688172043011,516.0,529.0,13.0,0.024880382775119617,1032.992,586.6884,446.30359999999996,0.5511008221128069,33.0,26.0,7.0,0.23728813559322035
542_z06+542_z18,542_z06,542_z18,4,2,"(635,143)","(639,130)",13.934191580784296,True,895.0,5924.0,5029.0,1.4749963337732805,1.7075,3.7513,2.0438,0.7488092621088884,0.7956,0.675,0.12059999999999993,0.16401468788249682,5.0,19.0,14.0,1.1666666666666667,200.0,574.0,374.0,0.9664082687338501,560.0,1322.0,762.0,0.8097768331562167,387.1909,1962.1139,1574.923,1.3407566357502867,14.0,73.0,59.0,1.3563218390804597
542_z06+542_z18,542_z06,542_z18,5,3,"(381,180)","(383,173)",6.562317226407169,True,2450.0,4438.0,1988.0,0.5772357723577236,4.5971,4.5328,0.06430000000000025,0.014085586917709997,0.6618,0.8989,0.23709999999999998,0.30383802140065347,7.0,8.0,1.0,0.13333333333333333,264.0,385.0,121.0,0.3728813559322034,816.0,1044.0,228.0,0.24516129032258063,504.931,1073.3646,568.4336000000001,0.7203132290301006,15.0,33.0,18.0,0.75
542_z06+542_z18,542_z06,542_z18,6,4,"(870,202)","(874,210)",9.250669057965476,True,4645.0,4342.0,303.0,0.06743073328140647,2.5925,2.914,0.32150000000000034,0.11677108871333891,0.72,0.893,0.17300000000000004,0.21450712957222573,11.0,7.0,4.0,0.4444444444444444,665.0,431.0,234.0,0.42700729927007297,1478.0,1139.0,339.0,0.2590752770347726,1337.6144,961.4773,376.1370999999999,0.32720495663570087,47.0,23.0,24.0,0.6857142857142857
542_z06+542_z18,542_z06,542_z18,10,6,"(391,530)","(401,532)",10.612477608928051,True,3188.0,3405.0,217.0,0.06582739268921584,3.6285,3.5146,0.11389999999999967,0.031890915708865805,0.8804,0.8958,0.01540000000000008,0.017340389595766333,8.0,10.0,2.0,0.2222222222222222,383.0,325.0,58.0,0.1638418079096045,1079.0,1007.0,72.0,0.06903163950143816,919.2935,1513.6509,594.3574000000001,0.4885910257546371,20.0,48.0,28.0,0.8235294117647058
542_z06+542_z18,542_z06,542_z18,11,7,"(913,595)","(924,589)",12.68583315434984,True,3013.0,4133.0,1120.0,0.31346207668625803,5.7626,3.9929,1.7696999999999998,0.3628107221567321,0.5248,0.861,0.33619999999999994,0.48520710059171585,13.0,8.0,5.0,0.47619047619047616,606.0,473.0,133.0,0.24652455977757182,1550.0,1313.0,237.0,0.16556060076842474,1771.6043,928.9504,842.6539,0.6240598644419239,55.0,37.0,18.0,0.391304347826087
542_z06+542_z18,542_z06,542_z18,12,8,"(783,581)","(785,570)",10.842927886876254,True,3414.0,2572.0,842.0,0.28132308720347476,4.4906,3.9445,0.5460999999999996,0.12948275657668543,0.8294,0.8307,0.0012999999999999678,0.0015661707126076356,13.0,7.0,6.0,0.6,449.0,302.0,147.0,0.3914780292942743,1081.0,892.0,189.0,0.1915864166244298,955.2397,1068.1514,112.9117,0.11160640174803577,42.0,33.0,9.0,0.24
542_z06+542_z18,542_z06,542_z18,13,9,"(247,723)","(248,739)",16.42080348095059,True,4647.0,3684.0,963.0,0.23118473172488296,3.0469,4.8329,1.7860000000000005,0.45331099774105954,0.8623,0.8054,0.05689999999999995,0.06823769263056899,13.0,9.0,4.0,0.36363636363636365,471.0,376.0,95.0,0.2243211334120425,1041.0,978.0,63.0,0.06240713224368499,2992.182,457.3036,2534.8783999999996,1.4697138611043916,83.0,17.0,66.0,1.32
542_z06+542_z18,542_z06,542_z18,14,10,"(724,817)","(733,814)",8.802520884383036,True,1123.0,3421.0,2298.0,1.011443661971831,4.9407,3.6773,1.2633999999999999,0.2932002784868879,0.6997,0.8774,0.17769999999999997,0.22535032654872864,5.0,8.0,3.0,0.46153846153846156,251.0,405.0,154.0,0.4695121951219512,740.0,1142.0,402.0,0.42720510095642933,1091.4012,1149.7199,58.318700000000035,0.05204422018961852,28.0,35.0,7.0,0.2222222222222222
542_z06+542_z18,542_z06,542_z18,15,11,"(400,952)","(408,945)",10.619183938985135,False,3750.0,2890.0,860.0,0.25903614457831325,4.3894,3.3167,1.0727000000000002,0.27840282373703956,0.8965,0.9299,0.033399999999999985,0.03657468243539201,4.0,6.0,2.0,0.4,264.0,230.0,34.0,0.13765182186234817,763.0,605.0,158.0,0.2309941520467836,404.3919,570.4874,166.09549999999996,0.3407509011628413,20.0,16.0,4.0,0.2222222222222222
542_z06+542_z18,542_z06,542_z18,16,12,"(948,985)","(938,990)",11.864902479582357,False,1341.0,508.0,833.0,0.9010275824770146,4.6071,2.8331,1.774,0.476868901373619,0.911,0.917,0.006000000000000005,0.006564551422319481,4.0,3.0,1.0,0.2857142857142857,114.0,98.0,16.0,0.1509433962264151,467.0,290.0,177.0,0.4676354029062087,97.0833,723.1981,626.1148,1.5265853888677714,6.0,25.0,19.0,1.2258064516129032
543-2+543_3+543_z13,543-2,543_3,1,1,"(271,88)","(271,79)",8.748375326310587,True,2494.0,2174.0,320.0,0.13710368466152528,2.4642,2.2947,0.16949999999999976,0.07123494925297852,0.9096,0.9518,0.042200000000000015,0.04534221553669283,9.0,5.0,4.0,0.5714285714285714,366.0,249.0,117.0,0.3804878048780488,1178.0,958.0,220.0,0.20599250936329588,1615.5454,724.3524,891.193,0.7617366878160234,73.0,25.0,48.0,0.9795918367346939
543-2+543_3+543_z13,543-2,543_3,2,2,"(919,208)","(917,197)",10.94174067367712,True,3004.0,3447.0,443.0,0.137343047589521,1.6292,1.4131,0.21609999999999996,0.14206357032508296,0.772,0.674,0.09799999999999998,0.13554633471645916,12.0,9.0,3.0,0.2857142857142857,510.0,506.0,4.0,0.007874015748031496,1353.0,1333.0,20.0,0.014892032762472078,3672.5811,1420.8103,2251.7708,0.8841931134528557,146.0,50.0,96.0,0.9795918367346939
543-2+543_3+543_z13,543-2,543_3,3,3,"(341,257)","(340,251)",6.601011154361153,True,1698.0,1883.0,185.0,0.10332309410779111,1.8473,1.9863,0.139,0.07251669449081805,0.955,0.9448,0.010199999999999987,0.010737972418149265,10.0,7.0,3.0,0.35294117647058826,316.0,300.0,16.0,0.05194805194805195,919.0,926.0,7.0,0.007588075880758808,1009.4478,2529.8856,1520.4378000000002,0.8591661921422832,35.0,80.0,45.0,0.782608695652174
543-2+543_3+543_z13,543-2,543_3,5,4,"(365,394)","(370,389)",7.722713813809269,True,1204.0,2052.0,848.0,0.5208845208845209,1.9331,1.7554,0.17769999999999997,0.09635353124576383,0.9177,0.9112,0.00649999999999995,0.007108097763683034,4.0,10.0,6.0,0.8571428571428571,256.0,348.0,92.0,0.304635761589404,826.0,934.0,108.0,0.12272727272727273,509.0021,2573.6846,2064.6825,1.339534439227963,18.0,94.0,76.0,1.3571428571428572
543-2+543_3+543_z13,543-2,543_3,6,5,"(746,472)","(745,473)",0.8721703732643218,True,2066.0,2266.0,200.0,0.09233610341643583,2.333,2.4786,0.14559999999999995,0.060520409011555386,0.8619,0.9021,0.040200000000000014,0.04557823129251702,7.0,7.0,0.0,0.0,314.0,336.0,22.0,0.06769230769230769,898.0,995.0,97.0,0.10248283148441627,1516.7392,1754.8885,238.14930000000004,0.14558459692708925,50.0,57.0,7.0,0.1308411214953271
543-2+543_3+543_z13,543-2,543_3,8,6,"(878,550)","(877,545)",5.126842029943947,True,2066.0,1344.0,722.0,0.42346041055718475,3.7227,3.8078,0.08509999999999973,0.022601420888387153,0.9018,0.7764,0.12540000000000007,0.14944583482302476,10.0,6.0,4.0,0.5,357.0,277.0,80.0,0.25236593059936907,1078.0,1053.0,25.0,0.02346316283435007,3205.0836,1516.2367,1688.8469,0.715412974629152,103.0,53.0,50.0,0.6410256410256411
543-2+543_3+543_z13,543-2,543_3,9,7,"(193,643)","(198,635)",9.538942256875265,True,2656.0,1683.0,973.0,0.448490435584236,3.3442,2.2634,1.0808,0.3854768528425708,0.8877,0.9355,0.047799999999999954,0.05243527863097845,6.0,4.0,2.0,0.4,250.0,172.0,78.0,0.3696682464454976,940.0,758.0,182.0,0.2143698468786808,568.7595,96.3553,472.4042,1.4205192847911368,22.0,4.0,18.0,1.3846153846153846
543-2+543_3+543_z13,543-2,543_3,10,8,"(634,728)","(635,734)",6.178487492906282,True,2113.0,2203.0,90.0,0.04170528266913809,3.0426,2.9043,0.1383000000000001,0.04651162790697677,0.9135,0.9295,0.016000000000000014,0.017362995116657638,7.0,8.0,1.0,0.13333333333333333,288.0,348.0,60.0,0.18867924528301888,1033.0,1040.0,7.0,0.006753497346840328,826.2397,1601.526,775.2863000000001,0.6386829668118305,33.0,43.0,10.0,0.2631578947368421
543-2+543_3+543_z13,543-2,543_3,11,9,"(480,787)","(481,781)",6.743070365938673,True,2173.0,2633.0,460.0,0.1914273824386184,2.6961,2.579,0.11709999999999976,0.04439726261113524,0.9358,0.9454,0.009600000000000053,0.010206251328939032,9.0,6.0,3.0,0.4,336.0,286.0,50.0,0.1607717041800643,1082.0,912.0,170.0,0.17051153460381144,3947.6004,698.5828,3249.0175999999997,1.398574899069843,134.0,18.0,116.0,1.5263157894736843
543-2+543_3+543_z13,543-2,543_z13,1,1,"(271,88)","(270,98)",9.86817010645844,True,2494.0,2019.0,475.0,0.21050299135829825,2.4642,2.3783,0.08590000000000009,0.035477542591636595,0.9096,0.9417,0.03210000000000002,0.0346783341435748,9.0,8.0,1.0,0.11764705882352941,366.0,331.0,35.0,0.10043041606886657,1178.0,1011.0,167.0,0.1525810872544541,1615.5454,4094.9457,2479.4003000000002,0.8683667504533893,73.0,153.0,80.0,0.7079646017699115
543-2+543_3+543_z13,543-2,543_z13,2,3,"(919,208)","(919,219)",11.031095412514565,True,3004.0,1736.0,1268.0,0.5350210970464135,1.6292,2.1969,0.5676999999999999,0.2967512610752463,0.772,0.8374,0.06540000000000001,0.08127252392195851,12.0,9.0,3.0,0.2857142857142857,510.0,343.0,167.0,0.39155920281359907,1353.0,876.0,477.0,0.42799461641991926,3672.5811,915.0092,2757.5719,1.202187518793908,146.0,33.0,113.0,1.2625698324022345
543-2+543_3+543_z13,543-2,543_z13,3,4,"(341,257)","(340,263)",5.686787305676187,True,1698.0,1138.0,560.0,0.39492242595204513,1.8473,1.481,0.36629999999999985,0.22011236967821401,0.955,0.9252,0.029799999999999938,0.03169875545154764,10.0,3.0,7.0,1.0769230769230769,316.0,226.0,90.0,0.33210332103321033,919.0,828.0,91.0,0.10417859187178019,1009.4478,515.6884,493.7594,0.6474954826985289,35.0,14.0,21.0,0.8571428571428571
543-2+543_3+543_z13,543-2,543_z13,6,6,"(746,472)","(748,475)",3.920477808890103,True,2066.0,860.0,1206.0,0.8243335611756665,2.333,1.7176,0.6154000000000002,0.3038562188317781,0.8619,0.854,0.007900000000000018,0.0092079958039513,7.0,4.0,3.0,0.5454545454545454,314.0,287.0,27.0,0.08985024958402663,898.0,861.0,37.0,0.04206935758953951,1516.7392,284.9361,1231.8031,1.367397443923442,50.0,16.0,34.0,1.0303030303030303
543-2+543_3+543_z13,543-2,543_z13,7,5,"(485,459)","(481,460)",3.7444313386681265,True,1233.0,2267.0,1034.0,0.5908571428571429,2.048,2.6411,0.5930999999999997,0.25296965302510066,0.9278,0.9473,0.019500000000000073,0.020798890725828034,2.0,5.0,3.0,0.8571428571428571,136.0,326.0,190.0,0.8225108225108225,718.0,1067.0,349.0,0.39103641456582633,352.664,4189.1934,3836.5294000000004,1.6894098876816346,10.0,150.0,140.0,1.75
543-2+543_3+543_z13,543-2,543_z13,8,7,"(878,550)","(874,547)",5.28194904273033,True,2066.0,2150.0,84.0,0.03984819734345351,3.7227,3.7745,0.05180000000000007,0.01381849223710187,0.9018,0.9231,0.021299999999999986,0.02334374486273219,10.0,4.0,6.0,0.8571428571428571,357.0,308.0,49.0,0.14736842105263157,1078.0,1041.0,37.0,0.034922133081642284,3205.0836,167.5807,3037.5029,1.801248289075198,103.0,8.0,95.0,1.7117117117117118
543-2+543_3+543_z13,543-2,543_z13,9,8,"(193,643)","(188,643)",4.999480246985684,True,2656.0,3069.0,413.0,0.14427947598253274,3.3442,2.9489,0.39529999999999976,0.12562965787926453,0.8877,0.9099,0.022199999999999998,0.0246995994659546,6.0,10.0,4.0,0.5,250.0,317.0,67.0,0.23633156966490299,940.0,955.0,15.0,0.0158311345646438,568.7595,1859.2977,1290.5382,1.0630212500759866,22.0,69.0,47.0,1.032967032967033
543-2+543_3+543_z13,543-2,543_z13,10,9,"(634,728)","(630,732)",4.958780083851208,True,2113.0,1616.0,497.0,0.2665593993027621,3.0426,2.6086,0.43400000000000016,0.15359569648924126,0.9135,0.9245,0.01100000000000001,0.011969532100108824,7.0,7.0,0.0,0.0,288.0,254.0,34.0,0.12546125461254612,1033.0,944.0,89.0,0.0900354071825999,826.2397,1167.8742,341.6345,0.3426429152316726,33.0,43.0,10.0,0.2631578947368421
543-2+543_3+543_z13,543-2,543_z13,11,10,"(480,787)","(478,793)",6.204835058242806,True,2173.0,1438.0,735.0,0.4070894489061202,2.6961,2.8394,0.14329999999999998,0.05177490741577093,0.9358,0.9236,0.012199999999999989,0.01312251263848552,9.0,5.0,4.0,0.5714285714285714,336.0,234.0,102.0,0.35789473684210527,1082.0,918.0,164.0,0.164,3947.6004,511.9605,3435.6398999999997,1.540797391061528,134.0,17.0,117.0,1.5496688741721854
543-2+543_3+543_z13,543-2,543_z13,12,11,"(288,859)","(288,855)",4.565425094117797,True,1997.0,3350.0,1353.0,0.5060781746773891,1.7857,2.4218,0.6361000000000001,0.30236482471776593,0.9402,0.8475,0.0927,0.103708675952341,7.0,12.0,5.0,0.5263157894736842,245.0,396.0,151.0,0.4711388455538221,877.0,1191.0,314.0,0.3036750483558994,2008.2388,3303.3729,1295.1340999999998,0.48766143805278533,72.0,131.0,59.0,0.5812807881773399
543-2+543_3+543_z13,543_3,543_z13,1,1,"(271,79)","(270,98)",18.581384504390403,True,2174.0,2019.0,155.0,0.07393274505127594,2.2947,2.3783,0.08359999999999967,0.035780012839717386,0.9518,0.9417,0.010099999999999998,0.010668074993398467,5.0,8.0,3.0,0.46153846153846156,249.0,331.0,82.0,0.2827586206896552,958.0,1011.0,53.0,0.05383443372270188,724.3524,4094.9457,3370.5933000000005,1.3987901267199057,25.0,153.0,128.0,1.4382022471910112
543-2+543_3+543_z13,543_3,543_z13,2,3,"(917,197)","(919,219)",21.887256675289386,True,3447.0,1736.0,1711.0,0.660235384912213,1.4131,2.1969,0.7837999999999998,0.4342382271468143,0.674,0.8374,0.1634,0.21622336906179698,9.0,9.0,0.0,0.0,506.0,343.0,163.0,0.3839811542991755,1333.0,876.0,457.0,0.4137618832050702,1420.8103,915.0092,505.80110000000013,0.43308235075527035,50.0,33.0,17.0,0.40963855421686746
543-2+543_3+543_z13,543_3,543_z13,3,4,"(340,251)","(340,263)",12.271032403184353,True,1883.0,1138.0,745.0,0.4932141674942072,1.9863,1.481,0.5052999999999999,0.2914659821763331,0.9448,0.9252,0.01959999999999995,0.020962566844919733,7.0,3.0,4.0,0.8,300.0,226.0,74.0,0.2813688212927757,926.0,828.0,98.0,0.11174458380843785,2529.8856,515.6884,2014.1972,1.32270448854633,80.0,14.0,66.0,1.4042553191489362
543-2+543_3+543_z13,543_3,543_z13,5,6,"(745,473)","(748,475)",3.6185200027082907,True,2266.0,860.0,1406.0,0.8995521433141395,2.4786,1.7176,0.7610000000000001,0.36270911777322346,0.9021,0.854,0.04810000000000003,0.05478047947155633,7.0,4.0,3.0,0.5454545454545454,336.0,287.0,49.0,0.15730337078651685,995.0,861.0,134.0,0.14439655172413793,1754.8885,284.9361,1469.9524000000001,1.4412537234819114,57.0,16.0,41.0,1.1232876712328768
543-2+543_3+543_z13,543_3,543_z13,6,7,"(877,545)","(874,547)",3.465430323927947,True,1344.0,2150.0,806.0,0.4613623354321694,3.8078,3.7745,0.03329999999999966,0.00878361447054315,0.7764,0.9231,0.14670000000000005,0.172639011473963,6.0,4.0,2.0,0.4,277.0,308.0,31.0,0.10598290598290598,1053.0,1041.0,12.0,0.011461318051575931,1516.2367,167.5807,1348.656,1.6019029141758483,53.0,8.0,45.0,1.4754098360655739
543-2+543_3+543_z13,543_3,543_z13,7,8,"(198,635)","(188,643)",12.788913231389124,True,1683.0,3069.0,1386.0,0.5833333333333334,2.2634,2.9489,0.6855000000000002,0.263031675076262,0.9355,0.9099,0.025599999999999956,0.027744662403814842,4.0,10.0,6.0,0.8571428571428571,172.0,317.0,145.0,0.5930470347648262,758.0,955.0,197.0,0.23000583771161703,96.3553,1859.2977,1762.9424000000001,1.8029194340713819,4.0,69.0,65.0,1.7808219178082192
543-2+543_3+543_z13,543_3,543_z13,8,9,"(635,734)","(630,732)",5.892035093242334,True,2203.0,1616.0,587.0,0.3074103168368683,2.9043,2.6086,0.2957000000000001,0.10727566253695879,0.9295,0.9245,0.0050000000000000044,0.0053937432578209325,8.0,7.0,1.0,0.13333333333333333,348.0,254.0,94.0,0.3122923588039867,1040.0,944.0,96.0,0.0967741935483871,1601.526,1167.8742,433.6518000000001,0.3131738056493244,43.0,43.0,0.0,0.0
543-2+543_3+543_z13,543_3,543_z13,9,10,"(481,781)","(478,793)",12.941697512304886,True,2633.0,1438.0,1195.0,0.5870793416850897,2.579,2.8394,0.26039999999999974,0.09611693488852788,0.9454,0.9236,0.02180000000000004,0.02332798287854472,6.0,5.0,1.0,0.18181818181818182,286.0,234.0,52.0,0.2,912.0,918.0,6.0,0.006557377049180328,698.5828,511.9605,186.6223,0.30832816967389765,18.0,17.0,1.0,0.05714285714285714
682_z23+682_z29,682_z23,682_z29,1,1,"(107,13)","(99,13)",7.471039555510336,False,510.0,2083.0,1573.0,1.2132664866949479,1.7539,2.479,0.7251000000000001,0.342601998629781,0.8095,0.8266,0.017100000000000004,0.020903367764806557,4.0,3.0,1.0,0.2857142857142857,136.0,187.0,51.0,0.3157894736842105,378.0,411.0,33.0,0.08365019011406843,297.066,102.669,194.397,0.9726293669556082,15.0,3.0,12.0,1.3333333333333333
682_z23+682_z29,682_z23,682_z29,4,2,"(920,135)","(921,135)",0.9212936394006697,True,1062.0,2213.0,1151.0,0.7029007633587786,4.3522,2.7734,1.5787999999999998,0.44313461322555286,0.6923,0.8778,0.1855,0.2362906821221578,8.0,8.0,0.0,0.0,328.0,375.0,47.0,0.1337126600284495,881.0,1100.0,219.0,0.22110045431600203,1121.4306,1038.8032,82.62739999999985,0.07649857158979723,42.0,35.0,7.0,0.18181818181818182
682_z23+682_z29,682_z23,682_z29,5,4,"(214,432)","(220,431)",6.026827113830293,True,4132.0,3140.0,992.0,0.27282728272827284,3.4603,3.5043,0.04400000000000004,0.012635327226258517,0.9008,0.8885,0.012300000000000089,0.013748393226401485,9.0,8.0,1.0,0.11764705882352941,337.0,352.0,15.0,0.04354136429608128,881.0,1197.0,316.0,0.3041385948026949,1245.9747,2207.055,961.0802999999999,0.5566591564503485,53.0,71.0,18.0,0.2903225806451613
682_z23+682_z29,682_z23,682_z29,7,5,"(477,535)","(493,532)",16.16542968343247,True,2868.0,2837.0,31.0,0.010867659947414548,2.2379,2.1428,0.09509999999999996,0.04341771862944278,0.9166,0.9229,0.006300000000000083,0.00684968741505853,8.0,5.0,3.0,0.46153846153846156,306.0,240.0,66.0,0.24175824175824176,746.0,702.0,44.0,0.06077348066298342,1597.0113,799.7838,797.2274999999998,0.6652446010090725,50.0,22.0,28.0,0.7777777777777778
682_z23+682_z29,682_z23,682_z29,8,6,"(349,558)","(357,555)",8.970820346545747,True,980.0,1634.0,654.0,0.5003825554705432,2.4632,2.5263,0.06309999999999993,0.025293115542639518,0.7644,0.8211,0.056700000000000084,0.07152317880794712,8.0,6.0,2.0,0.2857142857142857,380.0,352.0,28.0,0.07650273224043716,850.0,768.0,82.0,0.10135970333745364,3058.9049,840.2691,2218.6358,1.1380029719114868,100.0,23.0,77.0,1.2520325203252032
682_z23+682_z29,682_z23,682_z29,9,7,"(48,592)","(55,590)",7.518307103331169,False,2962.0,3781.0,819.0,0.24291858223342727,3.1532,2.7862,0.367,0.1235815065494831,0.917,0.8771,0.03990000000000005,0.044479126024190456,6.0,9.0,3.0,0.4,260.0,319.0,59.0,0.20379965457685664,666.0,716.0,50.0,0.0723589001447178,1034.6661,857.1686,177.49749999999995,0.18764588682087283,35.0,37.0,2.0,0.05555555555555555
682_z23+682_z29,682_z23,682_z29,10,8,"(172,714)","(182,716)",9.69302768901442,True,2810.0,1399.0,1411.0,0.6704680446661915,3.2134,3.515,0.3016000000000001,0.08964984245883124,0.9201,0.8541,0.06600000000000006,0.07439972945552932,6.0,5.0,1.0,0.18181818181818182,312.0,247.0,65.0,0.23255813953488372,1048.0,662.0,386.0,0.45146198830409356,920.8965,1252.46,331.5635000000001,0.30511653288358365,29.0,32.0,3.0,0.09836065573770492
682_z23+682_z29,682_z23,682_z29,12,10,"(113,837)","(125,842)",13.092158639811876,True,1519.0,1130.0,389.0,0.2936957342393356,3.4215,2.7173,0.7042000000000002,0.22942594643904352,0.8388,0.8835,0.04469999999999996,0.0519073332172095,5.0,4.0,1.0,0.2222222222222222,256.0,139.0,117.0,0.5924050632911393,741.0,377.0,364.0,0.6511627906976745,444.4457,405.4335,39.01220000000001,0.09180645908265553,9.0,10.0,1.0,0.10526315789473684
682_z23+682_z29,682_z23,682_z29,13,11,"(752,905)","(761,905)",8.620544762368521,True,2083.0,1244.0,839.0,0.5043582807333934,1.4994,1.4895,0.00990000000000002,0.006624510689551353,0.9485,0.9325,0.016000000000000014,0.017012227538543343,5.0,3.0,2.0,0.5,166.0,97.0,69.0,0.5247148288973384,676.0,352.0,324.0,0.6303501945525292,781.9382,213.7939,568.1443,1.1411589522924892,31.0,3.0,28.0,1.6470588235294117
682_z23+682_z29,682_z23,682_z29,14,12,"(300,920)","(307,920)",7.195255599351562,True,2782.0,2966.0,184.0,0.06402226861517049,2.3001,2.2127,0.08740000000000014,0.038734266973940855,0.8762,0.895,0.01880000000000004,0.021228545618789566,10.0,7.0,3.0,0.35294117647058826,337.0,313.0,24.0,0.07384615384615385,897.0,795.0,102.0,0.12056737588652482,1572.2489,490.0904,1082.1585,1.0494475860494923,43.0,10.0,33.0,1.2452830188679245
