image_a,image_b,n_a,n_b,matches,match_fraction_of_smaller,chance_expected,median_distance_px,median_dx_px,median_dy_px
542_z06,542_z18,16,12,11,0.9166666666666666,0.35952674716069716,10.619183938985135,3.7509000000000015,-3.465599999999995
542_z06,543-2,16,12,0,0.0,0.35952674716069716,,,
542_z06,543_3,16,10,0,0.0,0.29960562263391427,,,
542_z06,543_z13,16,11,0,0.0,0.3295661848973057,,,
542_z06,682_z08,16,10,0,0.0,0.29960562263391427,,,
542_z06,682_z23,16,14,0,0.0,0.41944787168748,,,
542_z06,682_z29,16,13,0,0.0,0.3894873094240886,,,
542_z18,543-2,12,12,0,0.0,0.2696450603705229,,,
542_z18,543_3,12,10,0,0.0,0.2247042169754357,,,
542_z18,543_z13,12,11,0,0.0,0.24717463867297929,,,
542_z18,682_z08,12,10,0,0.0,0.2247042169754357,,,
542_z18,682_z23,12,14,0,0.0,0.31458590376561,,,
542_z18,682_z29,12,13,0,0.0,0.2921154820680664,,,
543-2,543_3,12,10,9,0.9,0.2247042169754357,6.743070365938673,-0.2828999999999837,-6.590000000000032
543-2,543_z13,12,11,10,0.9090909090909091,0.24717463867297929,5.140714644858007,-1.2913499999999942,3.107299999999981
543-2,682_z08,12,10,0,0.0,0.2247042169754357,,,
543-2,682_z23,12,14,0,0.0,0.31458590376561,,,
543-2,682_z29,12,13,0,0.0,0.2921154820680664,,,
543_3,543_z13,10,11,8,0.8,0.2059788655608161,12.529972817286739,-1.8641999999999825,10.130500000000012
543_3,682_z08,10,10,0,0.0,0.18725351414619645,,,
543_3,682_z23,10,14,0,0.0,0.262154919804675,,,
543_3,682_z29,10,13,0,0.0,0.24342956839005536,,,
543_z13,682_z08,11,10,0,0.0,0.2059788655608161,,,
543_z13,682_z23,11,14,0,0.0,0.2883704117851425,,,
543_z13,682_z29,11,13,0,0.0,0.2677725252290609,,,
682_z08,682_z23,10,14,4,0.4,0.262154919804675,13.8255439207104,12.060549999999992,1.101699999999994
682_z08,682_z29,10,13,1,0.1,0.24342956839005536,10.409648567074685,9.9923,-2.9180000000000064
682_z23,682_z29,14,13,10,0.7692307692307693,0.3408013957460775,8.069425932849844,8.02434999999998,-0.3908999999999878
