image_label,variant,what,pixel_size_label,skeleton_px,unsupported_fraction,unsupported_px,bridged_fraction,bridged_px,straight_run_fraction,straight_run_px,rectangle_count,field_length_density_per_px,field_length_density_um_per_um2,roots_per_cell,ring_length_r30_px_per_cell,ring_length_r30_um_per_cell,ring_length_r60_px_per_cell,ring_length_r60_um_per_cell,width_median_px,width_median_um,width_p10_px,width_p90_px,junction_count,junction_density_per_um2,thread_end_fraction,connected_to_lacuna_fraction,median_edge_length_px,mean_edge_length_px,n_bridges,lacuna_count,interior_lacuna_count
542_z06,A,"current method, as is","pixel size 0.13 um/px, rounded, unconfirmed",34964,0.052969,1852,0.000715,25,0.229751,8033,0,0.03465004,0.266539,8.6154,361.4615,46.989995,907.3846,117.959998,6.3246,0.822198,4.0,8.0,375,0.022,0.803952,0.374259,21.313708498984763,31.5991,17,16,13
542_z06,B,"current method, gap bridging off","pixel size 0.13 um/px, rounded, unconfirmed",34896,0.051668,1803,0.0,0,0.227734,7947,0,0.03458265,0.26602,8.6923,360.9231,46.920003,905.0769,117.659997,6.3246,0.822198,4.0,8.0,374,0.0219,0.807476,0.386076,21.22792206135786,30.6093,0,16,13
542_z06,C,"ridge method, as is","pixel size 0.13 um/px, rounded, unconfirmed",38993,0.133845,5219,0.000846,33,0.261124,10182,0,0.03864286,0.297253,11.0,426.1538,55.399994,1029.6923,133.859999,8.0,1.04,4.0,10.0,782,0.0459,0.59898,0.693801,17.0,25.2639,18,16,13
542_z06,D,"ridge method, gap bridging off","pixel size 0.13 um/px, rounded, unconfirmed",38921,0.132705,5165,0.0,0,0.261016,10159,0,0.0385715,0.296704,10.9231,423.6154,55.070002,1026.6923,133.469999,8.0,1.04,4.0,10.0,770,0.0452,0.607107,0.704267,16.656854249492383,24.8211,0,16,13
542_z06,E,"ridge method, low cut 0.9 of the high cut","pixel size 0.13 um/px, rounded, unconfirmed",36738,0.1027,3773,0.004573,168,0.2569,9438,0,0.03640811,0.280062,9.9231,399.4615,51.929995,972.3077,126.400001,7.2111,0.937443,4.0,10.0,643,0.0377,0.650785,0.635261,17.656854249492383,25.7405,64,16,13
542_z06,F,"ridge method, bridging off, single scale 3.0 px","pixel size 0.13 um/px, rounded, unconfirmed",36917,0.087277,3222,0.0,0,0.240783,8889,0,0.0365855,0.281427,8.3846,381.0,49.53,960.8462,124.910006,6.0,0.78,4.0,8.0,555,0.0325,0.706408,0.506603,18.55634918610405,30.0408,0,16,13
542_z06,G,"ridge method, bridging off, finer scales","pixel size 0.13 um/px, rounded, unconfirmed",37286,0.080191,2990,0.0,0,0.23419,8732,0,0.03695119,0.28424,9.3077,381.1538,49.549994,967.0769,125.719997,6.0,0.78,4.0,7.2111,514,0.0301,0.736004,0.474226,20.69238815542512,30.5739,0,16,13
542_z18,A,"current method, as is","pixel size 0.13 um/px, rounded, unconfirmed",34325,0.054159,1859,0.000612,21,0.214071,7348,0,0.03407276,0.262098,8.2727,357.0909,46.421817,968.7273,125.934549,6.0,0.78,4.0,8.0,395,0.0232,0.800303,0.299316,23.035533905932738,30.7951,14,12,11
542_z18,B,"current method, gap bridging off","pixel size 0.13 um/px, rounded, unconfirmed",34271,0.053048,1818,0.0,0,0.213913,7331,0,0.03401916,0.261686,8.3636,356.5455,46.350915,966.0,125.58,6.0,0.78,4.0,8.0,395,0.0232,0.802691,0.28425,22.742640687119287,31.1948,0,12,11
542_z18,C,"ridge method, as is","pixel size 0.13 um/px, rounded, unconfirmed",37646,0.123439,4647,0.000584,22,0.268926,10124,0,0.03736935,0.287457,8.5455,394.4545,51.279085,1052.2727,136.795451,8.0,1.04,4.0,10.0,777,0.0456,0.599796,0.657465,16.82842712474619,24.2408,12,12,11
542_z18,D,"ridge method, gap bridging off","pixel size 0.13 um/px, rounded, unconfirmed",37595,0.122436,4603,0.0,0,0.268839,10107,0,0.03731873,0.287067,8.5455,393.6364,51.172732,1050.2727,136.535451,8.0,1.04,4.0,10.0,775,0.0455,0.604851,0.646335,16.72792206135786,24.1062,0,12,11
542_z18,E,"ridge method, low cut 0.9 of the high cut","pixel size 0.13 um/px, rounded, unconfirmed",35567,0.095201,3386,0.004611,164,0.262181,9325,0,0.03530563,0.271582,8.0909,369.5455,48.040915,991.1818,128.853634,7.2111,0.937443,4.0,10.0,658,0.0386,0.648217,0.563949,17.65685424949238,25.6009,66,12,11
542_z18,F,"ridge method, bridging off, single scale 3.0 px","pixel size 0.13 um/px, rounded, unconfirmed",36693,0.089881,3298,0.0,0,0.250157,9179,0,0.03642336,0.28018,8.3636,372.0,48.36,1017.3636,132.257268,6.0,0.78,4.0,8.2462,645,0.0379,0.67827,0.507369,17.414213562373096,25.8066,0,12,11
542_z18,G,"ridge method, bridging off, finer scales","pixel size 0.13 um/px, rounded, unconfirmed",36978,0.083049,3071,0.0,0,0.246255,9106,0,0.03670626,0.282356,8.7273,373.6364,48.572732,1029.3636,133.817268,6.0,0.78,4.0,7.2111,573,0.0337,0.71471,0.338861,19.48528137423857,26.8865,0,12,11
543-2,A,"current method, as is","pixel size 0.13 um/px, rounded, unconfirmed",45785,0.075571,3460,0.00059,27,0.206006,9432,0,0.04470139,0.343857,7.5833,306.5833,39.855829,966.4167,125.634171,6.0,0.78,2.8284,8.0,681,0.0393,0.723182,0.407944,19.36396103067893,27.4088,21,12,12
543-2,B,"current method, gap bridging off","pixel size 0.13 um/px, rounded, unconfirmed",45718,0.074828,3421,0.0,0,0.205083,9376,0,0.04463598,0.343354,7.5833,306.5833,39.855829,965.4167,125.504171,6.0,0.78,2.8284,8.0,671,0.0388,0.728509,0.391039,19.313708498984763,27.309,0,12,12
543-2,C,"ridge method, as is","pixel size 0.13 um/px, rounded, unconfirmed",45069,0.104462,4708,0.000444,20,0.260068,11721,0,0.04400234,0.33848,6.9167,289.3333,37.613329,949.75,123.4675,7.2111,0.937443,4.0,10.0,998,0.0577,0.52304,0.8344,17.48528137423857,24.2457,10,12,12
543-2,D,"ridge method, gap bridging off","pixel size 0.13 um/px, rounded, unconfirmed",45028,0.103735,4671,0.0,0,0.259749,11696,0,0.04396231,0.338172,6.9167,288.8333,37.548329,948.9167,123.359171,7.2111,0.937443,4.0,10.0,995,0.0575,0.527607,0.828512,17.313708498984763,24.1881,0,12,12
543-2,E,"ridge method, low cut 0.9 of the high cut","pixel size 0.13 um/px, rounded, unconfirmed",42781,0.077628,3321,0.004348,186,0.252472,10801,0,0.04176849,0.321296,6.5833,270.5,35.165,901.4167,117.184171,7.2111,0.937443,4.0,8.9443,844,0.0488,0.57594,0.793162,17.899494936611667,25.7584,65,12,12
543-2,F,"ridge method, bridging off, single scale 3.0 px","pixel size 0.13 um/px, rounded, unconfirmed",44342,0.076677,3400,0.0,0,0.23551,10443,0,0.04329255,0.33302,7.0833,280.4167,36.454171,931.5,121.095,6.0,0.78,4.0,8.0,846,0.0489,0.602241,0.662318,18.72792206135786,25.7017,0,12,12
543-2,G,"ridge method, bridging off, finer scales","pixel size 0.13 um/px, rounded, unconfirmed",46005,0.074231,3415,0.0,0,0.227867,10483,0,0.04491619,0.345509,7.4167,294.4167,38.274171,969.9167,126.089171,5.6569,0.735397,4.0,6.3246,831,0.048,0.638445,0.622846,18.242640687119284,24.8453,0,12,12
543_3,A,"current method, as is","pixel size 0.13 um/px, rounded, unconfirmed",46420,0.076519,3552,0.000431,20,0.199698,9270,0,0.04513983,0.347229,6.8889,313.5556,40.762228,989.8889,128.685557,6.0,0.78,2.8284,8.0,698,0.0402,0.722462,0.257258,22.82842712474619,30.6592,14,10,9
543_3,B,"current method, gap bridging off","pixel size 0.13 um/px, rounded, unconfirmed",46371,0.07591,3520,0.0,0,0.199392,9246,0,0.04509219,0.346863,6.8889,313.4444,40.747772,988.6667,128.526671,6.0,0.78,2.8284,8.0,695,0.04,0.725039,0.246677,23.313708498984763,30.8709,0,10,9
543_3,C,"ridge method, as is","pixel size 0.13 um/px, rounded, unconfirmed",46163,0.112883,5211,0.00052,24,0.257067,11867,1,0.04488992,0.345307,7.1111,296.6667,38.566671,959.4444,124.727772,7.2111,0.937443,4.0,10.0,1031,0.0593,0.527473,0.795191,17.656854249492383,24.3754,13,10,9
543_3,D,"ridge method, gap bridging off","pixel size 0.13 um/px, rounded, unconfirmed",46104,0.111986,5163,0.0,0,0.257114,11854,1,0.04483255,0.344866,7.1111,296.6667,38.566671,958.7778,124.641114,7.2111,0.937443,4.0,10.0,1030,0.0593,0.532638,0.709418,18.142135623730955,24.1849,0,10,9
543_3,E,"ridge method, low cut 0.9 of the high cut","pixel size 0.13 um/px, rounded, unconfirmed",43458,0.083598,3633,0.002761,120,0.246882,10729,0,0.04225952,0.325073,6.5556,279.7778,36.371114,908.7778,118.141114,7.2111,0.937443,4.0,8.9443,849,0.0489,0.580629,0.655779,19.485281374238575,26.6498,48,10,9
543_3,F,"ridge method, bridging off, single scale 3.0 px","pixel size 0.13 um/px, rounded, unconfirmed",45377,0.084272,3824,0.0,0,0.244705,11104,0,0.0441256,0.339428,6.5556,289.8889,37.685557,946.0,122.98,6.0,0.78,4.0,8.0,886,0.051,0.601161,0.502963,18.985281374238575,25.8168,0,10,9
543_3,G,"ridge method, bridging off, finer scales","pixel size 0.13 um/px, rounded, unconfirmed",46934,0.078046,3663,0.0,0,0.234073,10986,0,0.04563966,0.351074,6.8889,308.4444,40.097772,979.5556,127.342228,5.6569,0.735397,4.0,6.3246,893,0.0514,0.630345,0.397399,19.89949493661167,25.4882,0,10,9
543_z13,A,"current method, as is","pixel size 0.13 um/px, rounded, unconfirmed",45033,0.071659,3227,0.000444,20,0.204761,9221,0,0.04380241,0.336942,6.7273,302.9091,39.378183,961.3636,124.977268,6.0,0.78,2.8284,8.0,643,0.037,0.728948,0.386413,18.65685424949238,26.8926,19,11,11
543_z13,B,"current method, gap bridging off","pixel size 0.13 um/px, rounded, unconfirmed",44985,0.070979,3193,0.0,0,0.204135,9183,0,0.04375573,0.336583,6.8182,302.9091,39.378183,960.3636,124.847268,6.0,0.78,2.8284,8.0,641,0.0369,0.732919,0.379156,18.48528137423857,26.5269,0,11,11
543_z13,C,"ridge method, as is","pixel size 0.13 um/px, rounded, unconfirmed",44112,0.098613,4350,0.000839,37,0.25374,11193,0,0.04290658,0.330051,6.3636,303.0909,39.401817,957.4545,124.469085,7.2111,0.937443,4.0,8.9443,904,0.052,0.563401,0.685067,17.571067811865476,25.0762,20,11,11
543_z13,D,"ridge method, gap bridging off","pixel size 0.13 um/px, rounded, unconfirmed",44036,0.097307,4285,0.0,0,0.253384,11158,0,0.04283266,0.329482,6.4545,302.0909,39.271817,955.2727,124.185451,7.2111,0.937443,4.0,8.9443,898,0.0517,0.572038,0.674017,17.48528137423857,24.8126,0,11,11
543_z13,E,"ridge method, low cut 0.9 of the high cut","pixel size 0.13 um/px, rounded, unconfirmed",41567,0.0721,2997,0.006038,251,0.250944,10431,0,0.04043113,0.311009,5.6364,278.4545,36.199085,899.6364,116.952732,6.3246,0.822198,4.0,8.4853,746,0.0429,0.614674,0.651844,18.65685424949238,26.8212,84,11,11
543_z13,F,"ridge method, bridging off, single scale 3.0 px","pixel size 0.13 um/px, rounded, unconfirmed",43505,0.073463,3196,0.0,0,0.242386,10545,0,0.04231617,0.325509,6.4545,290.6364,37.782732,939.8182,122.176366,6.0,0.78,4.0,8.0,752,0.0433,0.636888,0.528148,19.313708498984763,27.2838,0,11,11
543_z13,G,"ridge method, bridging off, finer scales","pixel size 0.13 um/px, rounded, unconfirmed",45937,0.077149,3544,0.0,0,0.243486,11185,0,0.04468171,0.343705,7.0,309.5455,40.240915,989.9091,128.688183,5.6569,0.735397,4.0,6.3246,839,0.0483,0.640851,0.519026,17.656854249492383,25.9847,0,11,11
682_z08,A,"current method, as is","pixel size 0.13 um/px, rounded, unconfirmed",35267,0.07412,2614,0.000851,30,0.244563,8625,0,0.03464652,0.266512,10.0,396.75,51.5775,982.0,127.66,6.0,0.78,2.8284,8.0,480,0.0279,0.777315,0.409921,17.414213562373096,25.4567,24,10,8
682_z08,B,"current method, gap bridging off","pixel size 0.13 um/px, rounded, unconfirmed",35185,0.072673,2557,0.0,0,0.243172,8556,0,0.03456596,0.265892,10.0,396.75,51.5775,981.25,127.5625,6.0,0.78,2.8284,8.0,478,0.0278,0.781279,0.410575,17.313708498984763,25.4469,0,10,8
682_z08,C,"ridge method, as is","pixel size 0.13 um/px, rounded, unconfirmed",37486,0.133917,5020,0.001147,43,0.272368,10210,1,0.03682647,0.283281,10.625,427.75,55.6075,1039.625,135.15125,7.2111,0.937443,4.0,10.0,784,0.0456,0.608652,0.695992,16.071067811865476,22.7178,22,10,8
682_z08,D,"ridge method, gap bridging off","pixel size 0.13 um/px, rounded, unconfirmed",37407,0.132355,4951,0.0,0,0.27265,10199,1,0.03674886,0.282684,10.625,427.5,55.575,1039.375,135.11875,7.2111,0.937443,4.0,10.0,779,0.0453,0.617417,0.688803,16.0,22.6957,0,10,8
682_z08,E,"ridge method, low cut 0.9 of the high cut","pixel size 0.13 um/px, rounded, unconfirmed",34758,0.09523,3310,0.007509,261,0.270182,9391,1,0.03414647,0.262665,10.625,396.5,51.545,969.875,126.08375,6.3246,0.822198,4.0,8.9443,645,0.0375,0.647059,0.642832,16.82842712474619,24.995,84,10,8
682_z08,F,"ridge method, bridging off, single scale 3.0 px","pixel size 0.13 um/px, rounded, unconfirmed",36777,0.105365,3875,0.0,0,0.26087,9594,0,0.03612995,0.277923,9.625,402.0,52.26,1008.625,131.12125,6.0,0.78,4.0,8.0,678,0.0394,0.6691,0.615281,16.449747468305834,24.8375,0,10,8
682_z08,G,"ridge method, bridging off, finer scales","pixel size 0.13 um/px, rounded, unconfirmed",38403,0.112986,4339,0.0,0,0.265656,10202,0,0.03772734,0.29021,10.25,411.25,53.4625,1044.75,135.8175,5.6569,0.735397,2.8284,7.2111,687,0.0399,0.687161,0.609607,16.414213562373096,23.522,0,10,8
682_z23,A,"current method, as is","pixel size 0.13 um/px, rounded, unconfirmed",39168,0.067938,2661,0.000664,26,0.228503,8950,0,0.03829817,0.294601,6.7273,283.3636,36.837268,795.1818,103.373634,6.0,0.78,4.0,8.0,481,0.0278,0.781448,0.306746,21.55634918610405,32.7335,19,14,11
682_z23,B,"current method, gap bridging off","pixel size 0.13 um/px, rounded, unconfirmed",39109,0.066839,2614,0.0,0,0.228464,8935,0,0.03824048,0.294158,6.7273,283.1818,36.813634,794.1818,103.243634,6.0,0.78,4.0,8.0,480,0.0278,0.784821,0.300997,22.106601717798213,32.1831,0,14,11
682_z23,C,"ridge method, as is","pixel size 0.13 um/px, rounded, unconfirmed",42402,0.136126,5772,0.000613,26,0.261403,11084,0,0.04146035,0.318926,6.8182,310.9091,40.418183,864.4545,112.379085,7.2111,0.937443,4.0,10.0,913,0.0528,0.583333,0.699742,16.72792206135786,23.2194,14,14,11
682_z23,D,"ridge method, gap bridging off","pixel size 0.13 um/px, rounded, unconfirmed",42338,0.134962,5714,0.0,0,0.261562,11074,0,0.04139777,0.318444,6.8182,310.0909,40.311817,863.4545,112.249085,7.2111,0.937443,4.0,10.0,910,0.0527,0.588448,0.690782,16.69238815542512,23.111,0,14,11
682_z23,E,"ridge method, low cut 0.9 of the high cut","pixel size 0.13 um/px, rounded, unconfirmed",39803,0.103836,4133,0.005628,224,0.255358,10164,0,0.03891907,0.299377,6.6364,292.3636,38.007268,815.3636,105.997268,6.3246,0.822198,4.0,8.9443,748,0.0433,0.630777,0.663281,17.65685424949238,26.3834,72,14,11
682_z23,F,"ridge method, bridging off, single scale 3.0 px","pixel size 0.13 um/px, rounded, unconfirmed",41574,0.107447,4467,0.0,0,0.25552,10623,0,0.04065074,0.312698,6.7273,296.5455,38.550915,843.0909,109.601817,6.0,0.78,4.0,8.0,769,0.0445,0.64137,0.621519,17.414213562373096,26.0309,0,14,11
682_z23,G,"ridge method, bridging off, finer scales","pixel size 0.13 um/px, rounded, unconfirmed",42818,0.107431,4600,0.0,0,0.248704,10649,0,0.04186711,0.322055,7.0,306.2727,39.815451,864.9091,112.438183,5.6569,0.735397,2.8284,7.2111,763,0.0441,0.664333,0.636572,17.82842712474619,26.6169,0,14,11
682_z29,A,"current method, as is","pixel size 0.13 um/px, rounded, unconfirmed",38368,0.070866,2719,0.000547,21,0.240278,9219,0,0.03748464,0.288343,5.5455,250.2727,32.535451,697.4545,90.669085,6.0,0.78,2.8284,8.0,485,0.028,0.775265,0.246415,21.19238815542512,38.2007,17,13,11
682_z29,B,"current method, gap bridging off","pixel size 0.13 um/px, rounded, unconfirmed",38295,0.069983,2680,0.0,0,0.240345,9204,0,0.03741332,0.287795,5.5455,249.3636,32.417268,696.0,90.48,6.0,0.78,2.8284,8.0,480,0.0277,0.779405,0.23272,21.19238815542512,37.6716,0,13,11
682_z29,C,"ridge method, as is","pixel size 0.13 um/px, rounded, unconfirmed",40480,0.124753,5050,0.00084,34,0.273542,11073,0,0.03954801,0.304215,5.3636,265.0,34.45,727.9091,94.628183,7.2111,0.937443,4.0,10.0,820,0.0474,0.595191,0.690966,17.82842712474619,24.9932,21,13,11
682_z29,D,"ridge method, gap bridging off","pixel size 0.13 um/px, rounded, unconfirmed",40390,0.123125,4973,0.0,0,0.273211,11035,0,0.03946008,0.303539,5.3636,264.6364,34.402732,726.1818,94.403634,7.2111,0.937443,4.0,10.0,816,0.0472,0.603764,0.684534,17.414213562373096,24.7661,0,13,11
682_z29,E,"ridge method, low cut 0.9 of the high cut","pixel size 0.13 um/px, rounded, unconfirmed",38066,0.092918,3537,0.005963,227,0.266563,10147,0,0.03718959,0.286074,5.1818,241.9091,31.448183,682.9091,88.778183,6.3246,0.822198,4.0,8.9443,683,0.0395,0.635593,0.46611,18.242640687119287,27.6423,81,13,11
682_z29,F,"ridge method, bridging off, single scale 3.0 px","pixel size 0.13 um/px, rounded, unconfirmed",39774,0.098859,3932,0.0,0,0.270001,10739,0,0.03885827,0.29891,5.2727,250.4545,32.559085,714.2727,92.855451,6.0,0.78,4.0,8.0,700,0.0405,0.657407,0.446956,18.242640687119284,29.3817,0,13,11
682_z29,G,"ridge method, bridging off, finer scales","pixel size 0.13 um/px, rounded, unconfirmed",40943,0.097501,3992,0.0,0,0.257065,10525,0,0.04000035,0.307695,5.6364,259.8182,33.776366,740.6364,96.282732,5.6569,0.735397,2.8284,7.2111,684,0.0395,0.685491,0.488386,18.778174593052025,30.3214,0,13,11
