variant,what,measure,mean_over_8_images,variant_A_mean,percent_change_from_A
A,"current method, as is",unsupported_fraction,0.067975,0.067975,0.0
A,"current method, as is",bridged_fraction,0.000607,0.000607,0.0
A,"current method, as is",straight_run_fraction,0.220954,0.220954,0.0
A,"current method, as is",rectangle_count,0.0,0.0,
A,"current method, as is",connected_to_lacuna_fraction,0.336034,0.336034,0.0
A,"current method, as is",junction_count,529.75,529.75,0.0
A,"current method, as is",thread_end_fraction,0.764109,0.764109,0.0
A,"current method, as is",width_median_px,6.040575,6.040575,0.0
A,"current method, as is",field_length_density_per_px,0.039099,0.039099,0.0
A,"current method, as is",roots_per_cell,7.54505,7.54505,0.0
A,"current method, as is",ring_length_r30_px_per_cell,321.498337,321.498337,0.0
A,"current method, as is",skeleton_px,39916.25,39916.25,0.0
A,"current method, as is",n_bridges,18.125,18.125,0.0
B,"current method, gap bridging off",unsupported_fraction,0.066991,0.067975,-1.45
B,"current method, gap bridging off",bridged_fraction,0.0,0.000607,-100.0
B,"current method, gap bridging off",straight_run_fraction,0.22028,0.220954,-0.31
B,"current method, gap bridging off",rectangle_count,0.0,0.0,
B,"current method, gap bridging off",connected_to_lacuna_fraction,0.328936,0.336034,-2.11
B,"current method, gap bridging off",junction_count,526.75,529.75,-0.57
B,"current method, gap bridging off",thread_end_fraction,0.767767,0.764109,0.48
B,"current method, gap bridging off",width_median_px,6.040575,6.040575,0.0
B,"current method, gap bridging off",field_length_density_per_px,0.039038,0.039099,-0.16
B,"current method, gap bridging off",roots_per_cell,7.577388,7.54505,0.43
B,"current method, gap bridging off",ring_length_r30_px_per_cell,321.2126,321.498337,-0.09
B,"current method, gap bridging off",skeleton_px,39853.75,39916.25,-0.16
B,"current method, gap bridging off",n_bridges,0.0,18.125,-100.0
C,"ridge method, as is",unsupported_fraction,0.121005,0.067975,78.01
C,"ridge method, as is",bridged_fraction,0.000729,0.000607,20.17
C,"ridge method, as is",straight_run_fraction,0.26353,0.220954,19.27
C,"ridge method, as is",rectangle_count,0.25,0.0,
C,"ridge method, as is",connected_to_lacuna_fraction,0.719078,0.336034,113.99
C,"ridge method, as is",junction_count,876.125,529.75,65.38
C,"ridge method, as is",thread_end_fraction,0.574983,0.764109,-24.75
C,"ridge method, as is",width_median_px,7.408325,6.040575,22.64
C,"ridge method, as is",field_length_density_per_px,0.040706,0.039099,4.11
C,"ridge method, as is",roots_per_cell,7.842963,7.54505,3.95
C,"ridge method, as is",ring_length_r30_px_per_cell,339.169787,321.498337,5.5
C,"ridge method, as is",skeleton_px,41543.875,39916.25,4.08
C,"ridge method, as is",n_bridges,16.25,18.125,-10.34
D,"ridge method, gap bridging off",unsupported_fraction,0.119826,0.067975,76.28
D,"ridge method, gap bridging off",bridged_fraction,0.0,0.000607,-100.0
D,"ridge method, gap bridging off",straight_run_fraction,0.263441,0.220954,19.23
D,"ridge method, gap bridging off",rectangle_count,0.25,0.0,
D,"ridge method, gap bridging off",connected_to_lacuna_fraction,0.703333,0.336034,109.3
D,"ridge method, gap bridging off",junction_count,871.625,529.75,64.54
D,"ridge method, gap bridging off",thread_end_fraction,0.581734,0.764109,-23.87
D,"ridge method, gap bridging off",width_median_px,7.408325,6.040575,22.64
D,"ridge method, gap bridging off",field_length_density_per_px,0.040641,0.039099,3.94
D,"ridge method, gap bridging off",roots_per_cell,7.844712,7.54505,3.97
D,"ridge method, gap bridging off",ring_length_r30_px_per_cell,338.38375,321.498337,5.25
D,"ridge method, gap bridging off",skeleton_px,41477.375,39916.25,3.91
D,"ridge method, gap bridging off",n_bridges,0.0,18.125,-100.0
E,"ridge method, low cut 0.9 of the high cut",unsupported_fraction,0.090401,0.067975,32.99
E,"ridge method, low cut 0.9 of the high cut",bridged_fraction,0.005179,0.000607,753.54
E,"ridge method, low cut 0.9 of the high cut",straight_run_fraction,0.257685,0.220954,16.62
E,"ridge method, low cut 0.9 of the high cut",rectangle_count,0.125,0.0,
E,"ridge method, low cut 0.9 of the high cut",connected_to_lacuna_fraction,0.634027,0.336034,88.68
E,"ridge method, low cut 0.9 of the high cut",junction_count,727.0,529.75,37.23
E,"ridge method, low cut 0.9 of the high cut",thread_end_fraction,0.622959,0.764109,-18.47
E,"ridge method, low cut 0.9 of the high cut",width_median_px,6.76785,6.040575,12.04
E,"ridge method, low cut 0.9 of the high cut",field_length_density_per_px,0.038304,0.039099,-2.04
E,"ridge method, low cut 0.9 of the high cut",roots_per_cell,7.404063,7.54505,-1.87
E,"ridge method, low cut 0.9 of the high cut",ring_length_r30_px_per_cell,316.064,321.498337,-1.69
E,"ridge method, low cut 0.9 of the high cut",skeleton_px,39092.25,39916.25,-2.06
E,"ridge method, low cut 0.9 of the high cut",n_bridges,70.5,18.125,288.97
F,"ridge method, bridging off, single scale 3.0 px",unsupported_fraction,0.090405,0.067975,33.0
F,"ridge method, bridging off, single scale 3.0 px",bridged_fraction,0.0,0.000607,-100.0
F,"ridge method, bridging off, single scale 3.0 px",straight_run_fraction,0.249991,0.220954,13.14
F,"ridge method, bridging off, single scale 3.0 px",rectangle_count,0.0,0.0,
F,"ridge method, bridging off, single scale 3.0 px",connected_to_lacuna_fraction,0.548895,0.336034,63.34
F,"ridge method, bridging off, single scale 3.0 px",junction_count,728.875,529.75,37.59
F,"ridge method, bridging off, single scale 3.0 px",thread_end_fraction,0.649106,0.764109,-15.05
F,"ridge method, bridging off, single scale 3.0 px",width_median_px,6.0,6.040575,-0.67
F,"ridge method, bridging off, single scale 3.0 px",field_length_density_per_px,0.039798,0.039099,1.79
F,"ridge method, bridging off, single scale 3.0 px",roots_per_cell,7.308325,7.54505,-3.14
F,"ridge method, bridging off, single scale 3.0 px",ring_length_r30_px_per_cell,320.36775,321.498337,-0.35
F,"ridge method, bridging off, single scale 3.0 px",skeleton_px,40619.875,39916.25,1.76
F,"ridge method, bridging off, single scale 3.0 px",n_bridges,0.0,18.125,-100.0
G,"ridge method, bridging off, finer scales",unsupported_fraction,0.088823,0.067975,30.67
G,"ridge method, bridging off, finer scales",bridged_fraction,0.0,0.000607,-100.0
G,"ridge method, bridging off, finer scales",straight_run_fraction,0.244662,0.220954,10.73
G,"ridge method, bridging off, finer scales",rectangle_count,0.0,0.0,
G,"ridge method, bridging off, finer scales",connected_to_lacuna_fraction,0.510865,0.336034,52.03
G,"ridge method, bridging off, finer scales",junction_count,723.0,529.75,36.48
G,"ridge method, bridging off, finer scales",thread_end_fraction,0.674667,0.764109,-11.71
G,"ridge method, bridging off, finer scales",width_median_px,5.742675,6.040575,-4.93
G,"ridge method, bridging off, finer scales",field_length_density_per_px,0.041061,0.039099,5.02
G,"ridge method, bridging off, finer scales",roots_per_cell,7.778375,7.54505,3.09
G,"ridge method, bridging off, finer scales",ring_length_r30_px_per_cell,330.567212,321.498337,2.82
G,"ridge method, bridging off, finer scales",skeleton_px,41913.0,39916.25,5.0
G,"ridge method, bridging off, finer scales",n_bridges,0.0,18.125,-100.0
