image,setting,lacuna_count,lacuna_count_pct,interior_count,interior_count_pct,median_area_px2,median_area_px2_pct,roots_per_cell,roots_per_cell_pct,ring30_per_cell_px,ring30_per_cell_px_pct,ring60_per_cell_px,ring60_per_cell_px_pct,field_density_per_px,field_density_per_px_pct,bridges,bridges_pct,skeleton_px,skeleton_px_pct
542_z06,hi1_lo1,16,0.0,13,0.0,3013.0,0.0,8.615384615384615,0.0,361.46153846153845,0.0,907.3846153846154,0.0,0.03465004,0.0,17,0.0,34964,0.0
542_z06,hi0.9_lo0.9,13,-18.75,11,-15.384615384615385,3345.0,11.018918021905078,9.181818181818182,6.574675324675328,381.1818181818182,5.455706243107822,970.9090909090909,7.00083233145288,0.0358522686829222,3.4696314432023674,14,-17.647058823529413,36265,3.7209701407161653
542_z06,hi1.1_lo1.1,16,0.0,13,0.0,2289.0,-24.029206770660473,7.6923076923076925,-10.714285714285708,310.46153846153845,-14.109384975526709,794.4615384615385,-12.444896575110207,0.033450686843835585,-3.4613326742607367,8,-52.94117647058823,33882,-3.094611600503375
543-2,hi1_lo1,12,0.0,12,0.0,2066.0,0.0,7.583333333333333,0.0,306.5833333333333,0.0,966.4166666666666,0.0,0.04470139,0.0,21,0.0,45785,0.0
543-2,hi0.9_lo0.9,12,0.0,12,0.0,2537.5,22.821878025169408,8.083333333333334,6.593406593406605,356.0,16.118510464800224,1059.5833333333333,9.64042424765025,0.04711313767961614,5.39524090775732,20,-4.761904761904762,48004,4.846565469040079
543-2,hi1.1_lo1.1,12,0.0,12,0.0,1666.0,-19.36108422071636,6.666666666666667,-12.08791208791208,265.4166666666667,-13.427561837455817,889.0833333333334,-8.00206950073294,0.04266720590465598,-4.550605910339743,22,4.761904761904762,43888,-4.143278366277165
682_z29,hi1_lo1,13,0.0,11,0.0,1624.0,0.0,5.545454545454546,0.0,250.27272727272728,0.0,697.4545454545455,0.0,0.03748464,0.0,17,0.0,38368,0.0
682_z29,hi0.9_lo0.9,13,0.0,11,0.0,1838.0,13.177339901477833,7.2727272727272725,31.147540983606543,295.27272727272725,17.980385034507798,801.0909090909091,14.859228362877994,0.039413735392651986,5.146362330415834,17,0.0,40200,4.774812343619683
682_z29,hi1.1_lo1.1,11,-15.384615384615385,9,-18.181818181818183,1480.0,-8.866995073891626,5.111111111111111,-7.832422586520962,242.66666666666666,-3.039108850950485,689.6666666666666,-1.1166145290232994,0.0357817789534869,-4.542823531219985,29,70.58823529411765,36751,-4.214449541284404
