image,setting,lacuna_count,lacuna_count_pct,interior_count,interior_count_pct,median_area_px2,median_area_px2_pct,roots_per_cell,roots_per_cell_pct,ring30_per_cell_px,ring30_per_cell_px_pct,ring60_per_cell_px,ring60_per_cell_px_pct,field_density_per_px,field_density_per_px_pct,bridges,bridges_pct,skeleton_px,skeleton_px_pct,mode,scale,t_hi,t_lo
542_z06,hi1_lo1,16,0.0,13,0.0,3013.0,0.0,8.615384615384615,0.0,361.46153846153845,0.0,907.3846153846154,0.0,0.03465004,0.0,17,0.0,34964,0.0,default,1.0,0.6467830882352941,0.107421875
542_z06,hi0.8_lo0.8,11,-31.25,9,-30.76923076923077,3595.0,19.31629605044806,11.222222222222221,30.257936507936503,450.3333333333333,24.586791515925373,1105.111111111111,21.79081421197393,0.03699790150828474,6.77592726670659,8,-52.94117647058823,37430,7.052968767875529,both,0.8,0.5174264705882353,0.0859375
542_z06,hi0.8_lo1,11,-31.25,9,-30.76923076923077,3595.0,19.31629605044806,10.444444444444445,21.230158730158738,417.6666666666667,15.549407675391935,1027.4444444444443,13.231415545759385,0.034367620559485765,-0.8150623794784515,17,0.0,34769,-0.557716508408649,t_hi only,0.8,0.5174264705882353,0.107421875
542_z06,hi1_lo0.8,16,0.0,13,0.0,3013.0,0.0,8.846153846153847,2.67857142857144,385.15384615384613,6.554586082145133,963.2307692307693,6.154628687690751,0.037240563256334354,7.476248963448105,8,-52.94117647058823,37578,7.476261297334401,t_lo only,0.8,0.6467830882352941,0.0859375
542_z06,hi0.9_lo0.9,13,-18.75,11,-15.384615384615385,3345.0,11.018918021905078,9.181818181818182,6.574675324675328,381.1818181818182,5.455706243107822,970.9090909090909,7.00083233145288,0.0358522686829222,3.4696314432023674,14,-17.647058823529413,36265,3.7209701407161653,both,0.9,0.5821047794117646,0.0966796875
542_z06,hi0.9_lo1,13,-18.75,11,-15.384615384615385,3345.0,11.018918021905078,9.272727272727273,7.6298701298701435,373.8181818181818,3.4185223161601126,944.6363636363636,4.1053978236073885,0.03464318762407169,-0.019775953875698124,17,0.0,35042,0.22308660336345956,t_hi only,0.9,0.5821047794117646,0.107421875
542_z06,hi1_lo0.9,16,0.0,13,0.0,3013.0,0.0,8.692307692307692,0.8928571428571397,370.0769230769231,2.3834858480527843,931.1538461538462,2.619532044760943,0.035862053929346195,3.497871660021735,14,-17.647058823529413,36187,3.4978835373527057,t_lo only,0.9,0.6467830882352941,0.0966796875
542_z06,hi1.1_lo1.1,16,0.0,13,0.0,2289.0,-24.029206770660473,7.6923076923076925,-10.714285714285708,310.46153846153845,-14.109384975526709,794.4615384615385,-12.444896575110207,0.033450686843835585,-3.4613326742607367,8,-52.94117647058823,33882,-3.094611600503375,both,1.1,0.7114613970588235,0.11816406250000001
542_z06,hi1.1_lo1,16,0.0,13,0.0,2289.0,-24.029206770660473,7.923076923076923,-8.03571428571428,325.0769230769231,-10.06597148329431,823.6153846153846,-9.231943031536108,0.03471340535139906,0.18287237590218774,17,0.0,35161,0.5634366777256606,t_hi only,1.1,0.7114613970588235,0.107421875
542_z06,hi1_lo1.1,16,0.0,13,0.0,3013.0,0.0,8.23076923076923,-4.464285714285719,346.9230769230769,-4.022132368589064,874.3846153846154,-3.636826042726348,0.033397386282890726,-3.6151580693969594,8,-52.94117647058823,33700,-3.6151470083514474,t_lo only,1.1,0.6467830882352941,0.11816406250000001
542_z06,hi1.2_lo1.2,16,0.0,13,0.0,2136.0,-29.107202124128776,7.076923076923077,-17.857142857142858,283.46153846153845,-21.579059374334964,750.0,-17.344862665310274,0.0325006794361271,-6.203053629585717,12,-29.41176470588235,33006,-5.6000457613545365,both,1.2,0.7761397058823528,0.12890625
542_z06,hi1.2_lo1,16,0.0,13,0.0,2136.0,-29.107202124128776,7.846153846153846,-8.928571428571429,303.0,-16.17365396892956,800.5384615384615,-11.775178026449641,0.034779252186996575,0.3729063140953793,18,5.882352941176471,35320,1.0181901384280976,t_hi only,1.2,0.7761397058823528,0.107421875
542_z06,hi1_lo1.2,16,0.0,13,0.0,3013.0,0.0,7.769230769230769,-9.821428571428568,339.9230769230769,-5.958714620131945,852.0769230769231,-6.0952865378094225,0.03238654551112371,-6.53244408628761,12,-29.41176470588235,32680,-6.532433360027457,t_lo only,1.2,0.6467830882352941,0.12890625
542_z06,hiV0.6001_lo1,14,-12.5,11,-15.384615384615385,3305.0,9.691337537338201,9.272727272727273,7.6298701298701435,374.72727272727275,3.6700265046721823,923.6363636363636,1.7910539782360757,0.03464462018017697,-0.0156415975941975,17,0.0,34999,0.10010296304770622,t_hi only,pooled,0.6001225490196078,0.107421875
542_z06,hi1_loV0.0642,16,0.0,13,0.0,3013.0,0.0,9.692307692307692,12.499999999999998,422.38461538461536,16.854649925516064,1050.6153846153845,15.785011868429969,0.04071706269492132,17.509424794087742,11,-35.294117647058826,41086,17.509438279373068,t_lo only,pooled,0.6467830882352941,0.0642295608430599
542_z06,hiV0.6001_loV0.0642,14,-12.5,11,-15.384615384615385,3305.0,9.691337537338201,11.272727272727273,30.844155844155857,441.3636363636364,22.105283522606364,1084.0,19.464225161071553,0.04073234880408304,17.553540498316995,12,-29.41176470588235,41149,17.68962361285894,both,pooled,0.6001225490196078,0.0642295608430599
542_z18,hi1_lo1,12,0.0,11,0.0,3684.0,0.0,8.272727272727273,0.0,357.09090909090907,0.0,968.7272727272727,0.0,0.03407276,0.0,14,0.0,34325,0.0,default,1.0,0.6385569852941176,0.095703125
542_z18,hi0.8_lo0.8,13,8.333333333333334,10,-9.090909090909092,4288.0,16.395222584147664,9.6,16.043956043956033,416.0,16.496945010183307,1101.2,13.674924924924927,0.03664720552032599,7.555729328431251,10,-28.571428571428573,36576,6.557902403495994,both,0.8,0.5108455882352941,0.0765625
542_z18,hi0.8_lo1,13,8.333333333333334,10,-9.090909090909092,4288.0,16.395222584147664,8.5,2.7472527472527393,381.9,6.94755600814664,1019.6,5.251501501501502,0.033856783730788924,-0.6338678440228402,14,0.0,33791,-1.5557174071376547,t_hi only,0.8,0.5108455882352941,0.095703125
542_z18,hi1_lo0.8,12,0.0,11,0.0,3684.0,0.0,9.272727272727273,12.087912087912088,392.54545454545456,9.928716904276998,1050.909090909091,8.48348348348349,0.0368750142693639,8.224324267725585,9,-35.714285714285715,37148,8.224326292789511,t_lo only,0.8,0.6385569852941176,0.0765625
542_z18,hi0.9_lo0.9,12,0.0,9,-18.181818181818183,4074.0,10.586319218241043,9.444444444444445,14.163614163614156,390.6666666666667,9.40257976917856,1065.0,9.93806306306306,0.03530293696032282,3.610441186222721,13,-7.142857142857143,35414,3.1726147123088126,both,0.9,0.5747012867647059,0.0861328125
542_z18,hi0.9_lo1,12,0.0,9,-18.181818181818183,4074.0,10.586319218241043,8.88888888888889,7.448107448107445,376.0,5.295315682281067,1030.3333333333333,6.359484484484474,0.03399206097616897,-0.2368432255885081,15,7.142857142857143,34099,-0.6584122359796067,t_hi only,0.9,0.5747012867647059,0.095703125
542_z18,hi1_lo0.9,12,0.0,11,0.0,3684.0,0.0,8.727272727272727,5.4945054945054785,372.54545454545456,4.327902240325877,1007.3636363636364,3.988363363363362,0.03541581670890399,3.941731485515075,13,-7.142857142857143,35678,3.9417334304442826,t_lo only,0.9,0.6385569852941176,0.0861328125
542_z18,hi1.1_lo1.1,12,0.0,11,0.0,3167.0,-14.033659066232357,6.7272727272727275,-18.681318681318686,313.09090909090907,-12.321792260692465,879.9090909090909,-9.16854354354355,0.03289512066092821,-3.456248742607856,3,-78.57142857142857,33267,-3.082301529497451,both,1.1,0.7024126838235295,0.10527343750000001
542_z18,hi1.1_lo1,12,0.0,11,0.0,3167.0,-14.033659066232357,7.363636363636363,-10.989010989011,328.27272727272725,-8.070264765784113,914.3636363636364,-5.611861861861863,0.03412125916513811,0.14233999575646933,14,0.0,34507,0.5302257829570284,t_hi only,1.1,0.7024126838235295,0.095703125
542_z18,hi1_lo1.1,12,0.0,11,0.0,3684.0,0.0,8.0,-3.296703296703304,341.0,-4.506109979633394,928.9090909090909,-4.110360360360366,0.03284782753277487,-3.5950491454908016,3,-78.57142857142857,33091,-3.595047341587764,t_lo only,1.1,0.6385569852941176,0.10527343750000001
542_z18,hi1.2_lo1.2,11,-8.333333333333334,10,-9.090909090909092,3135.0,-14.90228013029316,6.5,-21.428571428571434,312.4,-12.515274949083503,910.2,-6.041666666666664,0.03189874514987968,-6.3805070388202285,21,50.0,32383,-5.6576839038601605,both,1.2,0.7662683823529411,0.11484375
542_z18,hi1.2_lo1,11,-8.333333333333334,10,-9.090909090909092,3135.0,-14.90228013029316,7.3,-11.758241758241766,338.1,-5.3182281059063,975.9,0.7404279279279234,0.03417518649383706,0.3006110859145466,14,0.0,34694,1.0750182083029862,t_hi only,1.2,0.7662683823529411,0.095703125
542_z18,hi1_lo1.2,12,0.0,11,0.0,3684.0,0.0,7.7272727272727275,-6.593406593406598,330.27272727272725,-7.510183299389,900.8181818181819,-7.010135135135132,0.03184028636007635,-6.552077495112364,20,42.857142857142854,32076,-6.552075746540423,t_lo only,1.2,0.6385569852941176,0.11484375
542_z18,hiV0.6001_lo1,12,0.0,10,-9.090909090909092,4136.5,12.282844733984799,9.6,16.043956043956033,389.1,8.963849287169056,1041.3,7.491554054054047,0.03400855931461845,-0.18842232147190452,14,0.0,34202,-0.3583394027676621,t_hi only,pooled,0.6001225490196078,0.095703125
542_z18,hi1_loV0.0682,12,0.0,11,0.0,3684.0,0.0,9.818181818181818,18.681318681318675,404.54545454545456,13.28920570264767,1092.7272727272727,12.8003003003003,0.03847219037465642,12.911869700770998,17,21.428571428571427,38757,12.911871813546977,t_lo only,pooled,0.6385569852941176,0.06821237904834801
542_z18,hiV0.6001_loV0.0682,12,0.0,10,-9.090909090909092,4136.5,12.282844733984799,11.4,37.802197802197796,441.9,23.750000000000004,1174.3,21.220908408408402,0.03841350398930881,12.739631275273297,17,21.428571428571427,38632,12.547705753823744,both,pooled,0.6001225490196078,0.06821237904834801
543-2,hi1_lo1,12,0.0,12,0.0,2066.0,0.0,7.583333333333333,0.0,306.5833333333333,0.0,966.4166666666666,0.0,0.04470139,0.0,21,0.0,45785,0.0,default,1.0,0.5969362745098039,0.087890625
543-2,hi0.8_lo0.8,13,8.333333333333334,13,8.333333333333334,3078.0,48.98354307841239,10.23076923076923,34.911242603550285,427.15384615384613,39.32715829970519,1164.0,20.444942657583862,0.049952688265602244,11.747505537528571,14,-33.333333333333336,50521,10.343999126351425,both,0.8,0.47754901960784313,0.0703125
543-2,hi0.8_lo1,13,8.333333333333334,13,8.333333333333334,3078.0,48.98354307841239,9.461538461538462,24.767540152155544,380.6923076923077,24.17253852426454,1052.6923076923076,8.92737511690689,0.0446747355338316,-0.05962782403053562,21,0.0,45183,-1.3148411051654472,t_hi only,0.8,0.47754901960784313,0.087890625
543-2,hi1_lo0.8,12,0.0,12,0.0,2066.0,0.0,8.166666666666666,7.692307692307688,343.6666666666667,12.095678173416703,1064.25,10.123307752004834,0.04993551322393851,11.709083820298446,14,-33.333333333333336,51146,11.709075024571366,t_lo only,0.8,0.5969362745098039,0.0703125
543-2,hi0.9_lo0.9,12,0.0,12,0.0,2537.5,22.821878025169408,8.083333333333334,6.593406593406605,356.0,16.118510464800224,1059.5833333333333,9.64042424765025,0.04711313767961614,5.39524090775732,20,-4.761904761904762,48004,4.846565469040079,both,0.9,0.5372426470588235,0.0791015625
543-2,hi0.9_lo1,12,0.0,12,0.0,2537.5,22.821878025169408,7.916666666666667,4.395604395604404,340.75,11.144332699103025,1016.1666666666666,5.147883073208589,0.04475375131635897,0.11713576772213923,21,0.0,45600,-0.40406246587310257,t_hi only,0.9,0.5372426470588235,0.087890625
543-2,hi1_lo0.9,12,0.0,12,0.0,2066.0,0.0,7.666666666666667,1.0989010989011068,321.25,4.783908670834473,1007.5833333333334,4.259722341985004,0.0470670476967823,5.292134532689697,20,-4.761904761904762,48208,5.292126242219068,t_lo only,0.9,0.5969362745098039,0.0791015625
543-2,hi1.1_lo1.1,12,0.0,12,0.0,1666.0,-19.36108422071636,6.666666666666667,-12.08791208791208,265.4166666666667,-13.427561837455817,889.0833333333334,-8.00206950073294,0.04266720590465598,-4.550605910339743,22,4.761904761904762,43888,-4.143278366277165,both,1.1,0.6566299019607843,0.09667968750000001
543-2,hi1.1_lo1,12,0.0,12,0.0,1666.0,-19.36108422071636,6.916666666666667,-8.791208791208783,281.1666666666667,-8.290296276161989,926.5,-4.130378546175732,0.04462712859659425,-0.16612772758465078,22,4.761904761904762,45904,0.2599104510210768,t_hi only,1.1,0.6566299019607843,0.087890625
543-2,hi1_lo1.1,12,0.0,12,0.0,2066.0,0.0,7.166666666666667,-5.4945054945054865,290.3333333333333,-5.30035335689046,926.6666666666666,-4.1131327067345005,0.04273896475536519,-4.390076560560665,22,4.761904761904762,43775,-4.39008408867533,t_lo only,1.1,0.5969362745098039,0.09667968750000001
543-2,hi1.2_lo1.2,11,-8.333333333333334,11,-8.333333333333334,1471.0,-28.799612778315584,5.454545454545454,-28.071928071928074,241.36363636363637,-21.27307321653611,832.0909090909091,-13.89936268784246,0.040934336418035004,-8.42715088270185,25,19.047619047619047,42283,-7.648793272905974,both,1.2,0.7163235294117647,0.10546875
543-2,hi1.2_lo1,11,-8.333333333333334,11,-8.333333333333334,1471.0,-28.799612778315584,6.545454545454546,-13.686313686313678,272.1818181818182,-11.220934542489305,909.7272727272727,-5.865937115398178,0.04462184410235956,-0.17794949472587196,22,4.761904761904762,46092,0.670525281205635,t_hi only,1.2,0.7163235294117647,0.087890625
543-2,hi1_lo1.2,12,0.0,12,0.0,2066.0,0.0,6.583333333333333,-13.186813186813188,272.0,-11.280239195433536,888.5,-8.062429938777266,0.04100402151446779,-8.271260659975475,25,19.047619047619047,41998,-8.271267882494266,t_lo only,1.2,0.5969362745098039,0.10546875
543-2,hiV0.6001_lo1,12,0.0,12,0.0,2042.0,-1.1616650532429815,7.5,-1.098901098901095,304.25,-0.7610763794509317,961.9166666666666,-0.4656376649133397,0.044683772997063054,-0.03941041416597302,21,0.0,45780,-0.010920607185759528,t_hi only,pooled,0.6001225490196078,0.087890625
543-2,hi1_loV0.1393,12,0.0,12,0.0,2066.0,0.0,5.833333333333333,-23.076923076923077,232.33333333333334,-24.218537646099477,787.8333333333334,-18.478916961283083,0.036261973500377354,-18.879539315494767,16,-23.80952380952381,37141,-18.879545702741073,t_lo only,pooled,0.5969362745098039,0.13933345525750587
543-2,hiV0.6001_loV0.1393,12,0.0,12,0.0,2042.0,-1.1616650532429815,5.833333333333333,-23.076923076923077,231.08333333333334,-24.62625713509105,785.0833333333334,-18.763473312063457,0.03625359066033012,-18.898292289501246,16,-23.80952380952381,37143,-18.87517745986677,both,pooled,0.6001225490196078,0.13933345525750587
543_3,hi1_lo1,10,0.0,9,0.0,2174.0,0.0,6.888888888888889,0.0,313.55555555555554,0.0,989.8888888888889,0.0,0.04513983,0.0,14,0.0,46420,0.0,default,1.0,0.5798483455882353,0.083984375
543_3,hi0.8_lo0.8,14,40.0,13,44.44444444444444,2869.0,31.968721251149955,8.384615384615385,21.712158808933,388.53846153846155,23.91375456577442,1112.3076923076924,12.366923681324854,0.05040640921319453,11.66725531131715,17,21.428571428571427,50982,9.8276604911676,both,0.8,0.4638786764705882,0.0671875
543_3,hi0.8_lo1,14,40.0,13,44.44444444444444,2869.0,31.968721251149955,8.23076923076923,19.47890818858559,346.9230769230769,10.641661669301639,995.9230769230769,0.6095823583757091,0.04520678373651276,0.14832518534687003,14,0.0,45723,-1.5015079707022836,t_hi only,0.8,0.4638786764705882,0.083984375
543_3,hi1_lo0.8,10,0.0,9,0.0,2174.0,0.0,7.222222222222222,4.83870967741935,346.1111111111111,10.38270729978738,1105.111111111111,11.639914693007066,0.05029464389902369,11.419657315997181,17,21.428571428571427,51721,11.419646704006894,t_lo only,0.8,0.5798483455882353,0.0671875
543_3,hi0.9_lo0.9,12,20.0,11,22.22222222222222,2520.0,15.915363385464582,8.090909090909092,17.448680351906162,342.1818181818182,9.129566393917923,1036.090909090909,4.667394565250655,0.04744994207200729,5.117680044446982,17,21.428571428571427,48369,4.198621283929341,both,0.9,0.5218635110294118,0.0755859375
543_3,hi0.9_lo1,12,20.0,11,22.22222222222222,2520.0,15.915363385464582,7.7272727272727275,12.170087976539586,325.6363636363636,3.852844533213067,987.4545454545455,-0.2459208767436386,0.04516127133550265,0.047499814471278434,14,0.0,46036,-0.8272296423955192,t_hi only,0.9,0.5218635110294118,0.083984375
543_3,hi1_lo0.9,10,0.0,9,0.0,2174.0,0.0,6.888888888888889,0.0,327.55555555555554,4.4649184975194895,1042.3333333333333,5.298013245033102,0.047389046637364346,4.982776048036396,17,21.428571428571427,48733,4.98276604911676,t_lo only,0.9,0.5798483455882353,0.0755859375
543_3,hi1.1_lo1.1,9,-10.0,9,0.0,1816.0,-16.467341306347745,5.0,-27.41935483870968,261.77777777777777,-16.513111268603826,882.4444444444445,-10.854192389718262,0.04302618189352768,-4.6824458720210504,26,85.71428571428571,44438,-4.269711331322705,both,1.1,0.6378331801470588,0.09238281250000001
543_3,hi1.1_lo1,9,-10.0,9,0.0,1816.0,-16.467341306347745,5.111111111111111,-25.806451612903235,274.6666666666667,-12.402551381998574,931.2222222222222,-5.926591087664168,0.04506236850233295,-0.17160343241666473,14,0.0,46541,0.26066350710900477,t_hi only,1.1,0.6378331801470588,0.083984375
543_3,hi1_lo1.1,10,0.0,9,0.0,2174.0,0.0,6.777777777777778,-1.6129032258064586,299.44444444444446,-4.500354358610906,938.0,-5.241890223369628,0.04310455482515851,-4.508823304920492,26,85.71428571428571,44327,-4.508832399827661,t_lo only,1.1,0.5798483455882353,0.09238281250000001
543_3,hi1.2_lo1.2,8,-20.0,8,-11.11111111111111,1498.0,-31.09475620975161,3.375,-51.00806451612903,243.0,-22.50177179305457,826.125,-16.543663710854194,0.041390685359607625,-8.305624191301504,18,28.571428571428573,42912,-7.557087462300732,both,1.2,0.6958180147058823,0.10078125
543_3,hi1.2_lo1,8,-20.0,8,-11.11111111111111,1498.0,-31.09475620975161,4.5,-34.67741935483871,266.25,-15.086817859673989,898.125,-9.270120103266361,0.0450472869675092,-0.20501413605412827,15,7.142857142857143,46703,0.6096510124946144,t_hi only,1.2,0.6958180147058823,0.083984375
543_3,hi1_lo1.2,10,0.0,9,0.0,2174.0,0.0,6.555555555555555,-4.838709677419363,290.55555555555554,-7.335223245924876,912.0,-7.8684476372207905,0.041478665058928776,-8.110719382574596,18,28.571428571428573,42655,-8.110728134424816,t_lo only,1.2,0.5798483455882353,0.10078125
543_3,hiV0.6001_lo1,10,0.0,9,0.0,2038.0,-6.255749770009199,6.111111111111111,-11.290322580645173,295.8888888888889,-5.634301913536487,969.7777777777778,-2.031653384218204,0.04509974317770258,-0.08880587786311853,14,0.0,46448,0.06031882809133994,t_hi only,pooled,0.6001225490196078,0.083984375
543_3,hi1_loV0.1348,10,0.0,9,0.0,2174.0,0.0,4.555555555555555,-33.870967741935495,236.77777777777777,-24.486180014174344,783.1111111111111,-20.888988663149625,0.036275234353728265,-19.638079377507033,23,64.28571428571429,37304,-19.63808703145196,t_lo only,pooled,0.5798483455882353,0.13480415609024532
543_3,hiV0.6001_loV0.1348,10,0.0,9,0.0,2038.0,-6.255749770009199,4.111111111111111,-40.322580645161295,222.33333333333334,-29.09284195605953,765.5555555555555,-22.662476147715793,0.03624252957825798,-19.710531523362008,23,64.28571428571429,37326,-19.59069366652305,both,pooled,0.6001225490196078,0.13480415609024532
543_z13,hi1_lo1,11,0.0,11,0.0,1736.0,0.0,6.7272727272727275,0.0,302.90909090909093,0.0,961.3636363636364,0.0,0.04380241,0.0,19,0.0,45033,0.0,default,1.0,0.6033088235294118,0.072265625
543_z13,hi0.8_lo0.8,14,27.272727272727273,14,27.272727272727273,2390.0,37.672811059907836,8.428571428571429,25.28957528957529,385.57142857142856,27.289487223460796,1094.0,13.796690307328603,0.04812625759478967,9.871255017223179,15,-21.05263157894737,48888,8.560389048031444,both,0.8,0.4826470588235295,0.0578125
543_z13,hi0.8_lo1,14,27.272727272727273,14,27.272727272727273,2390.0,37.672811059907836,7.928571428571429,17.857142857142858,346.57142857142856,14.41433716343679,996.5714285714286,3.662276258020936,0.043635339840996705,-0.38141773250214994,18,-5.2631578947368425,44326,-1.5699598072524592,t_hi only,0.8,0.4826470588235295,0.072265625
543_z13,hi1_lo0.8,11,0.0,11,0.0,1736.0,0.0,7.363636363636363,9.45945945945945,336.0,10.92436974789915,1051.5454545454545,9.380614657210396,0.04827768667067408,10.21696447906423,12,-36.8421052631579,49634,10.216952012968267,t_lo only,0.8,0.6033088235294118,0.0578125
543_z13,hi0.9_lo0.9,12,9.090909090909092,12,9.090909090909092,2106.0,21.31336405529954,7.333333333333333,9.009009009009,347.8333333333333,14.830932372949166,1023.8333333333334,6.498029944838458,0.04585052369754598,4.675801394366163,16,-15.789473684210526,46932,4.216907601092532,both,0.9,0.5429779411764707,0.06503906250000001
543_z13,hi0.9_lo1,12,9.090909090909092,12,9.090909090909092,2106.0,21.31336405529954,7.083333333333333,5.292792792792785,330.0,8.943577430972379,979.0,1.834515366430259,0.043785237600712006,-0.0392042339405397,18,-5.2631578947368425,44818,-0.4774276641573957,t_hi only,0.9,0.5429779411764707,0.072265625
543_z13,hi1_lo0.9,11,0.0,11,0.0,1736.0,0.0,7.363636363636363,9.45945945945945,316.1818181818182,4.381752701080425,1004.6363636363636,4.501182033096924,0.04585864716650423,4.694347106709949,16,-15.789473684210526,47147,4.6943352652499275,t_lo only,0.9,0.6033088235294118,0.06503906250000001
543_z13,hi1.1_lo1.1,11,0.0,11,0.0,1333.0,-23.214285714285715,5.454545454545454,-18.918918918918926,257.90909090909093,-14.855942376950779,874.8181818181819,-9.002364066193849,0.042046185688483034,-4.009423936986494,14,-26.31578947368421,43392,-3.6439944041036574,both,1.1,0.6636397058823531,0.0794921875
543_z13,hi1.1_lo1,11,0.0,11,0.0,1333.0,-23.214285714285715,6.0,-10.810810810810814,268.27272727272725,-11.434573829531828,910.2727272727273,-5.314420803782508,0.043726405221664946,-0.17351734376043168,19,0.0,45126,0.20651522217040838,t_hi only,1.1,0.6636397058823531,0.072265625
543_z13,hi1_lo1.1,11,0.0,11,0.0,1736.0,0.0,6.454545454545454,-4.054054054054063,291.09090909090907,-3.9015606242497167,924.3636363636364,-3.8486997635933804,0.04211288072880495,-3.8571605333931345,14,-26.31578947368421,43296,-3.8571714076344015,t_lo only,1.1,0.6033088235294118,0.0794921875
543_z13,hi1.2_lo1.2,10,-9.090909090909092,10,-9.090909090909092,1191.5,-31.36520737327189,4.5,-33.10810810810811,238.5,-21.26350540216087,831.0,-13.560283687943263,0.04038845271168016,-7.793994185068452,25,31.57894736842105,41797,-7.1858414940154995,both,1.2,0.7239705882352941,0.08671875
543_z13,hi1.2_lo1,10,-9.090909090909092,10,-9.090909090909092,1191.5,-31.36520737327189,5.5,-18.243243243243246,258.8,-14.561824729891958,901.7,-6.206146572104014,0.04373088537262954,-0.1632892513687205,18,-5.2631578947368425,45256,0.4951924144516244,t_hi only,1.2,0.7239705882352941,0.072265625
543_z13,hi1_lo1.2,11,0.0,11,0.0,1736.0,0.0,6.363636363636363,-5.405405405405413,279.3636363636364,-7.7731092436974825,887.5454545454545,-7.67848699763594,0.040481706925631314,-7.581096735016831,25,31.57894736842105,41619,-7.581107188062088,t_lo only,1.2,0.6033088235294118,0.08671875
543_z13,hiV0.6001_lo1,11,0.0,11,0.0,1736.0,0.0,6.7272727272727275,0.0,302.90909090909093,0.0,961.3636363636364,0.0,0.04380241495427461,1.131050690730278e-05,19,0.0,45033,0.0,t_hi only,pooled,0.6001225490196078,0.072265625
543_z13,hi1_loV0.1110,11,0.0,11,0.0,1736.0,0.0,5.0,-25.675675675675677,242.0909090909091,-20.078031212484998,788.0909090909091,-18.023640661938533,0.03616984439166068,-17.424990105200415,21,10.526315789473685,37186,-17.424999444851554,t_lo only,pooled,0.6033088235294118,0.11104697397219501
543_z13,hiV0.6001_loV0.1110,11,0.0,11,0.0,1736.0,0.0,5.0,-25.675675675675677,242.0909090909091,-20.078031212484998,788.0909090909091,-18.023640661938533,0.03616984439166068,-17.424990105200415,21,10.526315789473685,37186,-17.424999444851554,both,pooled,0.6001225490196078,0.11104697397219501
682_z08,hi1_lo1,10,0.0,8,0.0,2671.5,0.0,10.0,0.0,396.75,0.0,982.0,0.0,0.03464652,0.0,24,0.0,35267,0.0,default,1.0,0.6252833946078431,0.083984375
682_z08,hi0.8_lo0.8,15,50.0,10,25.0,2580.5,-3.40632603406326,10.1,0.9999999999999964,415.8,4.801512287334597,1010.3,2.8818737270875716,0.03836312050533147,10.727197148029504,17,-29.166666666666668,38590,9.422406215442198,both,0.8,0.5002267156862745,0.0671875
682_z08,hi0.8_lo1,15,50.0,10,25.0,2580.5,-3.40632603406326,9.4,-5.9999999999999964,385.1,-2.9363579080025146,915.4,-6.782077393075358,0.034215648653861064,-1.2436208489018126,24,0.0,34418,-2.407349646978762,t_hi only,0.8,0.5002267156862745,0.083984375
682_z08,hi1_lo0.8,10,0.0,8,0.0,2671.5,0.0,10.75,7.5,421.0,6.112161310649023,1075.75,9.546843177189409,0.03880602293525256,12.005543227003919,18,-25.0,39501,12.005557603425299,t_lo only,0.8,0.6252833946078431,0.0671875
682_z08,hi0.9_lo0.9,12,20.0,9,12.5,2724.0,1.965188096574958,10.222222222222221,2.2222222222222143,417.1111111111111,5.131975075264294,1007.3333333333334,2.5797691785471866,0.03645657458476255,5.2243474518149275,18,-25.0,36923,4.695607791986843,both,0.9,0.5627550551470588,0.0755859375
682_z08,hi0.9_lo1,12,20.0,9,12.5,2724.0,1.965188096574958,9.88888888888889,-1.1111111111111072,404.55555555555554,1.967373801022191,964.0,-1.8329938900203666,0.03446604146549052,-0.5209138883486223,24,0.0,34907,-1.0207843026058354,t_hi only,0.9,0.5627550551470588,0.083984375
682_z08,hi1_lo0.9,10,0.0,8,0.0,2671.5,0.0,10.25,2.5,408.5,2.9615626969124134,1022.5,4.124236252545825,0.03661820457427923,5.690858921124631,19,-20.833333333333332,37274,5.690872487027533,t_lo only,0.9,0.6252833946078431,0.0755859375
682_z08,hi1.1_lo1.1,10,0.0,8,0.0,2516.5,-5.801983904173685,10.0,0.0,372.75,-6.049149338374291,930.25,-5.2698574338085535,0.033014711863675876,-4.709876017343514,23,-4.166666666666667,33686,-4.482944395610628,both,1.1,0.6878117340686275,0.09238281250000001
682_z08,hi1.1_lo1,10,0.0,8,0.0,2516.5,-5.801983904173685,10.125,1.25,388.375,-2.1109010712035285,967.5,-1.4765784114052953,0.034709256683847334,0.18107643667339077,24,0.0,35415,0.4196557688490657,t_hi only,1.1,0.6878117340686275,0.083984375
682_z08,hi1_lo1.1,10,0.0,8,0.0,2671.5,0.0,9.75,-2.5,383.375,-3.3711405166981727,946.875,-3.5768839103869654,0.03298035482543135,-4.809040488247156,23,-4.166666666666667,33571,-4.809028270054158,t_lo only,1.1,0.6252833946078431,0.09238281250000001
682_z08,hi1.2_lo1.2,9,-10.0,8,0.0,2380.5,-10.892756878158337,8.5,-15.0,345.75,-12.854442344045369,875.5,-10.84521384928717,0.031467717871856996,-9.17495358305251,23,-4.166666666666667,32186,-8.736212323134943,both,1.2,0.7503400735294117,0.10078125
682_z08,hi1.2_lo1,9,-10.0,8,0.0,2380.5,-10.892756878158337,9.125,-8.75,368.5,-7.120352867044739,938.5,-4.429735234215886,0.03478890837737797,0.4109745434114866,24,0.0,35583,0.896021776731789,t_hi only,1.2,0.7503400735294117,0.083984375
682_z08,hi1_lo1.2,10,0.0,8,0.0,2671.5,0.0,9.625,-3.75,375.625,-5.324511657214871,918.0,-6.517311608961304,0.03135447274756388,-9.501812165943708,23,-4.166666666666667,31916,-9.50180055008932,t_lo only,1.2,0.6252833946078431,0.10078125
682_z08,hiV0.6001_lo1,11,10.0,8,0.0,2740.5,2.5828186412128016,9.75,-2.5,403.875,1.7958412098298677,988.0,0.6109979633401222,0.03462896344343336,-0.05067336219234111,24,0.0,35193,-0.20982788442453285,t_hi only,pooled,0.6001225490196078,0.083984375
682_z08,hi1_loV0.0783,10,0.0,8,0.0,2671.5,0.0,10.0,0.0,405.5,2.205419029615627,1013.75,3.2331975560081467,0.03593543234218383,3.7201783676508726,21,-12.5,36579,3.720191680607934,t_lo only,pooled,0.6252833946078431,0.07831592737046279
682_z08,hiV0.6001_loV0.0783,11,10.0,8,0.0,2740.5,2.5828186412128016,9.75,-2.5,413.5,4.221802142407057,1020.875,3.958757637474542,0.03592485594634592,3.6896517928666914,21,-12.5,36510,3.5245413559418153,both,pooled,0.6001225490196078,0.07831592737046279
682_z23,hi1_lo1,14,0.0,11,0.0,1519.0,0.0,6.7272727272727275,0.0,283.3636363636364,0.0,795.1818181818181,0.0,0.03829817,0.0,19,0.0,39168,0.0,default,1.0,0.5421262254901961,0.080078125
682_z23,hi0.8_lo0.8,16,14.285714285714286,11,0.0,1942.0,27.847267939433838,8.545454545454545,27.027027027027017,343.1818181818182,21.110041706769326,880.1818181818181,10.689379215731108,0.04246455614787573,10.87881261134862,18,-5.2631578947368425,43047,9.903492647058824,both,0.8,0.4337009803921569,0.06406250000000001
682_z23,hi0.8_lo1,16,14.285714285714286,11,0.0,1942.0,27.847267939433838,7.636363636363637,13.513513513513514,311.6363636363636,9.977542508822578,801.0,0.7316794329484461,0.03813395467764147,-0.42878112024290205,20,5.2631578947368425,38657,-1.3046364379084967,t_hi only,0.8,0.4337009803921569,0.080078125
682_z23,hi1_lo0.8,14,0.0,11,0.0,1519.0,0.0,6.909090909090909,2.7027027027027004,315.45454545454544,11.324991979467427,882.8181818181819,11.020921458785883,0.04264837021566189,11.35876783580492,18,-5.2631578947368425,43617,11.358762254901961,t_lo only,0.8,0.5421262254901961,0.06406250000000001
682_z23,hi0.9_lo0.9,16,14.285714285714286,11,0.0,1725.0,13.561553653719553,7.363636363636363,9.45945945945945,318.90909090909093,12.544112929098496,861.4545454545455,8.334286040928331,0.0402291061442638,5.041849634757492,26,36.8421052631579,40962,4.580269607843137,both,0.9,0.48791360294117647,0.0720703125
682_z23,hi0.9_lo1,16,14.285714285714286,11,0.0,1725.0,13.561553653719553,7.2727272727272725,8.1081081081081,299.45454545454544,5.678537054860433,817.0,2.743797873556655,0.0381971247807444,-0.26383824411349366,19,0.0,38893,-0.7021037581699346,t_hi only,0.9,0.48791360294117647,0.080078125
682_z23,hi1_lo0.9,14,0.0,11,0.0,1519.0,0.0,6.818181818181818,1.3513513513513502,299.1818181818182,5.5822906641000944,837.0909090909091,5.270378415456738,0.040311446428711116,5.256847595357994,27,42.10526315789474,41227,5.256842320261438,t_lo only,0.9,0.5421262254901961,0.0720703125
682_z23,hi1.1_lo1.1,13,-7.142857142857143,11,0.0,1359.0,-10.533245556287032,5.818181818181818,-13.513513513513514,259.3636363636364,-8.46968238691049,737.0909090909091,-7.305361838344566,0.03669209638206571,-4.193604075427851,21,10.526315789473685,37640,-3.901143790849673,both,1.1,0.5963388480392158,0.0880859375
682_z23,hi1.1_lo1,13,-7.142857142857143,11,0.0,1359.0,-10.533245556287032,6.090909090909091,-9.459459459459463,271.45454545454544,-4.202759063201806,773.3636363636364,-2.74379787355664,0.038399000228107084,0.2632768826998391,20,5.2631578947368425,39391,0.5693423202614379,t_hi only,1.1,0.5963388480392158,0.080078125
682_z23,hi1_lo1.1,14,0.0,11,0.0,1519.0,0.0,6.2727272727272725,-6.756756756756764,271.54545454545456,-4.1706769329483455,759.5454545454545,-4.481536526809191,0.036609524480010015,-4.4092068106386915,20,5.2631578947368425,37441,-4.40921160130719,t_lo only,1.1,0.5421262254901961,0.0880859375
682_z23,hi1.2_lo1.2,12,-14.285714285714286,11,0.0,1206.0,-20.605661619486504,5.636363636363637,-16.216216216216214,232.9090909090909,-17.805582290664105,686.5454545454545,-13.661826912084143,0.035004535374462485,-8.599979125732416,23,21.05263157894737,36005,-8.07546977124183,both,1.2,0.6505514705882353,0.09609374999999999
682_z23,hi1.2_lo1,12,-14.285714285714286,11,0.0,1206.0,-20.605661619486504,6.0,-10.810810810810814,254.63636363636363,-10.137953160089836,754.2727272727273,-5.144621012918711,0.03841603140637441,0.3077468358786077,19,0.0,39514,0.8833741830065359,t_hi only,1.2,0.6505514705882353,0.080078125
682_z23,hi1_lo1.2,14,0.0,11,0.0,1519.0,0.0,6.090909090909091,-9.459459459459463,261.09090909090907,-7.860121912094975,722.2727272727273,-9.16885789413513,0.03492381041779113,-8.81075931881046,23,21.05263157894737,35717,-8.81076388888889,t_lo only,1.2,0.5421262254901961,0.09609374999999999
682_z23,hiV0.6001_lo1,13,-7.142857142857143,11,0.0,1349.0,-11.19157340355497,6.2727272727272725,-6.756756756756764,273.90909090909093,-3.3365415463586725,779.9090909090909,-1.920658511489651,0.03836967161012818,0.18669719761591413,20,5.2631578947368425,39357,0.48253676470588236,t_hi only,pooled,0.6001225490196078,0.080078125
682_z23,hi1_loV0.0785,14,0.0,11,0.0,1519.0,0.0,6.818181818181818,1.3513513513513502,286.3636363636364,1.0587102983638113,804.5454545454545,1.1775465874013962,0.03868048873974296,0.998268950560721,17,-10.526315789473685,39559,0.9982638888888888,t_lo only,pooled,0.5421262254901961,0.07850368191657084
682_z23,hiV0.6001_loV0.0785,13,-7.142857142857143,11,0.0,1349.0,-11.19157340355497,6.363636363636363,-5.405405405405413,276.6363636363636,-2.3740776387552205,788.7272727272727,-0.811706870927166,0.03875476245257046,1.1922043600789776,18,-5.2631578947368425,39752,1.4910130718954249,both,pooled,0.6001225490196078,0.07850368191657084
682_z29,hi1_lo1,13,0.0,11,0.0,1624.0,0.0,5.545454545454546,0.0,250.27272727272728,0.0,697.4545454545455,0.0,0.03748464,0.0,17,0.0,38368,0.0,default,1.0,0.5234375,0.068359375
682_z29,hi0.8_lo0.8,15,15.384615384615385,10,-9.090909090909092,2146.5,32.173645320197046,8.2,47.86885245901637,319.9,27.820559389756614,832.5,19.362617309697594,0.04124080781635476,10.02055192834921,18,5.882352941176471,41775,8.879795663052544,both,0.8,0.41875,0.0546875
682_z29,hi0.8_lo1,15,15.384615384615385,10,-9.090909090909092,2146.5,32.173645320197046,7.0,26.2295081967213,282.3,12.79694878314566,744.7,6.773983315954119,0.037173491761216954,-0.8300686328668119,18,5.882352941176471,37655,-1.8583194328607173,t_hi only,0.8,0.41875,0.068359375
682_z29,hi1_lo0.8,13,0.0,11,0.0,1624.0,0.0,5.7272727272727275,3.278688524590161,280.72727272727275,12.168543407192159,776.0909090909091,11.274765380604794,0.041560583294091444,10.873635958865936,17,0.0,42540,10.873644703919933,t_lo only,0.8,0.5234375,0.0546875
682_z29,hi0.9_lo0.9,13,0.0,11,0.0,1838.0,13.177339901477833,7.2727272727272725,31.147540983606543,295.27272727272725,17.980385034507798,801.0909090909091,14.859228362877994,0.039413735392651986,5.146362330415834,17,0.0,40200,4.774812343619683,both,0.9,0.47109375000000003,0.0615234375
682_z29,hi0.9_lo1,13,0.0,11,0.0,1838.0,13.177339901477833,6.636363636363637,19.67213114754098,276.6363636363636,10.533962949509618,754.2727272727273,8.146506777893629,0.037465598770134584,-0.05079741959750924,17,0.0,38213,-0.40398248540450377,t_hi only,0.9,0.47109375000000003,0.068359375
682_z29,hi1_lo0.9,13,0.0,11,0.0,1624.0,0.0,5.818181818181818,4.918032786885242,266.09090909090907,6.320377769705761,739.1818181818181,5.982794577685074,0.03941807367575711,5.157935825866564,16,-5.882352941176471,40347,5.157944120100083,t_lo only,0.9,0.5234375,0.0615234375
682_z29,hi1.1_lo1.1,11,-15.384615384615385,9,-18.181818181818183,1480.0,-8.866995073891626,5.111111111111111,-7.832422586520962,242.66666666666666,-3.039108850950485,689.6666666666666,-1.1166145290232994,0.0357817789534869,-4.542823531219985,29,70.58823529411765,36751,-4.214449541284404,both,1.1,0.57578125,0.0751953125
682_z29,hi1.1_lo1,11,-15.384615384615385,9,-18.181818181818183,1480.0,-8.866995073891626,5.111111111111111,-7.832422586520962,254.66666666666666,1.7556604915849308,719.5555555555555,3.1688101031166647,0.03752457192039233,0.106528755224358,17,0.0,38541,0.45089658048373643,t_hi only,1.1,0.57578125,0.068359375
682_z29,hi1_lo1.1,13,0.0,11,0.0,1624.0,0.0,5.2727272727272725,-4.918032786885258,238.9090909090909,-4.54050127134036,669.0909090909091,-4.0667361835245055,0.03573291805315925,-4.673172656428738,29,70.58823529411765,36575,-4.673165137614679,t_lo only,1.1,0.5234375,0.0751953125
682_z29,hi1.2_lo1.2,11,-15.384615384615385,9,-18.181818181818183,1337.0,-17.67241379310345,4.555555555555555,-17.85063752276868,205.33333333333334,-17.956169027727327,632.0,-9.384775808133478,0.03418011031917228,-8.815690055520665,23,35.294117647058826,35209,-8.233423686405338,both,1.2,0.6281249999999999,0.08203125
682_z29,hi1.2_lo1,11,-15.384615384615385,9,-18.181818181818183,1337.0,-17.67241379310345,4.666666666666667,-15.846994535519126,230.55555555555554,-7.878274205916785,692.2222222222222,-0.7502027575020407,0.03754288410273934,0.155381251465517,17,0.0,38673,0.7949332777314428,t_hi only,1.2,0.6281249999999999,0.068359375
682_z29,hi1_lo1.2,13,0.0,11,0.0,1624.0,0.0,5.090909090909091,-8.196721311475418,224.0,-10.497638939338906,637.5454545454545,-8.589676746611065,0.034116998806134634,-8.984056386470208,23,35.294117647058826,34921,-8.984049207673062,t_lo only,1.2,0.5234375,0.08203125
682_z29,hiV0.6001_lo1,10,-23.076923076923077,8,-27.272727272727273,1682.5,3.602216748768473,5.5,-0.8196721311475482,249.875,-0.15891754449691556,723.75,3.77020333680917,0.03754512284588514,0.16135367949416163,17,0.0,38639,0.7063177648040033,t_hi only,pooled,0.6001225490196078,0.068359375
682_z29,hi1_loV0.0698,13,0.0,11,0.0,1624.0,0.0,5.545454545454546,0.0,249.63636363636363,-0.25426807119506717,694.0,-0.49530761209593915,0.03718568221296917,-0.7975474408473228,22,29.41176470588235,38062,-0.7975396163469558,t_lo only,pooled,0.5234375,0.0697584262162706
682_z29,hiV0.6001_loV0.0698,10,-23.076923076923077,8,-27.272727272727273,1682.5,3.602216748768473,5.5,-0.8196721311475482,250.25,-0.009081002542683809,720.375,3.286300834202288,0.037253615900732166,-0.6163167080378346,22,29.41176470588235,38339,-0.07558381984987489,both,pooled,0.6001225490196078,0.0697584262162706
