image_label,method,pixel_size_label,lacuna_count,interior_lacuna_count,n_bridges,field_length_density_per_px,field_length_density_um_per_um2,total_skeleton_length_px,total_skeleton_length_um,roots_per_cell,ring_length_r30_px_per_cell,ring_length_r30_um_per_cell,ring_length_r60_px_per_cell,ring_length_r60_um_per_cell,width_median_px,width_median_um,width_p10_px,width_p10_um,width_p90_px,width_p90_um,width_pixels_used,ring_width_mean_r30_px_per_cell,ring_width_mean_r30_um_per_cell,junction_count,junction_density_per_px2,junction_density_per_um2,thread_end_fraction,connected_to_lacuna_fraction,mean_edge_length_px,mean_edge_length_um,median_edge_length_px,median_edge_length_um,owned_length_px_per_cell,owned_length_um_per_cell,analysed_area_px2,analysed_area_um2
542_z06,current,"pixel size 0.13 um/px, rounded, unconfirmed",16,13,17,0.03465004,0.266539,34964.0,4545.32,8.6154,361.4615,46.989995,907.3846,117.959998,6.3246,0.822198,4.0,0.52,8.0,1.04,33745,5.7445,0.746785,375,0.00037163,0.022,0.803952,0.374259,31.5991,4.107883,21.313708498984763,2.770782,988.2809,128.476517,1009061.0,17053.1309
542_z06,ridge,"pixel size 0.13 um/px, rounded, unconfirmed",16,13,18,0.03864286,0.297253,38993.0,5069.09,11.0,426.1538,55.399994,1029.6923,133.859999,8.0,1.04,4.0,0.52,10.0,1.3,37711,6.6889,0.869557,782,0.00077498,0.0459,0.59898,0.693801,25.2639,3.284307,17.0,2.21,2129.0931,276.782103,1009061.0,17053.1309
542_z18,current,"pixel size 0.13 um/px, rounded, unconfirmed",12,11,14,0.03407276,0.262098,34325.0,4462.25,8.2727,357.0909,46.421817,968.7273,125.934549,6.0,0.78,4.0,0.52,8.0,1.04,32892,5.5062,0.715806,395,0.0003921,0.0232,0.800303,0.299316,30.7951,4.003363,23.035533905932738,2.994619,972.6153,126.439989,1007403.0,17025.1107
542_z18,ridge,"pixel size 0.13 um/px, rounded, unconfirmed",12,11,12,0.03736935,0.287457,37646.0,4893.98,8.5455,394.4545,51.279085,1052.2727,136.795451,8.0,1.04,4.0,0.52,10.0,1.3,36103,6.5745,0.854685,777,0.00077129,0.0456,0.599796,0.657465,24.2408,3.151304,16.82842712474619,2.187696,2385.9976,310.179688,1007403.0,17025.1107
543-2,current,"pixel size 0.13 um/px, rounded, unconfirmed",12,12,21,0.04470139,0.343857,45785.0,5952.05,7.5833,306.5833,39.855829,966.4167,125.634171,6.0,0.78,2.8284,0.367692,8.0,1.04,45758,4.9642,0.645346,681,0.00066488,0.0393,0.723182,0.407944,27.4088,3.563144,19.36396103067893,2.517315,1687.3328,219.353264,1024241.0,17309.6729
543-2,ridge,"pixel size 0.13 um/px, rounded, unconfirmed",12,12,10,0.04400234,0.33848,45069.0,5858.97,6.9167,289.3333,37.613329,949.75,123.4675,7.2111,0.937443,4.0,0.52,10.0,1.3,45049,6.3687,0.827931,998,0.00097438,0.0577,0.52304,0.8344,24.2457,3.151941,17.48528137423857,2.273087,3496.3926,454.531038,1024241.0,17309.6729
543_3,current,"pixel size 0.13 um/px, rounded, unconfirmed",10,9,14,0.04513983,0.347229,46420.0,6034.6,6.8889,313.5556,40.762228,989.8889,128.685557,6.0,0.78,2.8284,0.367692,8.0,1.04,46400,5.0947,0.662311,698,0.00067875,0.0402,0.722462,0.257258,30.6592,3.985696,22.82842712474619,2.967696,1435.1469,186.569097,1028360.0,17379.284
543_3,ridge,"pixel size 0.13 um/px, rounded, unconfirmed",10,9,13,0.04488992,0.345307,46163.0,6001.19,7.1111,296.6667,38.566671,959.4444,124.727772,7.2111,0.937443,4.0,0.52,10.0,1.3,46139,6.4428,0.837564,1031,0.00100257,0.0593,0.527473,0.795191,24.3754,3.168802,17.656854249492383,2.295391,4542.5538,590.531994,1028360.0,17379.284
543_z13,current,"pixel size 0.13 um/px, rounded, unconfirmed",11,11,19,0.04380241,0.336942,45033.0,5854.29,6.7273,302.9091,39.378183,961.3636,124.977268,6.0,0.78,2.8284,0.367692,8.0,1.04,45013,4.9871,0.648323,643,0.00062543,0.037,0.728948,0.386413,26.8926,3.496038,18.65685424949238,2.425391,1713.9866,222.818258,1028094.0,17374.7886
543_z13,ridge,"pixel size 0.13 um/px, rounded, unconfirmed",11,11,20,0.04290658,0.330051,44112.0,5734.56,6.3636,303.0909,39.401817,957.4545,124.469085,7.2111,0.937443,4.0,0.52,8.9443,1.162759,44075,6.0276,0.783588,904,0.0008793,0.052,0.563401,0.685067,25.0762,3.259906,17.571067811865476,2.284239,3061.435,397.98655,1028094.0,17374.7886
682_z08,current,"pixel size 0.13 um/px, rounded, unconfirmed",10,8,24,0.03464652,0.266512,35267.0,4584.71,10.0,396.75,51.5775,982.0,127.66,6.0,0.78,2.8284,0.367692,8.0,1.04,32998,5.5385,0.720005,480,0.00047155,0.0279,0.777315,0.409921,25.4567,3.309371,17.414213562373096,2.263848,1860.5611,241.872943,1017909.0,17202.6621
682_z08,ridge,"pixel size 0.13 um/px, rounded, unconfirmed",10,8,22,0.03682647,0.283281,37486.0,4873.18,10.625,427.75,55.6075,1039.625,135.15125,7.2111,0.937443,4.0,0.52,10.0,1.3,35245,6.2245,0.809185,784,0.00077021,0.0456,0.608652,0.695992,22.7178,2.953314,16.071067811865476,2.089239,3413.0505,443.696565,1017909.0,17202.6621
682_z23,current,"pixel size 0.13 um/px, rounded, unconfirmed",14,11,19,0.03829817,0.294601,39168.0,5091.84,6.7273,283.3636,36.837268,795.1818,103.373634,6.0,0.78,4.0,0.52,8.0,1.04,36498,5.2823,0.686699,481,0.00047032,0.0278,0.781448,0.306746,32.7335,4.255355,21.55634918610405,2.802325,1065.8168,138.556184,1022712.0,17283.8328
682_z23,ridge,"pixel size 0.13 um/px, rounded, unconfirmed",14,11,14,0.04146035,0.318926,42402.0,5512.26,6.8182,310.9091,40.418183,864.4545,112.379085,7.2111,0.937443,4.0,0.52,10.0,1.3,39569,6.1843,0.803959,913,0.00089272,0.0528,0.583333,0.699742,23.2194,3.018522,16.72792206135786,2.17463,2387.9493,310.433409,1022712.0,17283.8328
682_z29,current,"pixel size 0.13 um/px, rounded, unconfirmed",13,11,17,0.03748464,0.288343,38368.0,4987.84,5.5455,250.2727,32.535451,697.4545,90.669085,6.0,0.78,2.8284,0.367692,8.0,1.04,34940,5.0813,0.660569,485,0.00047383,0.028,0.775265,0.246415,38.2007,4.966091,21.19238815542512,2.75501,848.5146,110.306898,1023566.0,17298.2654
682_z29,ridge,"pixel size 0.13 um/px, rounded, unconfirmed",13,11,21,0.03954801,0.304215,40480.0,5262.4,5.3636,265.0,34.45,727.9091,94.628183,7.2111,0.937443,4.0,0.52,10.0,1.3,37002,5.9558,0.774254,820,0.00080112,0.0474,0.595191,0.690966,24.9932,3.249116,17.82842712474619,2.317696,2592.4907,337.023791,1023566.0,17298.2654
