image_label,sigmas_px,sigmas_um,mask_px,skeleton_px,current_skeleton_px,n_bridges,dice_with_current_skeleton,chosen
"# pixel size 0.13 um/px, rounded, unconfirmed. Tuning set only: 542_z06, 543-2, 682_z29. Rule: the set spanning the measured half widths p50 3.0 px to p99 4.2 px, with one step between them; not chosen by any literature value."
542_z06,[3.0],[0.39],247949,36979,34964,16,0.605146,
542_z06,"[3.0, 3.6, 4.2]","[0.39, 0.468, 0.546]",307830,38993,34964,18,0.482929,chosen
542_z06,"[1.5, 3.0, 4.5]","[0.195, 0.39, 0.585]",312645,39445,34964,24,0.475211,
542_z06,"[2.0, 3.0, 4.0, 5.0]","[0.26, 0.39, 0.52, 0.65]",330538,39792,34964,21,0.433597,
542_z06,[4.2],[0.546],314425,38290,34964,17,0.450242,
543-2,[3.0],[0.39],278808,44394,45785,17,0.577585,
543-2,"[3.0, 3.6, 4.2]","[0.39, 0.468, 0.546]",332864,45069,45785,10,0.472142,chosen
543-2,"[1.5, 3.0, 4.5]","[0.195, 0.39, 0.585]",339418,46424,45785,9,0.467134,
543-2,"[2.0, 3.0, 4.0, 5.0]","[0.26, 0.39, 0.52, 0.65]",356305,46553,45785,11,0.434296,
543-2,[4.2],[0.546],340283,44099,45785,15,0.430466,
682_z29,[3.0],[0.39],243003,39835,38368,15,0.607854,
682_z29,"[3.0, 3.6, 4.2]","[0.39, 0.468, 0.546]",289270,40480,38368,21,0.505504,chosen
682_z29,"[1.5, 3.0, 4.5]","[0.195, 0.39, 0.585]",299173,41653,38368,18,0.495145,
682_z29,"[2.0, 3.0, 4.0, 5.0]","[0.26, 0.39, 0.52, 0.65]",314771,42366,38368,17,0.462903,
682_z29,[4.2],[0.546],299866,39664,38368,19,0.465963,
