image_a,image_b,matches,share_of_smaller,median_distance_px,linked
542_WT_2_z06c1-2,542_WT_2_z18c1-2,11,0.9166666666666666,10.619183938985135,True
542_WT_2_z06c1-2,543-2,0,0.0,,False
542_WT_2_z06c1-2,543_3,0,0.0,,False
542_WT_2_z06c1-2,543_z13c1-2,0,0.0,,False
542_WT_2_z06c1-2,682_z08c1-2,0,0.0,,False
542_WT_2_z06c1-2,682_z23c-2,0,0.0,,False
542_WT_2_z06c1-2,682_z29c1-3,0,0.0,,False
542_WT_2_z18c1-2,543-2,0,0.0,,False
542_WT_2_z18c1-2,543_3,0,0.0,,False
542_WT_2_z18c1-2,543_z13c1-2,0,0.0,,False
542_WT_2_z18c1-2,682_z08c1-2,0,0.0,,False
542_WT_2_z18c1-2,682_z23c-2,0,0.0,,False
542_WT_2_z18c1-2,682_z29c1-3,0,0.0,,False
543-2,543_3,9,0.9,6.743070365938673,True
543-2,543_z13c1-2,10,0.9090909090909091,5.140714644858007,True
543-2,682_z08c1-2,0,0.0,,False
543-2,682_z23c-2,0,0.0,,False
543-2,682_z29c1-3,0,0.0,,False
543_3,543_z13c1-2,8,0.8,12.529972817286739,True
543_3,682_z08c1-2,0,0.0,,False
543_3,682_z23c-2,0,0.0,,False
543_3,682_z29c1-3,0,0.0,,False
543_z13c1-2,682_z08c1-2,0,0.0,,False
543_z13c1-2,682_z23c-2,0,0.0,,False
543_z13c1-2,682_z29c1-3,0,0.0,,False
682_z08c1-2,682_z23c-2,4,0.4,13.8255439207104,False
682_z08c1-2,682_z29c1-3,1,0.1,10.409648567074685,False
682_z23c-2,682_z29c1-3,10,0.7692307692307693,8.069425932849844,True
