setting,image,skeleton_px_removed,skeleton_px_added,roots_per_cell_before,roots_per_cell_after,roots_per_cell_pct,ring30_per_cell_before,ring30_per_cell_after,ring30_per_cell_pct,field_density_before,field_density_after,field_density_pct,bridges_before,bridges_after,bridges_pct,skeleton_px_before,skeleton_px_after,skeleton_px_pct
L97_reach66,542_z06,103,0,8.6154,8.6154,0.0,361.4615,361.4615,0.0,0.03465004,0.03454796,-0.294602834513315,17,17,0.0,34964,34861,-0.29458871982610685
L97_reach66,542_z18,0,0,8.2727,8.2727,0.0,357.0909,357.0909,0.0,0.03407276,0.03407276,0.0,14,14,0.0,34325,34325,0.0
L97_reach66,543-2,0,0,7.5833,7.5833,0.0,306.5833,306.5833,0.0,0.04470139,0.04470139,0.0,21,21,0.0,45785,45785,0.0
L97_reach66,543_3,0,0,6.8889,6.8889,0.0,313.5556,313.5556,0.0,0.04513983,0.04513983,0.0,14,14,0.0,46420,46420,0.0
L97_reach66,543_z13,0,0,6.7273,6.7273,0.0,302.9091,302.9091,0.0,0.04380241,0.04380241,0.0,19,19,0.0,45033,45033,0.0
L97_reach66,682_z08,0,0,10.0,10.0,0.0,396.75,396.75,0.0,0.03464652,0.03464652,0.0,24,24,0.0,35267,35267,0.0
L97_reach66,682_z23,0,0,6.7273,6.7273,0.0,283.3636,283.3636,0.0,0.03829817,0.03829817,0.0,19,19,0.0,39168,39168,0.0
L97_reach66,682_z29,0,0,5.5455,5.5455,0.0,250.2727,250.2727,0.0,0.03748464,0.03748464,0.0,17,17,0.0,38368,38368,0.0
L40_reach0,542_z06,473,0,8.6154,8.4615,-1.7863360958284022,361.4615,351.0769,-2.8729477413223754,0.03465004,0.03418128,-1.3528411511213223,17,17,0.0,34964,34491,-1.3528200434732869
L40_reach0,542_z18,353,0,8.2727,8.0909,-2.1975896623835127,357.0909,349.0909,-2.2403259226152223,0.03407276,0.03372235,-1.0284168350318623,14,14,0.0,34325,33972,-1.0284049526584123
L40_reach0,543-2,0,0,7.5833,7.5833,0.0,306.5833,306.5833,0.0,0.04470139,0.04470139,0.0,21,21,0.0,45785,45785,0.0
L40_reach0,543_3,0,0,6.8889,6.8889,0.0,313.5556,313.5556,0.0,0.04513983,0.04513983,0.0,14,14,0.0,46420,46420,0.0
L40_reach0,543_z13,0,0,6.7273,6.7273,0.0,302.9091,302.9091,0.0,0.04380241,0.04380241,0.0,19,19,0.0,45033,45033,0.0
L40_reach0,682_z08,706,0,10.0,10.0,0.0,396.75,396.75,0.0,0.03464652,0.03395294,-2.0018749357799837,24,24,0.0,35267,34561,-2.0018714378881106
L40_reach0,682_z23,883,0,6.7273,6.7273,0.0,283.3636,281.3636,-0.705806956151037,0.03829817,0.03743478,-2.25438970060449,19,19,0.0,39168,38285,-2.254391339869281
L40_reach0,682_z29,1749,3,5.5455,5.5455,0.0,250.2727,250.2727,0.0,0.03748464,0.03577884,-4.550663951954721,17,18,5.882352941176471,38368,36622,-4.550667222685571
