setting,image,kind,x,y,pixels,length_px,orientation_deg,in_542_z06_corridor
L97_reach66,542_z06,removed,530,768,103,102.0,89.6,True
L40_reach0,542_z06,removed,581,68,118,120.0,100.7,False
L40_reach0,542_z06,removed,574,170,34,40.8,144.0,False
L40_reach0,542_z06,removed,536,252,54,56.0,104.3,False
L40_reach0,542_z06,removed,504,391,46,45.0,91.0,False
L40_reach0,542_z06,removed,492,437,39,40.3,14.9,False
L40_reach0,542_z06,removed,544,482,42,43.4,76.4,False
L40_reach0,542_z06,removed,510,476,49,50.0,8.0,False
L40_reach0,542_z06,removed,612,492,38,38.6,165.0,False
L40_reach0,542_z06,removed,523,661,53,48.1,104.8,True
L40_reach0,542_z18,removed,696,157,39,40.9,157.3,False
L40_reach0,542_z18,removed,588,159,40,41.1,164.3,False
L40_reach0,542_z18,removed,599,232,44,44.6,97.8,False
L40_reach0,542_z18,removed,632,238,40,39.0,88.3,False
L40_reach0,542_z18,removed,611,259,49,47.5,103.5,False
L40_reach0,542_z18,removed,585,276,42,43.0,102.1,False
L40_reach0,542_z18,removed,563,397,47,41.8,97.6,False
L40_reach0,542_z18,removed,582,585,52,51.6,94.1,False
L40_reach0,682_z08,removed,53,21,158,87.0,39.4,False
L40_reach0,682_z08,removed,96,63,47,42.3,89.3,False
L40_reach0,682_z08,removed,316,69,48,47.2,98.3,False
L40_reach0,682_z08,removed,204,68,106,47.8,68.1,False
L40_reach0,682_z08,removed,582,70,50,50.2,4.7,False
L40_reach0,682_z08,removed,414,121,60,54.3,94.7,False
L40_reach0,682_z08,removed,48,100,40,39.1,0.8,False
L40_reach0,682_z08,removed,496,132,69,67.0,93.6,False
L40_reach0,682_z08,removed,479,131,44,39.1,88.0,False
L40_reach0,682_z08,removed,11,144,47,42.1,90.3,False
L40_reach0,682_z08,removed,668,160,37,41.1,62.3,False
L40_reach0,682_z23,removed,439,16,39,38.3,66.4,False
L40_reach0,682_z23,removed,525,19,38,39.9,67.9,False
L40_reach0,682_z23,removed,219,28,47,45.3,67.5,False
L40_reach0,682_z23,removed,618,53,65,73.8,58.2,False
L40_reach0,682_z23,removed,151,49,50,46.1,75.4,False
L40_reach0,682_z23,removed,111,51,37,40.7,68.8,False
L40_reach0,682_z23,removed,372,53,7,7.1,12.3,False
L40_reach0,682_z23,removed,349,56,37,37.2,171.4,False
L40_reach0,682_z23,removed,558,75,40,41.6,21.7,False
L40_reach0,682_z23,removed,208,74,46,39.1,1.2,False
L40_reach0,682_z23,removed,256,80,56,50.0,178.9,False
L40_reach0,682_z23,removed,385,106,43,43.0,89.1,False
L40_reach0,682_z23,removed,102,105,125,115.3,174.2,False
L40_reach0,682_z23,removed,593,106,40,38.3,171.4,False
L40_reach0,682_z23,removed,212,115,46,37.9,172.9,False
L40_reach0,682_z23,removed,331,152,104,57.0,112.4,False
L40_reach0,682_z23,removed,299,166,63,56.8,71.0,False
L40_reach0,682_z29,removed,330,66,240,119.0,154.3,False
L40_reach0,682_z29,removed,632,40,44,45.6,76.3,False
L40_reach0,682_z29,removed,271,41,38,43.3,53.7,False
L40_reach0,682_z29,removed,168,27,44,41.0,2.5,False
L40_reach0,682_z29,removed,402,46,43,39.2,91.6,False
L40_reach0,682_z29,removed,542,59,104,63.0,36.3,False
L40_reach0,682_z29,removed,621,70,82,83.8,70.2,False
L40_reach0,682_z29,removed,12,48,35,42.2,52.3,False
L40_reach0,682_z29,removed,213,99,128,124.3,85.8,False
L40_reach0,682_z29,removed,133,66,40,40.2,89.0,False
L40_reach0,682_z29,removed,160,84,58,55.1,88.1,False
L40_reach0,682_z29,removed,514,94,55,55.3,77.2,False
L40_reach0,682_z29,removed,444,95,43,43.0,90.6,False
L40_reach0,682_z29,removed,253,106,90,49.6,80.8,False
L40_reach0,682_z29,removed,484,100,41,40.1,90.7,False
L40_reach0,682_z29,removed,198,112,62,58.1,90.8,False
L40_reach0,682_z29,removed,394,95,42,41.1,0.8,False
L40_reach0,682_z29,removed,592,133,76,75.0,74.6,False
L40_reach0,682_z29,removed,319,138,300,104.2,175.9,False
L40_reach0,682_z29,removed,125,107,52,45.3,2.7,False
L40_reach0,682_z29,removed,43,160,52,53.7,68.8,False
L40_reach0,682_z29,removed,253,224,42,42.4,69.6,False
L40_reach0,682_z29,removed,308,211,38,38.2,171.6,False
L40_reach0,682_z29,added,368,102,3,3.2,61.8,False
