image,L,pixels,skeleton_px,skeleton_px_within_2px,length_px,orientation_deg,x,y,x0,y0,x1,y1,dist_to_flagged_px,touches_flagged,corridor_share
542_z06,40,268,107,118,122.4,100.4,581,66,567,8,591,127,0.0,True,0.0
542_z06,40,38,7,48,53.0,45.0,836,28,817,10,854,47,198.7,False,0.0
542_z06,40,74,32,45,44.4,172.2,962,17,941,14,984,20,321.4,False,0.0
542_z06,40,53,36,41,41.4,172.1,759,50,739,47,779,53,119.3,False,0.0
542_z06,40,72,31,44,43.6,82.0,432,71,429,50,436,92,107.2,False,0.0
542_z06,40,120,58,75,75.1,2.9,975,57,939,51,1013,61,319.2,False,0.0
542_z06,40,33,15,36,39.2,142.5,347,64,332,52,362,76,172.0,False,0.0
542_z06,40,39,11,42,39.5,7.8,542,56,523,53,561,59,4.1,False,0.0
542_z06,40,250,89,166,108.0,7.6,945,103,902,63,1009,116,281.9,False,0.0
542_z06,40,60,26,42,40.9,112.5,878,84,870,66,885,103,249.6,False,0.0
542_z06,40,106,36,50,51.0,12.5,515,87,490,82,539,93,19.0,False,0.0
542_z06,40,37,14,43,39.6,112.4,236,103,229,85,243,121,292.2,False,0.0
542_z06,40,70,27,45,46.3,165.1,750,112,728,107,772,118,112.3,False,0.0
542_z06,40,37,15,37,39.6,22.4,296,129,278,122,314,136,209.8,False,0.0
542_z06,40,60,26,37,40.9,22.5,426,142,408,135,445,150,81.4,False,0.0
542_z06,40,44,18,43,44.0,0.0,984,135,962,135,1005,135,344.8,False,0.0
542_z06,40,58,25,43,42.7,67.6,242,158,235,138,250,177,266.3,False,0.0
542_z06,40,39,20,42,39.5,172.2,297,149,278,146,316,152,205.5,False,0.0
542_z06,40,42,8,34,40.6,142.5,576,168,560,156,591,181,0.0,True,0.0
542_z06,40,129,35,95,81.4,40.0,136,207,114,172,178,226,322.3,False,0.0
542_z06,40,125,48,83,80.0,75.9,604,219,597,183,615,260,17.0,False,0.0
542_z06,40,52,15,40,41.8,157.5,484,200,465,193,503,208,14.3,False,0.0
542_z06,40,114,45,57,58.0,15.2,929,203,903,195,958,210,297.7,False,0.0
542_z06,40,46,22,46,46.0,0.0,998,219,976,219,1021,219,373.8,False,0.0
542_z06,40,108,44,54,55.8,105.0,536,251,529,225,543,278,0.0,True,0.0
542_z06,40,52,25,51,52.0,0.0,758,230,732,230,783,230,145.0,False,0.0
542_z06,40,210,87,94,95.1,177.1,776,242,729,239,823,245,149.8,False,0.0
542_z06,40,115,43,76,70.2,149.1,672,252,651,241,712,275,91.2,False,0.0
542_z06,40,67,30,44,43.4,172.2,945,244,924,241,966,247,329.7,False,0.0
542_z06,40,53,20,46,41.4,97.9,231,263,228,243,234,283,262.5,False,0.0
542_z06,40,39,6,40,39.5,97.8,997,263,994,244,1000,282,401.7,False,0.0
542_z06,40,73,22,47,45.1,3.5,404,248,382,245,426,251,76.5,False,0.0
542_z06,40,179,70,75,74.0,171.9,709,257,672,251,744,263,106.3,False,0.0
542_z06,40,88,41,44,45.0,0.0,789,265,767,265,811,266,193.1,False,0.0
542_z06,40,37,8,37,39.6,157.6,407,275,389,268,425,282,71.2,False,0.0
542_z06,40,46,17,49,46.0,0.0,688,275,665,275,710,275,103.9,False,0.0
542_z06,40,58,19,49,46.1,30.2,850,302,831,291,870,314,261.2,False,0.0
542_z06,40,58,15,44,42.7,67.6,59,338,51,319,66,358,423.4,False,0.0
542_z06,40,86,35,50,50.5,172.2,760,342,735,339,784,346,162.2,False,0.0
542_z06,40,103,44,52,49.4,97.2,376,379,373,355,379,403,110.7,False,0.0
542_z06,40,46,23,46,46.0,90.0,504,390,504,368,504,413,0.0,True,0.0
542_z06,40,110,41,84,46.8,45.1,190,387,162,373,202,414,287.0,False,0.0
542_z06,40,84,41,48,49.5,97.9,29,403,26,379,33,427,456.0,False,0.0
542_z06,40,123,54,79,74.8,81.8,756,420,751,388,762,461,154.0,False,0.0
542_z06,40,93,42,50,48.4,162.3,841,395,818,389,863,404,220.2,False,0.0
542_z06,40,39,18,42,39.5,172.2,878,394,859,391,897,397,261.7,False,0.0
542_z06,40,183,73,89,80.5,95.1,942,431,938,392,947,471,333.1,False,0.0
542_z06,40,33,17,34,39.2,142.5,417,419,402,407,432,431,61.0,False,0.0
542_z06,40,44,26,46,44.0,0.0,258,426,236,426,279,426,214.8,False,0.0
542_z06,40,146,59,84,75.2,95.8,922,461,918,426,926,500,313.6,False,0.0
542_z06,40,39,10,41,40.3,165.0,841,432,822,427,860,437,218.2,False,0.0
542_z06,40,39,21,39,40.3,15.0,492,437,473,432,511,442,0.0,True,0.0
542_z06,40,158,57,80,80.3,164.0,650,461,615,452,692,471,13.3,False,0.0
542_z06,40,64,27,50,48.5,7.8,318,464,294,460,341,467,162.1,False,0.0
542_z06,40,120,41,72,72.4,31.4,452,473,423,461,483,500,40.5,False,0.0
542_z06,40,61,30,42,42.2,75.1,544,481,539,461,549,501,0.0,True,0.0
542_z06,40,39,31,39,39.5,172.2,692,473,673,470,711,476,69.9,False,0.0
542_z06,40,52,22,44,40.5,67.6,766,488,759,470,773,507,154.3,False,0.0
542_z06,40,64,21,49,48.5,7.8,510,476,486,472,533,479,0.0,True,0.0
542_z06,40,97,43,51,52.0,90.0,220,508,219,482,220,533,282.9,False,0.0
542_z06,40,39,21,38,40.3,165.0,612,492,593,487,631,497,0.0,True,0.0
542_z06,40,124,60,67,63.0,90.0,228,526,227,495,228,557,278.5,False,0.0
542_z06,40,40,15,40,40.0,0.0,262,495,242,495,281,495,227.7,False,0.0
542_z06,40,83,31,42,43.4,150.0,1002,518,984,507,1021,528,383.4,False,0.0
542_z06,40,42,10,37,40.6,37.5,106,528,90,516,121,541,393.8,False,0.0
542_z06,40,81,32,36,42.1,30.0,334,561,316,551,352,571,163.0,False,0.0
542_z06,40,65,18,41,46.0,33.9,680,569,663,555,700,581,78.9,False,0.0
542_z06,40,98,40,47,46.3,14.7,855,563,833,558,877,569,239.4,False,0.0
542_z06,40,125,47,65,64.4,154.2,28,578,1,562,58,590,457.0,False,0.0
542_z06,40,106,44,64,60.0,0.4,617,569,585,569,644,570,17.0,False,0.0
542_z06,40,37,14,37,39.6,157.6,354,578,336,571,372,585,143.0,False,0.0
542_z06,40,60,15,46,47.2,157.4,293,584,272,575,315,592,200.1,False,0.0
542_z06,40,41,14,44,41.0,90.0,236,597,236,577,236,617,279.1,False,0.0
542_z06,40,73,27,41,43.6,142.6,74,599,57,586,91,612,424.3,False,0.0
542_z06,40,60,14,37,41.4,37.5,872,600,856,588,888,613,270.4,False,0.0
542_z06,40,41,4,42,41.0,90.0,390,613,390,593,390,633,126.0,False,0.0
542_z06,40,153,53,81,79.6,74.4,632,632,620,596,640,672,61.0,False,0.0
542_z06,40,95,42,50,42.6,97.9,551,617,548,597,555,638,1.0,False,0.0
542_z06,40,138,40,62,69.9,35.1,471,645,443,624,500,663,25.6,False,0.0
542_z06,40,54,24,47,46.5,82.2,61,651,57,628,64,673,453.8,False,0.0
542_z06,40,113,43,53,47.5,104.7,523,661,517,639,529,684,0.0,True,1.0
542_z06,40,109,47,49,49.4,172.6,301,656,277,653,325,659,192.2,False,0.0
542_z06,40,39,11,38,40.3,30.1,678,664,661,654,695,674,115.6,False,0.0
542_z06,40,90,40,49,49.5,7.9,848,670,824,666,872,673,269.7,False,0.0
542_z06,40,39,9,42,40.3,105.0,763,688,758,669,768,707,221.9,False,0.0
542_z06,40,92,34,45,48.5,22.6,664,683,642,674,686,692,102.5,False,0.0
542_z06,40,39,8,42,40.3,15.0,830,691,811,686,849,696,268.1,False,0.0
542_z06,40,262,113,143,139.0,90.0,530,764,526,689,532,827,37.0,False,1.0
542_z06,40,39,22,39,39.5,172.2,815,716,796,713,834,719,262.8,False,0.0
542_z06,40,68,21,70,68.0,0.0,398,719,364,719,431,719,114.5,False,0.0
542_z06,40,60,26,41,40.9,67.5,560,742,553,723,568,760,74.9,False,0.0
542_z06,40,130,53,95,90.5,162.5,841,733,796,727,880,760,278.2,False,0.0
542_z06,40,30,13,38,41.7,45.0,364,752,349,738,378,767,185.9,False,0.0
542_z06,40,71,28,41,40.3,101.5,50,758,45,739,55,777,472.5,False,0.0
542_z06,40,59,18,34,41.7,45.0,145,757,130,743,159,772,381.1,False,0.0
542_z06,40,46,15,40,42.5,150.0,797,770,779,760,815,781,273.0,False,0.0
542_z06,40,37,15,38,39.6,157.6,834,781,816,774,852,788,308.7,False,0.0
542_z06,40,72,31,40,43.1,112.6,205,797,197,777,213,816,333.1,False,0.0
542_z06,40,90,33,37,40.6,127.6,336,796,324,780,349,811,216.6,False,0.0
542_z06,40,93,45,72,67.7,97.9,398,816,393,782,403,848,178.5,False,0.0
542_z06,40,58,19,40,42.4,164.8,760,790,740,784,780,795,248.6,False,0.0
542_z06,40,160,55,78,72.7,173.2,907,787,864,785,935,796,355.1,False,0.0
542_z06,40,80,36,45,42.4,74.9,370,807,365,787,376,827,208.8,False,0.0
542_z06,40,179,64,90,90.9,112.4,207,847,181,806,218,888,341.3,False,0.0
542_z06,40,141,49,56,57.1,10.6,582,818,554,811,609,823,161.0,False,0.0
542_z06,40,99,31,49,50.0,168.7,339,824,314,819,362,830,234.2,False,0.0
542_z06,40,39,11,39,39.5,7.8,644,822,625,819,663,825,191.9,False,0.0
542_z06,40,178,65,71,72.0,90.7,530,866,529,829,531,900,177.0,False,1.0
542_z06,40,37,7,38,39.6,157.6,439,854,421,847,457,861,207.8,False,0.0
542_z06,40,33,8,36,39.2,142.5,810,859,795,847,825,871,339.1,False,0.0
542_z06,40,110,38,43,53.1,44.9,590,881,571,863,609,899,215.1,False,0.0
542_z06,40,72,18,42,50.9,135.0,888,880,870,863,906,898,414.5,False,0.0
542_z06,40,46,21,43,40.4,82.2,749,890,746,870,752,909,304.5,False,0.0
542_z06,40,33,13,36,39.2,37.5,572,891,557,879,587,903,228.7,False,0.0
542_z06,40,63,21,43,54.6,131.8,814,901,798,880,834,920,371.8,False,0.0
542_z06,40,77,26,57,44.0,108.1,10,905,3,884,17,925,556.9,False,0.0
542_z06,40,33,13,35,39.2,142.5,44,914,29,902,59,926,526.8,False,0.0
542_z06,40,70,28,44,42.6,8.0,451,925,431,922,472,929,281.5,False,0.0
542_z06,40,98,41,57,58.2,13.0,875,934,847,929,903,941,417.3,False,0.0
542_z06,40,121,41,62,65.6,22.5,785,948,755,936,815,960,361.0,False,0.0
542_z06,40,182,63,93,88.3,101.7,905,987,895,937,911,1023,470.1,False,0.0
542_z06,40,118,46,53,54.7,162.8,201,951,177,941,228,958,414.4,False,0.0
542_z06,40,214,87,115,84.8,121.1,808,999,773,956,825,1023,421.2,False,0.0
542_z06,40,66,19,38,46.7,45.0,76,976,60,960,92,993,549.7,False,0.0
542_z06,40,39,14,37,40.3,30.1,485,977,468,967,502,987,320.9,False,0.0
542_z06,40,81,38,39,41.0,179.9,463,986,443,985,483,986,336.2,False,0.0
542_z06,40,70,26,43,42.7,22.3,259,999,240,991,279,1006,431.9,False,0.0
542_z06,60,211,95,118,121.2,100.5,580,70,567,9,590,127,0.0,True,0.0
542_z06,60,77,28,73,67.4,75.0,606,226,597,194,615,258,23.3,False,0.0
542_z06,60,147,68,74,72.7,172.3,708,257,673,252,744,262,106.9,False,0.0
542_z06,60,85,41,77,68.6,82.4,756,423,752,390,761,457,154.4,False,0.0
542_z06,60,59,15,65,59.5,97.7,943,423,939,394,947,452,334.1,False,0.0
542_z06,60,86,43,69,62.5,97.6,922,456,918,426,926,487,313.8,False,0.0
542_z06,60,124,60,67,63.0,90.0,228,526,227,495,228,557,278.5,False,0.0
542_z06,60,183,75,132,130.0,89.5,530,750,529,689,530,818,37.0,False,1.0
542_z06,60,68,21,70,68.0,0.0,398,719,364,719,431,719,114.5,False,0.0
542_z06,60,72,39,71,72.0,90.0,530,864,530,829,530,900,177.0,False,1.0
542_z06,60,93,30,64,67.8,22.6,785,948,753,935,815,960,359.0,False,0.0
542_z06,60,93,45,63,61.1,105.0,903,994,895,965,911,1023,488.1,False,0.0
542_z06,80,183,75,132,130.0,89.5,530,750,529,689,530,818,37.0,False,1.0
542_z06,85,102,30,103,102.0,90.0,530,768,530,717,530,818,65.0,False,1.0
542_z06,90,102,30,103,102.0,90.0,530,768,530,717,530,818,65.0,False,1.0
542_z06,95,102,30,103,102.0,90.0,530,768,530,717,530,818,65.0,False,1.0
542_z06,100,102,30,103,102.0,90.0,530,768,530,717,530,818,65.0,False,1.0
542_z18,40,33,12,36,39.2,37.5,258,28,243,16,273,40,318.5,False,0.0
542_z18,40,48,12,49,48.0,90.0,409,48,409,24,409,71,179.7,False,0.0
542_z18,40,102,32,51,59.5,50.7,137,49,119,27,158,71,429.0,False,0.0
542_z18,40,88,41,47,46.4,172.4,510,33,488,30,533,36,65.9,False,0.0
542_z18,40,39,18,42,39.5,97.8,928,52,925,33,931,71,239.9,False,0.0
542_z18,40,39,8,40,40.3,165.0,954,44,935,39,973,49,253.4,False,0.0
542_z18,40,139,52,69,66.7,158.5,756,102,725,90,787,112,37.2,False,0.0
542_z18,40,39,19,37,40.3,120.1,879,107,869,90,889,124,180.6,False,0.0
542_z18,40,60,27,38,41.2,30.1,242,101,225,91,260,111,320.2,False,0.0
542_z18,40,46,13,45,44.4,165.0,970,100,949,95,991,106,261.0,False,0.0
542_z18,40,74,25,73,58.0,176.0,203,117,175,108,232,129,348.1,False,0.0
542_z18,40,30,13,35,41.7,135.0,898,128,883,113,912,142,191.8,False,0.0
542_z18,40,39,19,41,40.3,105.0,344,139,339,120,349,158,231.3,False,0.0
542_z18,40,58,21,41,42.4,15.2,212,152,192,147,232,158,339.7,False,0.0
542_z18,40,37,14,39,39.6,157.6,696,157,678,150,714,164,0.0,True,0.0
542_z18,40,118,45,81,71.1,176.2,960,155,923,150,993,161,231.1,False,0.0
542_z18,40,39,18,40,40.3,165.0,588,159,569,154,607,164,0.0,True,0.0
542_z18,40,85,35,70,67.5,7.2,447,170,415,164,481,174,91.2,False,0.0
542_z18,40,339,118,185,113.7,118.5,114,225,77,169,133,267,429.4,False,0.0
542_z18,40,139,50,74,70.6,101.2,83,212,74,184,89,252,468.8,False,0.0
542_z18,40,66,23,46,50.5,146.4,474,200,453,185,494,213,77.0,False,0.0
542_z18,40,78,31,44,46.5,97.9,599,231,595,209,602,254,0.0,True,0.0
542_z18,40,59,18,36,42.4,44.9,947,223,932,209,962,238,245.0,False,0.0
542_z18,40,56,24,47,47.5,7.8,522,214,499,210,545,217,24.7,False,0.0
542_z18,40,104,48,91,41.4,126.0,718,234,696,211,736,251,38.9,False,0.0
542_z18,40,40,12,40,40.0,90.0,631,238,631,218,631,257,0.0,True,0.0
542_z18,40,46,17,49,44.4,105.0,612,259,606,238,617,280,0.0,True,0.0
542_z18,40,73,28,51,51.7,15.0,926,251,901,245,950,258,225.4,False,0.0
542_z18,40,71,27,42,44.4,105.1,585,275,580,254,591,296,0.0,True,0.0
542_z18,40,178,71,88,71.4,101.8,168,293,163,258,177,327,369.3,False,0.0
542_z18,40,75,15,79,40.3,167.1,291,279,279,260,315,298,232.8,False,0.0
542_z18,40,90,33,51,52.2,167.4,734,275,708,269,758,280,54.2,False,0.0
542_z18,40,81,36,47,41.6,97.9,880,291,877,271,884,311,218.0,False,0.0
542_z18,40,78,42,54,54.1,102.1,840,316,835,291,846,343,178.4,False,0.0
542_z18,40,71,30,42,44.9,22.4,919,313,899,305,940,321,240.0,False,0.0
542_z18,40,58,20,49,45.5,97.9,998,337,995,315,1002,359,340.0,False,0.0
542_z18,40,39,16,33,40.3,120.1,173,334,163,317,183,351,355.7,False,0.0
542_z18,40,135,37,88,83.7,150.7,805,347,759,321,834,362,108.8,False,0.0
542_z18,40,75,31,57,49.5,97.8,947,361,943,337,950,385,291.9,False,0.0
542_z18,40,46,16,44,44.4,165.0,721,344,700,338,742,349,51.9,False,0.0
542_z18,40,53,23,43,41.4,97.9,868,366,865,346,871,386,215.0,False,0.0
542_z18,40,74,32,42,43.7,157.7,174,363,154,355,194,370,344.2,False,0.0
542_z18,40,94,39,60,55.0,179.5,500,370,470,369,524,370,23.8,False,0.0
542_z18,40,42,10,43,42.0,0.0,330,377,309,377,350,377,190.9,False,0.0
542_z18,40,53,20,47,41.4,97.9,563,397,560,377,566,417,0.0,True,0.0
542_z18,40,170,60,79,88.2,145.7,688,406,650,377,723,425,16.8,False,0.0
542_z18,40,190,77,103,98.0,81.6,762,437,758,394,774,490,124.0,False,0.0
542_z18,40,147,50,61,63.1,63.7,377,434,366,406,393,462,148.1,False,0.0
542_z18,40,294,111,189,141.0,35.3,936,455,877,411,999,480,238.6,False,0.0
542_z18,40,44,21,43,44.0,0.0,978,415,956,415,999,415,314.3,False,0.0
542_z18,40,114,42,49,50.0,11.0,508,426,484,422,532,432,17.0,False,0.0
542_z18,40,67,25,45,43.4,7.8,250,429,229,426,271,432,267.9,False,0.0
542_z18,40,33,13,37,39.2,37.5,253,449,238,437,268,461,273.0,False,0.0
542_z18,40,29,7,37,40.3,135.0,347,468,333,454,361,482,180.0,False,0.0
542_z18,40,111,38,45,48.8,29.7,476,484,456,473,498,496,45.1,False,0.0
542_z18,40,42,17,46,42.0,0.0,804,489,784,489,825,489,150.1,False,0.0
542_z18,40,37,4,36,39.6,22.4,751,497,733,490,769,504,99.1,False,0.0
542_z18,40,78,24,50,51.6,157.3,1000,502,976,493,1023,512,342.5,False,0.0
542_z18,40,159,64,79,78.3,83.9,157,541,153,498,162,575,388.0,False,0.0
542_z18,40,41,5,41,41.0,0.0,903,501,883,501,923,501,249.1,False,0.0
542_z18,40,29,11,38,40.3,45.0,470,523,456,509,484,537,66.1,False,0.0
542_z18,40,176,60,63,62.5,97.2,79,542,75,510,83,571,460.3,False,0.0
542_z18,40,108,47,58,57.7,98.1,50,547,45,520,54,576,489.7,False,0.0
542_z18,40,39,18,40,39.5,82.2,240,564,237,545,243,583,309.6,False,0.0
542_z18,40,172,77,99,98.2,4.9,710,558,653,554,750,562,41.6,False,0.0
542_z18,40,73,27,52,51.2,93.9,582,585,579,560,585,610,0.0,True,0.0
542_z18,40,105,41,74,70.1,174.8,458,568,420,562,489,572,66.9,False,0.0
542_z18,40,40,14,39,40.0,0.0,884,563,864,563,903,563,240.1,False,0.0
542_z18,40,284,84,101,111.0,37.6,687,597,636,568,725,633,35.4,False,0.0
542_z18,40,40,24,40,40.0,90.0,548,590,548,570,548,609,18.8,False,0.0
542_z18,40,102,33,72,65.1,16.1,486,600,454,586,515,606,59.1,False,0.0
542_z18,40,93,34,57,53.1,93.9,82,613,79,588,85,640,467.7,False,0.0
542_z18,40,82,33,42,44.4,75.0,410,624,404,603,415,645,160.6,False,0.0
542_z18,40,39,7,47,39.5,97.8,251,629,248,610,254,648,305.6,False,0.0
542_z18,40,90,42,47,46.0,0.1,814,632,792,631,837,632,198.0,False,0.0
542_z18,40,123,54,58,56.7,97.9,775,661,771,634,780,689,185.6,False,0.0
542_z18,40,59,15,43,46.1,149.9,867,647,847,636,886,659,258.7,False,0.0
542_z18,40,177,67,93,82.9,148.7,175,663,131,637,206,680,359.1,False,0.0
542_z18,40,122,33,108,59.7,34.0,558,658,520,637,572,690,40.5,False,0.0
542_z18,40,174,73,95,63.0,33.7,698,669,686,643,732,691,105.7,False,0.0
542_z18,40,37,9,41,39.6,22.4,600,653,582,646,618,660,48.0,False,0.0
542_z18,40,39,9,34,40.3,30.1,655,661,638,651,672,671,73.8,False,0.0
542_z18,40,49,19,50,49.0,0.0,966,653,942,653,990,653,346.1,False,0.0
542_z18,40,106,38,95,72.8,42.8,901,708,884,674,935,725,298.5,False,0.0
542_z18,40,113,40,64,58.9,170.8,816,691,786,686,843,696,217.8,False,0.0
542_z18,40,125,45,51,47.7,82.1,738,718,734,696,742,742,174.9,False,0.0
542_z18,40,39,15,39,40.3,105.0,780,726,775,707,785,745,222.7,False,0.0
542_z18,40,59,23,42,43.4,15.1,359,718,339,712,380,723,233.5,False,0.0
542_z18,40,107,41,62,61.1,3.1,427,722,394,718,454,724,176.1,False,0.0
542_z18,40,148,63,71,72.0,88.6,567,756,566,721,568,792,124.2,False,0.0
542_z18,40,66,28,37,40.6,37.5,998,737,983,724,1014,749,408.5,False,0.0
542_z18,40,50,20,41,41.2,105.0,209,744,204,725,214,764,382.7,False,0.0
542_z18,40,105,41,77,71.0,90.8,71,768,71,734,72,804,517.9,False,0.0
542_z18,40,74,31,48,46.6,15.2,964,747,943,741,987,753,378.1,False,0.0
542_z18,40,88,38,47,45.5,82.0,384,766,380,744,387,788,245.7,False,0.0
542_z18,40,48,15,42,42.7,22.3,906,770,887,763,926,778,338.9,False,0.0
542_z18,40,90,40,54,54.0,0.7,960,771,936,770,989,771,384.8,False,0.0
542_z18,40,113,46,47,48.5,97.7,401,796,398,773,405,820,246.8,False,0.0
542_z18,40,61,20,39,45.3,44.8,296,806,279,790,311,821,348.1,False,0.0
542_z18,40,40,27,40,40.0,90.0,383,844,383,825,383,864,300.2,False,0.0
542_z18,40,39,18,38,40.3,165.0,941,831,922,826,960,836,409.2,False,0.0
542_z18,40,41,7,45,41.0,90.0,275,847,275,827,275,867,379.7,False,0.0
542_z18,40,39,9,43,39.5,82.2,300,851,297,832,303,870,365.8,False,0.0
542_z18,40,39,21,39,39.5,7.8,872,839,853,836,891,842,356.6,False,0.0
542_z18,40,39,12,45,40.3,30.1,518,856,501,846,535,866,261.2,False,0.0
542_z18,40,93,25,80,45.6,80.5,924,867,908,848,943,890,405.9,False,0.0
542_z18,40,187,63,108,105.9,10.0,655,865,608,858,711,878,261.2,False,0.0
542_z18,40,154,62,91,77.3,96.4,206,906,200,868,210,944,458.6,False,0.0
542_z18,40,114,45,56,55.4,7.4,864,884,838,881,892,888,378.5,False,0.0
542_z18,40,106,46,78,74.0,0.6,670,889,631,886,704,892,297.1,False,0.0
542_z18,40,64,25,41,41.8,112.4,901,916,893,897,908,935,438.5,False,0.0
542_z18,40,120,49,56,50.5,97.5,728,941,725,917,732,966,351.3,False,0.0
542_z18,40,49,27,49,49.0,90.0,585,942,585,918,585,966,320.0,False,0.0
542_z18,40,131,60,84,77.1,179.6,55,931,13,927,89,937,592.9,False,0.0
542_z18,40,48,12,41,42.7,22.3,526,954,507,946,546,961,355.8,False,0.0
542_z18,40,39,15,39,40.3,15.0,827,951,808,946,846,956,413.2,False,0.0
542_z18,40,41,27,40,41.0,0.0,448,955,428,955,468,955,375.1,False,0.0
542_z18,40,95,35,44,46.1,30.3,864,970,844,958,883,981,443.0,False,0.0
542_z18,40,37,17,37,39.6,22.4,609,981,591,974,627,988,376.1,False,0.0
542_z18,40,88,40,63,64.0,0.8,810,985,780,982,843,988,431.1,False,0.0
542_z18,40,107,37,50,52.5,18.1,100,996,76,989,125,1005,609.4,False,0.0
542_z18,40,60,16,60,60.0,0.0,852,996,823,996,882,996,463.8,False,0.0
542_z18,40,39,17,36,40.3,30.1,506,1013,489,1003,523,1023,415.8,False,0.0
542_z18,40,110,47,52,50.5,172.2,609,1020,584,1016,633,1023,420.4,False,0.0
542_z18,60,78,35,62,60.2,157.5,760,101,732,90,787,112,44.2,False,0.0
542_z18,60,93,39,67,61.1,105.0,124,212,116,183,132,241,432.0,False,0.0
542_z18,60,57,17,57,60.9,30.0,902,426,876,411,928,441,237.7,False,0.0
542_z18,60,95,48,62,63.5,97.6,79,540,75,509,83,571,460.3,False,0.0
542_z18,60,77,38,63,61.5,82.3,158,546,154,516,162,576,388.1,False,0.0
542_z18,60,95,44,65,63.5,7.6,721,558,690,554,752,562,75.6,False,0.0
542_z18,60,74,17,60,64.5,30.0,670,584,643,568,698,600,41.0,False,0.0
542_z18,60,61,26,61,61.0,90.0,567,754,567,724,567,784,127.0,False,0.0
542_z18,60,59,18,62,59.2,14.9,681,870,653,862,709,878,273.1,False,0.0
542_z18,60,86,43,71,62.5,97.6,205,910,201,880,209,941,464.3,False,0.0
542_z18,60,60,16,60,60.0,0.0,852,996,823,996,882,996,463.8,False,0.0
543-2,40,92,44,44,46.0,0.0,476,0,453,0,498,1,,False,0.0
543-2,40,43,18,47,43.0,90.0,584,22,584,1,584,43,,False,0.0
543-2,40,40,10,41,40.0,0.0,732,10,713,10,752,10,,False,0.0
543-2,40,37,10,39,39.6,22.4,812,19,794,12,830,26,,False,0.0
543-2,40,37,12,40,39.6,157.6,364,33,346,26,382,40,,False,0.0
543-2,40,61,18,54,54.6,172.2,167,36,140,32,193,40,,False,0.0
543-2,40,30,11,36,41.7,135.0,118,48,104,33,133,62,,False,0.0
543-2,40,108,48,85,81.7,171.4,395,40,358,36,438,48,,False,0.0
543-2,40,57,18,59,57.0,0.0,930,39,902,39,958,39,,False,0.0
543-2,40,48,17,41,42.7,157.7,1000,48,981,41,1020,56,,False,0.0
543-2,40,85,34,40,42.2,142.7,640,56,624,43,657,68,,False,0.0
543-2,40,82,38,51,43.0,179.8,709,47,688,47,730,48,,False,0.0
543-2,40,140,42,56,56.6,161.7,205,57,179,49,232,66,,False,0.0
543-2,40,98,39,47,47.2,157.6,519,57,498,49,541,66,,False,0.0
543-2,40,129,59,72,68.0,0.1,844,57,812,56,879,57,,False,0.0
543-2,40,190,61,111,89.4,143.7,546,88,509,58,584,120,,False,0.0
543-2,40,39,9,41,40.3,149.9,336,69,319,59,353,79,,False,0.0
543-2,40,176,60,101,91.7,172.7,730,83,690,75,780,87,,False,0.0
543-2,40,158,58,73,70.5,173.3,897,82,862,75,931,85,,False,0.0
543-2,40,39,17,40,40.3,15.0,983,83,964,78,1002,88,,False,0.0
543-2,40,31,13,37,43.1,135.0,107,100,92,85,122,115,,False,0.0
543-2,40,122,42,45,54.2,150.1,229,104,204,91,250,118,,False,0.0
543-2,40,91,41,55,48.0,90.1,1007,117,1006,93,1007,140,,False,0.0
543-2,40,50,22,41,41.2,165.0,348,101,329,96,368,106,,False,0.0
543-2,40,136,43,49,51.0,164.6,416,105,393,98,441,112,,False,0.0
543-2,40,82,39,45,42.0,179.9,792,99,771,98,812,99,,False,0.0
543-2,40,478,181,209,192.5,83.6,835,192,824,98,848,288,,False,0.0
543-2,40,155,66,88,83.0,1.3,901,99,864,98,946,100,,False,0.0
543-2,40,109,39,56,56.2,5.9,739,103,712,99,767,106,,False,0.0
543-2,40,59,20,35,42.4,135.1,235,119,220,105,250,134,,False,0.0
543-2,40,39,19,39,40.3,120.1,39,130,29,113,49,147,,False,0.0
543-2,40,39,4,45,39.5,172.2,950,126,931,123,969,129,,False,0.0
543-2,40,47,15,49,47.0,0.0,746,125,723,125,769,125,,False,0.0
543-2,40,143,66,91,88.3,5.0,721,144,676,139,763,148,,False,0.0
543-2,40,80,31,51,52.6,14.9,869,151,844,145,894,158,,False,0.0
543-2,40,148,56,69,68.9,165.7,785,157,753,149,819,165,,False,0.0
543-2,40,115,48,56,57.0,165.0,956,161,930,153,984,168,,False,0.0
543-2,40,75,28,37,42.0,142.4,975,169,959,156,991,182,,False,0.0
543-2,40,56,36,55,56.0,0.0,694,166,666,166,721,166,,False,0.0
543-2,40,30,9,37,41.7,135.0,272,182,258,167,287,196,,False,0.0
543-2,40,112,46,58,56.1,170.4,319,175,290,169,344,180,,False,0.0
543-2,40,113,42,46,45.3,22.4,675,179,655,170,696,187,,False,0.0
543-2,40,175,62,79,80.2,174.5,770,183,734,179,813,188,,False,0.0
543-2,40,37,15,40,39.6,157.6,483,211,465,204,501,218,,False,0.0
543-2,40,85,34,53,43.4,142.4,859,221,842,207,875,234,,False,0.0
543-2,40,52,16,54,52.0,0.0,690,215,664,215,715,215,,False,0.0
543-2,40,41,24,43,41.0,90.0,14,238,14,218,14,258,,False,0.0
543-2,40,92,40,44,44.6,8.0,736,222,714,218,757,225,,False,0.0
543-2,40,53,20,50,48.5,15.0,216,226,193,220,239,232,,False,0.0
543-2,40,104,37,84,65.8,116.9,104,270,82,233,119,294,,False,0.0
543-2,40,62,15,38,46.7,135.2,476,256,460,240,493,272,,False,0.0
543-2,40,40,11,43,40.0,0.0,964,250,944,250,983,250,,False,0.0
543-2,40,243,70,91,100.9,140.2,880,293,837,258,914,322,,False,0.0
543-2,40,95,36,70,70.2,4.2,796,267,758,265,827,271,,False,0.0
543-2,40,32,8,40,44.6,135.0,266,282,250,267,281,298,,False,0.0
543-2,40,67,30,53,48.5,7.8,420,277,396,273,443,280,,False,0.0
543-2,40,93,34,53,55.8,146.7,992,291,971,277,1017,307,,False,0.0
543-2,40,177,47,86,87.3,153.1,699,294,660,279,735,322,,False,0.0
543-2,40,39,8,43,39.5,7.8,130,293,111,290,149,296,,False,0.0
543-2,40,162,65,74,74.8,171.9,799,303,763,297,836,308,,False,0.0
543-2,40,39,15,38,39.5,172.2,719,307,700,304,738,310,,False,0.0
543-2,40,39,13,38,39.5,7.8,743,316,724,313,762,319,,False,0.0
543-2,40,206,71,137,85.4,135.0,941,345,909,317,975,376,,False,0.0
543-2,40,46,17,45,40.4,172.2,284,322,265,319,304,325,,False,0.0
543-2,40,39,11,41,40.3,165.0,390,328,371,323,409,333,,False,0.0
543-2,40,74,20,49,43.1,93.5,197,373,194,353,200,395,,False,0.0
543-2,40,50,12,51,50.0,90.0,12,380,12,355,12,404,,False,0.0
543-2,40,42,13,45,42.0,0.0,452,373,431,373,472,373,,False,0.0
543-2,40,171,73,82,82.9,172.2,853,382,815,376,896,388,,False,0.0
543-2,40,96,36,58,56.1,4.3,473,388,447,385,502,391,,False,0.0
543-2,40,40,9,51,55.9,135.0,642,410,623,391,662,430,,False,0.0
543-2,40,92,39,43,43.4,165.0,775,397,754,391,795,402,,False,0.0
543-2,40,63,21,42,46.7,135.2,522,413,506,396,539,428,,False,0.0
543-2,40,131,57,86,79.2,171.9,827,404,785,398,862,419,,False,0.0
543-2,40,147,44,54,56.3,158.3,959,408,934,398,986,417,,False,0.0
543-2,40,147,54,77,74.2,84.1,145,459,141,421,149,494,,False,0.0
543-2,40,274,108,157,89.3,57.4,828,449,790,422,856,494,,False,0.0
543-2,40,108,40,53,58.5,147.8,966,453,943,434,991,466,,False,0.0
543-2,40,145,62,86,63.6,63.6,365,471,353,439,388,496,,False,0.0
543-2,40,212,81,85,90.6,68.0,90,494,70,452,104,535,,False,0.0
543-2,40,77,22,54,63.7,135.4,567,475,545,452,590,496,,False,0.0
543-2,40,79,32,58,55.1,175.9,926,455,898,452,952,458,,False,0.0
543-2,40,93,27,54,53.2,175.3,795,458,770,455,822,461,,False,0.0
543-2,40,39,14,39,40.3,165.0,627,461,608,456,646,466,,False,0.0
543-2,40,196,59,105,76.5,162.3,246,479,208,457,275,494,,False,0.0
543-2,40,32,9,41,44.6,135.0,306,476,290,460,321,491,,False,0.0
543-2,40,40,9,41,44.2,127.5,588,485,575,468,602,502,,False,0.0
543-2,40,74,29,44,44.9,157.5,953,476,932,468,973,484,,False,0.0
543-2,40,147,55,73,76.1,154.7,927,499,891,482,959,514,,False,0.0
543-2,40,148,53,90,84.0,79.1,160,531,151,491,169,572,,False,0.0
543-2,40,140,50,58,58.8,71.3,146,524,138,496,156,551,,False,0.0
543-2,40,116,54,77,76.5,164.6,417,528,385,508,457,532,,False,0.0
543-2,40,91,40,48,49.0,179.7,813,511,789,511,837,512,,False,0.0
543-2,40,77,32,49,47.5,97.8,743,538,739,516,746,562,,False,0.0
543-2,40,107,48,70,68.2,165.4,343,524,311,518,376,535,,False,0.0
543-2,40,48,13,45,42.7,157.7,650,532,631,525,670,540,,False,0.0
543-2,40,39,10,39,40.3,30.1,559,538,542,528,576,548,,False,0.0
543-2,40,123,48,52,53.9,74.9,135,574,128,549,142,600,,False,0.0
543-2,40,43,3,43,43.0,0.0,918,552,897,552,939,552,,False,0.0
543-2,40,162,57,114,54.7,89.6,344,581,323,555,368,601,,False,0.0
543-2,40,121,41,53,57.0,142.0,251,575,229,557,273,592,,False,0.0
543-2,40,126,43,93,84.7,174.3,618,582,579,572,662,586,,False,0.0
543-2,40,101,36,57,55.7,19.2,468,586,444,577,496,594,,False,0.0
543-2,40,275,104,140,137.5,163.7,808,603,732,582,865,619,,False,0.0
543-2,40,160,56,65,63.0,157.9,254,598,226,587,284,609,,False,0.0
543-2,40,81,38,51,45.4,172.3,548,591,526,588,570,594,,False,0.0
543-2,40,139,43,97,88.0,160.7,970,610,929,592,1010,624,,False,0.0
543-2,40,120,48,87,86.1,169.0,950,603,907,593,991,608,,False,0.0
543-2,40,39,20,42,39.5,172.2,111,600,92,597,130,603,,False,0.0
543-2,40,121,49,72,69.9,81.7,63,632,58,599,69,667,,False,0.0
543-2,40,39,15,43,40.3,165.0,413,604,394,599,432,609,,False,0.0
543-2,40,46,15,38,42.5,120.0,574,618,564,600,585,636,,False,0.0
543-2,40,40,4,41,40.0,0.0,26,612,6,612,45,612,,False,0.0
543-2,40,108,36,73,74.2,167.2,303,633,268,621,339,639,,False,0.0
543-2,40,94,43,62,57.1,85.7,647,649,644,623,650,679,,False,0.0
543-2,40,46,13,39,40.4,7.8,496,630,476,627,515,633,,False,0.0
543-2,40,33,7,38,39.2,142.5,780,644,765,632,795,656,,False,0.0
543-2,40,153,63,80,72.2,93.5,13,682,8,644,15,715,,False,0.0
543-2,40,53,18,51,47.5,97.8,380,668,377,645,384,691,,False,0.0
543-2,40,46,10,42,40.4,172.2,568,666,548,663,587,669,,False,0.0
543-2,40,39,11,38,40.3,149.9,958,677,941,667,975,687,,False,0.0
543-2,40,77,36,48,48.5,67.3,916,697,907,675,925,719,,False,0.0
543-2,40,37,13,38,39.6,157.6,971,686,953,679,989,693,,False,0.0
543-2,40,41,30,41,41.0,0.0,798,681,778,681,818,681,,False,0.0
543-2,40,46,14,39,42.5,60.0,92,703,81,685,102,721,,False,0.0
543-2,40,58,20,45,45.5,172.1,440,705,418,702,462,709,,False,0.0
543-2,40,44,23,44,44.0,90.0,194,724,194,703,194,746,,False,0.0
543-2,40,68,25,53,47.5,15.1,554,715,531,709,576,721,,False,0.0
543-2,40,77,29,40,43.9,30.2,741,731,723,720,760,742,,False,0.0
543-2,40,134,41,84,85.2,163.6,981,736,935,720,1016,743,,False,0.0
543-2,40,42,9,43,42.0,0.0,906,727,885,727,926,727,,False,0.0
543-2,40,83,33,49,47.2,67.6,71,755,62,733,79,776,,False,0.0
543-2,40,89,36,50,47.2,52.8,179,750,166,733,194,770,,False,0.0
543-2,40,87,38,40,41.6,97.9,161,756,157,736,164,776,,False,0.0
543-2,40,60,14,41,47.0,37.5,119,768,101,753,137,782,,False,0.0
543-2,40,53,24,44,41.4,7.9,220,757,200,754,240,760,,False,0.0
543-2,40,74,30,39,41.2,52.5,536,778,523,762,549,793,,False,0.0
543-2,40,114,37,45,48.3,146.6,948,784,929,771,968,798,,False,0.0
543-2,40,118,29,53,55.5,153.3,594,786,570,775,619,799,,False,0.0
543-2,40,92,39,51,48.7,172.1,1000,782,976,778,1023,786,,False,0.0
543-2,40,48,12,46,46.1,30.2,742,792,722,780,761,803,,False,0.0
543-2,40,97,42,58,58.0,179.4,793,783,761,782,818,783,,False,0.0
543-2,40,68,23,39,41.4,127.5,850,801,837,785,862,817,,False,0.0
543-2,40,47,14,47,45.6,52.5,121,805,107,787,135,822,,False,0.0
543-2,40,121,43,55,62.3,30.3,405,805,380,791,433,822,,False,0.0
543-2,40,34,9,43,47.4,135.0,982,808,966,792,999,825,,False,0.0
543-2,40,165,45,63,66.4,33.1,741,814,714,798,770,832,,False,0.0
543-2,40,72,33,46,43.2,14.8,604,814,584,809,625,819,,False,0.0
543-2,40,50,20,41,41.2,15.0,400,818,381,813,420,823,,False,0.0
543-2,40,46,20,48,46.0,0.0,712,818,689,818,734,818,,False,0.0
543-2,40,137,50,60,60.5,22.4,91,836,64,825,119,848,,False,0.0
543-2,40,95,37,49,52.0,149.8,451,839,429,826,473,852,,False,0.0
543-2,40,77,28,47,41.0,168.9,631,834,612,829,651,839,,False,0.0
543-2,40,332,126,164,155.9,172.4,768,847,690,834,844,857,,False,0.0
543-2,40,39,22,42,39.5,7.8,576,845,557,842,595,848,,False,0.0
543-2,40,37,10,38,39.6,157.6,373,850,355,843,391,857,,False,0.0
543-2,40,39,15,42,40.3,105.0,480,866,475,847,485,885,,False,0.0
543-2,40,216,65,106,108.6,148.3,981,888,930,850,1022,906,,False,0.0
543-2,40,82,27,74,70.8,19.2,523,866,488,859,554,884,,False,0.0
543-2,40,42,7,34,40.6,37.5,446,882,430,870,461,895,,False,0.0
543-2,40,174,59,89,91.7,24.7,142,892,103,876,185,915,,False,0.0
543-2,40,64,29,41,45.3,135.0,381,902,365,887,397,918,,False,0.0
543-2,40,50,22,45,41.2,165.0,710,910,691,905,730,915,,False,0.0
543-2,40,407,149,170,161.9,170.1,822,944,746,909,899,959,,False,0.0
543-2,40,52,17,41,40.5,157.6,788,917,769,910,806,924,,False,0.0
543-2,40,44,16,44,44.0,0.0,416,914,394,914,437,914,,False,0.0
543-2,40,32,5,39,44.6,135.0,896,938,881,922,912,953,,False,0.0
543-2,40,67,28,55,56.4,150.0,697,938,673,924,721,952,,False,0.0
543-2,40,113,48,64,65.5,7.3,811,932,781,925,845,936,,False,0.0
543-2,40,53,35,42,41.4,172.1,745,939,725,936,765,942,,False,0.0
543-2,40,46,16,42,42.5,30.0,150,954,132,943,168,964,,False,0.0
543-2,40,101,30,72,73.8,33.6,419,960,387,945,448,985,,False,0.0
543-2,40,61,21,44,44.0,157.5,996,955,976,947,1016,963,,False,0.0
543-2,40,100,38,71,65.2,85.4,589,983,586,950,593,1014,,False,0.0
543-2,40,88,27,61,64.9,33.0,549,970,523,951,576,987,,False,0.0
543-2,40,108,43,48,48.1,80.1,54,985,48,962,58,1008,,False,0.0
543-2,40,155,54,62,69.0,150.3,740,986,709,970,768,1004,,False,0.0
543-2,40,83,32,55,54.6,165.4,777,997,750,991,802,1004,,False,0.0
543-2,40,51,20,39,42.0,127.5,844,1007,831,991,857,1023,,False,0.0
543-2,40,37,11,37,39.6,157.6,942,1008,924,1001,960,1015,,False,0.0
543-2,40,71,28,47,44.4,164.9,979,1018,958,1012,1000,1023,,False,0.0
543-2,40,93,43,49,48.0,0.1,504,1022,481,1021,528,1022,,False,0.0
543-2,40,40,21,38,40.0,0.0,618,1022,599,1022,638,1022,,False,0.0
543-2,60,129,59,72,68.0,0.1,844,57,812,56,879,57,,False,0.0
543-2,60,44,8,52,61.5,135.0,530,98,509,77,552,120,,False,0.0
543-2,60,122,56,83,78.6,82.5,832,171,827,131,837,208,,False,0.0
543-2,60,59,25,61,59.2,165.1,788,157,760,149,816,165,,False,0.0
543-2,60,86,41,62,62.5,172.4,764,184,734,180,795,188,,False,0.0
543-2,60,68,27,54,60.6,142.5,876,298,852,279,899,316,,False,0.0
543-2,60,110,47,73,73.7,172.2,800,303,763,298,835,308,,False,0.0
543-2,60,57,24,60,60.9,150.0,949,338,923,323,975,353,,False,0.0
543-2,60,151,70,82,80.8,172.3,853,382,815,377,894,388,,False,0.0
543-2,60,95,41,66,63.5,82.4,145,463,141,432,149,494,,False,0.0
543-2,60,88,27,58,60.5,157.4,918,504,890,492,945,515,,False,0.0
543-2,60,143,53,68,73.5,157.1,833,595,798,582,865,610,,False,0.0
543-2,60,78,35,61,60.2,157.5,256,598,229,587,284,609,,False,0.0
543-2,60,57,15,55,60.9,30.0,411,809,385,794,437,824,,False,0.0
543-2,60,88,41,58,60.5,22.6,92,836,64,825,119,848,,False,0.0
543-2,60,90,42,72,67.4,165.0,795,844,763,835,827,853,,False,0.0
543-2,60,59,26,62,59.5,7.7,728,853,699,849,757,857,,False,0.0
543-2,60,106,36,65,69.1,22.7,133,888,102,875,165,901,,False,0.0
543-2,60,68,20,64,60.5,7.7,820,946,790,942,849,950,,False,0.0
543-2,60,118,48,61,67.6,150.1,739,986,709,970,767,1003,,False,0.0
543-2,80,79,35,86,79.6,82.4,832,167,827,128,837,206,,False,0.0
543-2,80,90,46,81,80.6,172.4,856,382,816,377,895,387,,False,0.0
543-2,85,85,36,92,85.6,82.6,832,167,827,125,837,209,,False,0.0
543-2,85,83,38,90,85.9,165.0,788,846,747,835,829,857,,False,0.0
543_3,40,102,22,40,49.5,131.8,287,18,271,0,305,35,,False,0.0
543_3,40,175,54,74,77.1,147.4,498,23,466,0,529,43,,False,0.0
543_3,40,225,89,114,78.5,155.1,902,20,878,0,944,50,,False,0.0
543_3,40,39,12,41,39.5,7.8,798,5,779,2,817,8,,False,0.0
543_3,40,46,16,41,40.4,172.2,986,10,967,7,1006,13,,False,0.0
543_3,40,80,31,55,50.3,112.2,857,31,848,8,866,54,,False,0.0
543_3,40,286,99,142,75.8,7.6,171,30,134,14,200,55,,False,0.0
543_3,40,182,66,100,89.1,173.2,666,42,628,34,716,50,,False,0.0
543_3,40,34,13,42,47.4,135.0,308,56,292,39,325,72,,False,0.0
543_3,40,39,16,40,40.3,149.9,678,63,661,53,695,73,,False,0.0
543_3,40,39,7,39,39.5,97.8,927,75,924,56,930,94,,False,0.0
543_3,40,53,23,41,41.4,7.9,985,60,965,57,1005,63,,False,0.0
543_3,40,72,25,43,47.8,142.5,506,76,488,61,525,90,,False,0.0
543_3,40,100,40,50,42.4,7.7,717,64,697,61,738,68,,False,0.0
543_3,40,83,36,43,44.0,157.6,394,70,374,62,414,78,,False,0.0
543_3,40,46,21,40,40.4,7.8,330,75,311,72,350,78,,False,0.0
543_3,40,77,22,50,48.1,12.2,866,81,843,75,889,86,,False,0.0
543_3,40,126,44,96,90.4,173.7,765,94,716,88,805,97,,False,0.0
543_3,40,118,45,68,67.3,168.6,400,97,367,89,432,102,,False,0.0
543_3,40,87,37,57,53.6,15.0,678,95,653,89,704,102,,False,0.0
543_3,40,39,18,39,39.5,172.2,1004,95,985,92,1023,98,,False,0.0
543_3,40,54,18,39,42.8,142.5,161,107,145,94,178,120,,False,0.0
543_3,40,71,31,46,44.4,164.9,450,106,429,100,471,111,,False,0.0
543_3,40,31,15,37,43.1,135.0,920,132,905,117,935,147,,False,0.0
543_3,40,146,52,83,87.1,148.6,604,142,568,124,641,170,,False,0.0
543_3,40,83,28,51,54.8,142.3,420,142,399,125,441,159,,False,0.0
543_3,40,207,77,107,70.0,2.7,311,160,285,131,351,170,,False,0.0
543_3,40,263,91,154,95.5,61.9,91,184,60,139,126,208,,False,0.0
543_3,40,46,19,49,46.0,0.0,470,140,448,140,493,140,,False,0.0
543_3,40,100,45,50,51.6,172.2,758,144,733,140,783,148,,False,0.0
543_3,40,143,48,60,51.8,82.1,831,168,826,143,835,193,,False,0.0
543_3,40,266,93,119,113.6,78.7,20,202,7,153,27,264,,False,0.0
543_3,40,61,26,42,42.2,165.1,774,160,754,155,794,165,,False,0.0
543_3,40,143,56,78,78.1,170.0,706,168,671,161,747,175,,False,0.0
543_3,40,172,63,93,89.8,167.9,182,171,143,162,231,181,,False,0.0
543_3,40,141,46,70,65.5,74.0,51,198,41,164,59,226,,False,0.0
543_3,40,53,22,42,41.4,172.1,967,168,947,165,987,171,,False,0.0
543_3,40,33,11,41,39.2,142.5,333,185,318,173,348,197,,False,0.0
543_3,40,131,46,75,72.4,173.2,772,182,734,177,805,187,,False,0.0
543_3,40,32,9,39,44.6,135.0,382,200,366,184,397,215,,False,0.0
543_3,40,82,23,58,58.1,177.1,456,189,426,185,483,191,,False,0.0
543_3,40,50,19,41,41.2,165.0,772,206,752,201,791,211,,False,0.0
543_3,40,39,16,46,40.3,165.0,268,209,249,204,287,214,,False,0.0
543_3,40,109,35,53,56.9,160.2,994,213,969,205,1022,223,,False,0.0
543_3,40,82,31,77,57.0,1.2,155,219,126,215,182,221,,False,0.0
543_3,40,128,44,54,53.8,161.9,998,226,973,218,1023,235,,False,0.0
543_3,40,37,8,40,39.6,157.6,195,230,177,223,213,237,,False,0.0
543_3,40,41,11,41,41.0,0.0,234,228,214,228,254,228,,False,0.0
543_3,40,37,18,41,39.6,112.4,83,250,76,232,90,268,,False,0.0
543_3,40,76,33,42,42.6,172.0,625,242,604,239,645,246,,False,0.0
543_3,40,68,21,41,43.4,150.0,62,258,44,248,81,269,,False,0.0
543_3,40,42,10,37,40.6,127.5,666,274,653,258,678,289,,False,0.0
543_3,40,40,7,41,40.0,0.0,776,265,756,265,795,265,,False,0.0
543_3,40,39,10,45,39.5,82.2,922,284,919,265,925,303,,False,0.0
543_3,40,41,10,41,41.0,0.0,617,273,597,273,637,273,,False,0.0
543_3,40,40,9,39,40.0,0.0,234,276,215,276,254,276,,False,0.0
543_3,40,42,12,42,42.0,0.0,820,281,799,281,840,281,,False,0.0
543_3,40,77,27,52,55.1,150.0,996,300,972,287,1019,314,,False,0.0
543_3,40,116,34,66,69.4,46.0,332,325,311,300,358,350,,False,0.0
543_3,40,90,40,45,46.5,172.0,720,305,698,302,743,309,,False,0.0
543_3,40,157,48,72,73.0,88.9,43,349,42,306,44,378,,False,0.0
543_3,40,78,34,52,48.1,157.5,562,320,540,312,584,329,,False,0.0
543_3,40,30,2,35,41.7,135.0,1002,330,988,315,1017,344,,False,0.0
543_3,40,86,35,53,51.7,74.8,196,344,190,319,203,368,,False,0.0
543_3,40,153,60,70,70.3,5.8,753,328,719,325,788,333,,False,0.0
543_3,40,61,31,42,42.2,165.1,835,332,815,327,855,337,,False,0.0
543_3,40,50,21,40,41.2,165.0,746,347,727,342,766,352,,False,0.0
543_3,40,39,17,42,40.3,75.0,172,365,167,346,177,384,,False,0.0
543_3,40,180,76,145,89.3,110.5,95,395,65,347,110,434,,False,0.0
543_3,40,93,37,47,48.4,149.9,871,363,850,351,891,375,,False,0.0
543_3,40,88,37,76,69.0,178.0,456,360,420,355,488,366,,False,0.0
543_3,40,37,16,39,39.6,157.6,829,380,811,373,847,387,,False,0.0
543_3,40,132,45,62,64.9,155.1,676,388,645,377,703,405,,False,0.0
543_3,40,168,69,129,89.0,168.5,867,437,825,404,904,464,,False,0.0
543_3,40,91,37,46,49.2,150.0,294,421,273,409,315,433,,False,0.0
543_3,40,172,45,77,79.2,51.6,71,443,46,411,96,473,,False,0.0
543_3,40,80,38,46,40.0,0.0,586,416,567,415,606,416,,False,0.0
543_3,40,39,15,39,40.3,149.9,659,432,642,422,676,442,,False,0.0
543_3,40,232,71,102,100.7,171.8,802,428,759,423,858,437,,False,0.0
543_3,40,48,11,45,43.4,15.2,214,432,194,426,235,437,,False,0.0
543_3,40,90,35,47,50.3,157.7,588,435,565,426,611,444,,False,0.0
543_3,40,73,29,43,44.0,157.6,943,440,923,432,963,448,,False,0.0
543_3,40,75,30,49,49.4,112.6,320,464,311,442,329,487,,False,0.0
543_3,40,50,18,49,41.2,165.0,964,448,945,443,984,453,,False,0.0
543_3,40,85,27,50,55.1,150.1,679,458,655,445,702,472,,False,0.0
543_3,40,80,33,53,47.5,97.9,362,477,358,454,365,500,,False,0.0
543_3,40,72,31,55,48.2,4.1,931,457,907,454,954,460,,False,0.0
543_3,40,68,28,47,47.2,157.4,963,467,941,458,984,475,,False,0.0
543_3,40,94,34,38,46.4,142.6,980,475,962,461,998,489,,False,0.0
543_3,40,71,13,45,48.8,41.5,117,486,100,469,134,503,,False,0.0
543_3,40,72,26,46,44.2,142.5,843,483,826,469,860,496,,False,0.0
543_3,40,60,27,41,42.4,82.2,111,518,108,497,114,538,,False,0.0
543_3,40,77,19,51,55.2,45.1,534,518,515,498,553,537,,False,0.0
543_3,40,110,45,64,56.2,176.3,992,508,966,504,1021,510,,False,0.0
543_3,40,74,31,41,41.6,172.0,613,521,593,517,633,524,,False,0.0
543_3,40,46,16,50,46.0,90.0,182,544,182,521,182,566,,False,0.0
543_3,40,154,50,61,61.7,154.6,981,537,953,523,1008,549,,False,0.0
543_3,40,97,34,49,50.0,11.8,413,533,389,527,437,538,,False,0.0
543_3,40,39,9,42,39.5,7.8,818,530,799,527,837,533,,False,0.0
543_3,40,101,33,51,54.1,122.5,105,567,91,546,121,590,,False,0.0
543_3,40,98,42,80,49.6,22.7,554,555,530,547,578,578,,False,0.0
543_3,40,75,26,46,53.0,135.0,729,571,710,552,747,589,,False,0.0
543_3,40,131,49,84,78.3,85.6,749,590,746,556,754,633,,False,0.0
543_3,40,188,80,98,50.5,173.2,460,582,429,558,472,607,,False,0.0
543_3,40,39,22,41,40.3,165.0,400,564,381,559,419,569,,False,0.0
543_3,40,88,30,68,65.6,157.6,989,574,958,562,1018,586,,False,0.0
543_3,40,121,47,64,64.3,168.2,932,578,903,572,965,585,,False,0.0
543_3,40,153,46,68,74.6,149.1,645,606,617,586,679,626,,False,0.0
543_3,40,39,19,43,39.5,97.8,609,607,606,588,612,626,,False,0.0
543_3,40,46,7,42,40.4,172.2,276,592,257,589,296,595,,False,0.0
543_3,40,64,21,40,44.2,127.5,731,612,718,595,745,629,,False,0.0
543_3,40,43,21,44,43.0,0.0,925,600,904,600,946,600,,False,0.0
543_3,40,98,36,58,59.8,161.9,265,613,239,604,295,622,,False,0.0
543_3,40,48,11,43,42.7,157.7,546,626,526,618,565,633,,False,0.0
543_3,40,68,22,42,44.0,67.4,897,643,889,623,905,663,,False,0.0
543_3,40,141,55,74,74.5,164.9,671,637,636,625,707,644,,False,0.0
543_3,40,104,45,51,49.7,74.8,138,650,131,626,144,673,,False,0.0
543_3,40,43,11,44,43.0,0.0,501,626,480,626,522,626,,False,0.0
543_3,40,37,7,40,39.6,157.6,387,636,369,629,405,643,,False,0.0
543_3,40,40,18,39,40.0,0.0,276,631,257,631,296,631,,False,0.0
543_3,40,37,11,41,39.6,22.4,942,641,924,634,960,648,,False,0.0
543_3,40,69,31,41,42.4,164.9,786,645,766,639,806,650,,False,0.0
543_3,40,33,15,35,39.2,142.5,1008,655,993,643,1023,667,,False,0.0
543_3,40,58,28,41,40.0,37.5,468,663,453,651,484,675,,False,0.0
543_3,40,43,10,43,43.0,0.0,696,653,675,653,717,653,,False,0.0
543_3,40,118,43,47,48.7,8.2,292,660,268,656,315,664,,False,0.0
543_3,40,139,57,86,83.0,179.6,779,660,733,659,815,660,,False,0.0
543_3,40,125,51,87,54.5,142.5,448,693,421,660,463,703,,False,0.0
543_3,40,66,26,49,49.5,165.1,808,668,785,662,832,674,,False,0.0
543_3,40,33,9,35,39.2,127.5,1005,678,993,663,1017,693,,False,0.0
543_3,40,153,53,91,92.2,170.7,680,669,639,664,729,681,,False,0.0
543_3,40,45,9,45,45.0,0.0,957,674,935,674,979,674,,False,0.0
543_3,40,127,44,50,51.3,157.8,516,690,493,681,540,699,,False,0.0
543_3,40,44,21,44,44.0,0.0,800,686,778,686,821,686,,False,0.0
543_3,40,61,30,44,42.2,104.9,171,710,166,690,176,730,,False,0.0
543_3,40,40,13,39,40.0,0.0,326,704,306,704,345,704,,False,0.0
543_3,40,66,21,42,48.4,149.9,858,729,837,717,878,741,,False,0.0
543_3,40,39,7,42,39.5,172.2,326,722,307,719,345,725,,False,0.0
543_3,40,39,14,41,40.3,165.0,905,727,886,722,924,732,,False,0.0
543_3,40,88,41,56,47.0,90.3,185,749,184,725,185,771,,False,0.0
543_3,40,144,50,59,61.2,168.1,972,736,941,729,1000,741,,False,0.0
543_3,40,67,27,43,44.0,157.5,781,738,761,730,801,746,,False,0.0
543_3,40,37,13,40,39.6,22.4,710,738,692,731,728,745,,False,0.0
543_3,40,39,12,45,40.3,15.0,443,739,424,734,462,744,,False,0.0
543_3,40,188,80,153,115.2,93.9,194,795,174,735,204,849,,False,0.0
543_3,40,134,58,68,60.7,97.9,256,772,252,742,261,801,,False,0.0
543_3,40,33,14,35,39.2,37.5,747,755,732,743,762,767,,False,0.0
543_3,40,39,26,39,39.5,82.2,12,770,9,751,15,789,,False,0.0
543_3,40,94,43,51,48.5,172.2,698,755,675,751,722,758,,False,0.0
543_3,40,74,31,72,65.3,173.6,931,776,899,767,963,783,,False,0.0
543_3,40,56,20,45,48.4,59.9,521,800,509,779,533,820,,False,0.0
543_3,40,164,61,102,65.8,149.2,423,810,386,780,450,824,,False,0.0
543_3,40,42,13,40,40.6,127.5,724,796,711,780,736,811,,False,0.0
543_3,40,42,13,37,40.6,52.5,752,796,739,780,764,811,,False,0.0
543_3,40,44,17,44,44.0,0.0,792,789,771,789,814,789,,False,0.0
543_3,40,60,26,39,40.9,157.5,992,806,973,798,1010,813,,False,0.0
543_3,40,100,40,63,57.9,157.4,848,815,822,804,875,825,,False,0.0
543_3,40,33,14,38,39.2,37.5,74,826,59,814,89,838,,False,0.0
543_3,40,66,20,52,52.8,142.5,363,831,343,815,384,847,,False,0.0
543_3,40,138,49,75,66.2,93.4,618,850,615,819,622,884,,False,0.0
543_3,40,111,44,57,57.6,162.9,997,826,969,819,1023,836,,False,0.0
543_3,40,64,26,41,41.8,67.6,50,841,42,822,57,860,,False,0.0
543_3,40,95,35,47,53.3,149.9,990,842,967,829,1012,856,,False,0.0
543_3,40,90,31,36,43.1,135.0,468,849,453,834,483,864,,False,0.0
543_3,40,39,10,35,40.3,30.1,509,845,492,835,526,855,,False,0.0
543_3,40,105,45,74,67.2,162.3,779,857,742,842,806,867,,False,0.0
543_3,40,39,10,45,39.5,7.8,231,853,212,850,250,856,,False,0.0
543_3,40,96,41,57,54.6,165.2,842,857,816,850,868,863,,False,0.0
543_3,40,116,40,52,57.0,142.9,949,874,925,857,969,892,,False,0.0
543_3,40,105,42,63,62.0,0.5,419,860,388,860,449,861,,False,0.0
543_3,40,95,43,50,50.0,179.8,377,868,353,868,402,869,,False,0.0
543_3,40,104,30,44,46.9,139.0,695,889,678,875,713,905,,False,0.0
543_3,40,90,34,40,43.1,135.0,256,891,241,876,271,906,,False,0.0
543_3,40,56,20,51,47.5,172.2,791,884,768,881,814,888,,False,0.0
543_3,40,53,18,43,44.4,164.9,862,894,841,889,883,900,,False,0.0
543_3,40,83,27,49,50.6,52.7,60,911,45,892,76,931,,False,0.0
543_3,40,60,29,40,42.4,7.8,538,897,518,894,559,900,,False,0.0
543_3,40,120,44,82,56.2,108.2,922,928,902,899,941,954,,False,0.0
543_3,40,75,25,54,52.6,14.9,178,907,153,900,203,913,,False,0.0
543_3,40,42,12,42,42.0,0.0,424,902,403,902,444,902,,False,0.0
543_3,40,39,11,45,39.5,97.8,709,923,706,904,712,942,,False,0.0
543_3,40,153,64,69,70.9,8.4,794,912,758,906,827,917,,False,0.0
543_3,40,39,15,43,39.5,7.8,348,921,329,918,367,924,,False,0.0
543_3,40,61,21,42,46.7,134.7,287,950,271,933,303,966,,False,0.0
543_3,40,81,37,45,43.4,75.0,973,957,967,937,978,978,,False,0.0
543_3,40,39,17,46,39.5,7.8,579,941,560,938,598,944,,False,0.0
543_3,40,39,19,42,40.3,15.0,739,945,720,940,758,950,,False,0.0
543_3,40,44,9,49,44.0,90.0,335,966,335,945,335,988,,False,0.0
543_3,40,46,14,40,40.4,7.8,684,961,665,958,704,964,,False,0.0
543_3,40,42,9,43,42.0,90.0,947,992,947,972,947,1013,,False,0.0
543_3,40,104,46,58,56.1,12.3,779,986,753,980,807,991,,False,0.0
543_3,40,97,33,70,69.6,171.8,363,1006,331,1002,399,1013,,False,0.0
543_3,40,50,23,53,50.0,0.0,784,1003,759,1003,808,1003,,False,0.0
543_3,40,88,41,43,45.0,0.1,227,1022,205,1021,249,1022,,False,0.0
543_3,60,107,47,78,76.7,172.4,767,182,731,177,806,187,,False,0.0
543_3,60,92,28,60,65.8,45.0,335,327,312,304,358,350,,False,0.0
543_3,60,70,10,69,70.0,90.0,42,340,42,306,42,375,,False,0.0
543_3,60,103,36,73,78.4,52.4,69,442,46,412,94,473,,False,0.0
543_3,60,55,18,59,59.2,157.5,988,574,961,563,1015,585,,False,0.0
543_3,60,59,11,66,59.5,82.3,751,614,747,585,755,643,,False,0.0
543_3,60,122,43,65,72.6,149.9,649,604,618,586,680,622,,False,0.0
543_3,60,81,17,83,81.0,0.0,773,660,733,660,813,660,,False,0.0
543_3,60,86,45,68,62.5,97.6,256,770,252,740,260,801,,False,0.0
543_3,60,65,38,69,65.0,90.0,193,817,193,785,193,849,,False,0.0
543_3,60,55,21,62,59.2,157.5,849,814,822,803,876,825,,False,0.0
543_3,60,105,43,69,70.6,7.6,793,912,758,907,827,916,,False,0.0
543_3,80,81,17,83,81.0,0.0,773,660,733,660,813,660,,False,0.0
543_z13,40,226,72,88,94.3,136.1,328,33,284,0,355,62,,False,0.0
543_z13,40,134,56,95,58.6,120.4,613,20,598,0,642,51,,False,0.0
543_z13,40,200,71,87,87.5,175.3,925,2,879,0,965,10,,False,0.0
543_z13,40,69,24,47,47.2,157.5,295,10,274,1,317,18,,False,0.0
543_z13,40,337,124,259,168.2,148.9,942,52,868,2,1015,82,,False,0.0
543_z13,40,133,44,52,55.0,142.8,536,21,516,4,559,37,,False,0.0
543_z13,40,75,33,46,44.4,165.1,719,11,698,5,740,16,,False,0.0
543_z13,40,33,7,38,39.2,142.5,243,20,228,8,258,32,,False,0.0
543_z13,40,50,15,42,41.2,165.0,424,16,404,11,443,21,,False,0.0
543_z13,40,150,62,93,87.2,174.5,927,22,882,14,968,26,,False,0.0
543_z13,40,53,28,48,41.4,172.1,376,19,356,16,396,22,,False,0.0
543_z13,40,33,11,37,39.2,127.5,480,33,468,18,492,48,,False,0.0
543_z13,40,60,24,42,42.4,172.2,992,26,971,23,1012,29,,False,0.0
543_z13,40,90,33,38,44.6,135.3,94,39,78,24,110,54,,False,0.0
543_z13,40,68,25,38,41.4,142.5,250,36,234,24,266,49,,False,0.0
543_z13,40,53,26,47,41.4,7.9,399,39,379,36,419,42,,False,0.0
543_z13,40,82,26,55,56.6,157.9,96,59,72,48,124,68,,False,0.0
543_z13,40,86,31,55,52.6,15.2,708,54,683,48,733,61,,False,0.0
543_z13,40,213,87,119,114.1,173.0,882,56,825,51,937,71,,False,0.0
543_z13,40,37,12,41,39.6,157.6,649,59,631,52,667,66,,False,0.0
543_z13,40,205,63,138,102.5,89.9,604,101,578,53,619,154,,False,0.0
543_z13,40,80,30,50,50.2,4.3,713,75,689,72,738,78,,False,0.0
543_z13,40,101,40,52,52.6,165.1,759,80,735,74,785,87,,False,0.0
543_z13,40,39,15,42,40.3,15.0,935,87,916,82,954,92,,False,0.0
543_z13,40,75,23,79,60.9,119.8,27,117,1,85,37,137,,False,0.0
543_z13,40,61,21,43,42.2,165.1,676,91,656,86,696,96,,False,0.0
543_z13,40,42,13,41,42.0,0.0,394,95,374,95,415,95,,False,0.0
543_z13,40,74,35,45,41.6,172.0,218,111,198,108,238,115,,False,0.0
543_z13,40,39,11,46,39.5,7.8,493,120,474,117,512,123,,False,0.0
543_z13,40,68,21,48,52.6,157.5,954,127,931,117,979,136,,False,0.0
543_z13,40,105,44,53,51.4,14.9,473,131,449,125,498,137,,False,0.0
543_z13,40,67,30,50,43.4,172.2,202,138,181,135,223,141,,False,0.0
543_z13,40,225,89,121,83.8,153.0,261,164,220,140,289,186,,False,0.0
543_z13,40,141,50,57,57.7,7.6,714,147,687,142,743,151,,False,0.0
543_z13,40,66,18,43,48.1,135.1,125,171,108,154,142,187,,False,0.0
543_z13,40,53,20,41,41.4,172.1,766,157,746,154,786,160,,False,0.0
543_z13,40,46,14,40,40.4,7.8,672,162,652,159,691,165,,False,0.0
543_z13,40,106,41,103,76.0,174.9,494,170,455,160,527,189,,False,0.0
543_z13,40,149,46,107,105.5,14.7,737,176,693,162,795,185,,False,0.0
543_z13,40,80,37,46,44.6,172.1,956,172,935,168,978,175,,False,0.0
543_z13,40,114,44,59,55.1,164.2,319,181,294,173,346,188,,False,0.0
543_z13,40,58,22,43,42.7,22.4,721,193,702,185,741,200,,False,0.0
543_z13,40,46,16,46,40.4,82.2,286,208,283,188,289,227,,False,0.0
543_z13,40,39,11,42,40.3,75.0,299,209,294,190,304,228,,False,0.0
543_z13,40,50,17,46,41.2,15.0,26,199,7,194,46,204,,False,0.0
543_z13,40,121,46,90,87.7,171.1,634,203,596,196,682,214,,False,0.0
543_z13,40,117,41,52,51.0,64.9,804,219,795,197,817,242,,False,0.0
543_z13,40,34,10,41,47.4,135.0,356,214,340,198,373,231,,False,0.0
543_z13,40,37,10,39,39.6,67.6,653,221,646,203,660,239,,False,0.0
543_z13,40,325,134,157,99.2,52.1,852,263,834,205,907,293,,False,0.0
543_z13,40,52,21,45,48.4,149.9,964,221,944,209,985,233,,False,0.0
543_z13,40,59,13,61,59.0,0.0,431,212,402,212,460,212,,False,0.0
543_z13,40,119,38,93,93.5,151.8,101,234,64,222,147,264,,False,0.0
543_z13,40,33,8,36,39.2,142.5,453,234,438,222,468,246,,False,0.0
543_z13,40,257,93,106,105.8,170.8,226,233,172,225,276,241,,False,0.0
543_z13,40,88,40,45,46.0,179.9,510,227,488,227,533,228,,False,0.0
543_z13,40,39,11,39,40.3,15.0,779,240,760,235,798,245,,False,0.0
543_z13,40,152,64,75,74.9,161.2,264,247,231,238,301,262,,False,0.0
543_z13,40,37,12,40,39.6,22.4,562,247,544,240,580,254,,False,0.0
543_z13,40,39,18,40,39.5,172.2,415,244,396,241,434,247,,False,0.0
543_z13,40,65,26,45,45.4,165.0,626,248,604,243,647,254,,False,0.0
543_z13,40,101,35,60,59.8,161.6,706,264,677,254,733,272,,False,0.0
543_z13,40,168,60,89,96.2,156.1,607,283,565,256,651,297,,False,0.0
543_z13,40,186,64,86,84.9,58.0,965,303,943,266,988,337,,False,0.0
543_z13,40,60,22,44,43.4,142.4,448,286,432,272,465,299,,False,0.0
543_z13,40,46,12,42,40.4,172.2,240,286,220,283,259,289,,False,0.0
543_z13,40,46,18,38,42.5,150.0,631,294,613,284,649,305,,False,0.0
543_z13,40,45,20,45,45.0,0.0,527,290,505,290,549,290,,False,0.0
543_z13,40,87,28,50,52.8,142.6,857,308,836,292,877,324,,False,0.0
543_z13,40,86,36,46,46.6,164.8,392,299,370,293,414,305,,False,0.0
543_z13,40,74,31,48,48.1,112.3,908,315,900,293,917,337,,False,0.0
543_z13,40,56,12,38,43.9,149.8,1002,307,983,296,1020,318,,False,0.0
543_z13,40,64,27,64,64.0,0.0,792,297,760,297,823,297,,False,0.0
543_z13,40,186,70,88,89.5,166.1,423,314,375,302,461,323,,False,0.0
543_z13,40,169,55,75,82.9,149.3,622,320,583,302,654,343,,False,0.0
543_z13,40,120,46,100,56.6,171.3,458,331,429,309,484,348,,False,0.0
543_z13,40,138,60,89,49.0,100.9,315,358,288,327,329,372,,False,0.0
543_z13,40,39,14,39,40.3,165.0,816,338,797,333,835,343,,False,0.0
543_z13,40,30,10,35,41.7,135.0,392,362,378,347,407,376,,False,0.0
543_z13,40,161,57,88,87.0,88.6,57,393,54,349,61,435,,False,0.0
543_z13,40,33,11,37,39.2,142.5,965,364,950,352,980,376,,False,0.0
543_z13,40,60,24,38,40.9,157.5,914,374,895,366,932,381,,False,0.0
543_z13,40,41,7,41,41.0,90.0,22,388,22,368,22,408,,False,0.0
543_z13,40,41,13,42,41.0,90.0,274,392,274,372,274,412,,False,0.0
543_z13,40,41,11,42,41.0,0.0,544,376,524,376,564,376,,False,0.0
543_z13,40,134,52,96,56.0,163.3,515,405,494,378,547,419,,False,0.0
543_z13,40,155,52,58,57.3,166.8,922,391,892,384,947,396,,False,0.0
543_z13,40,46,18,42,42.5,150.0,398,400,380,389,416,410,,False,0.0
543_z13,40,122,47,62,47.7,82.1,366,413,362,391,370,437,,False,0.0
543_z13,40,66,23,51,46.5,172.1,964,402,942,398,987,405,,False,0.0
543_z13,40,110,37,64,60.2,162.2,748,406,718,399,775,415,,False,0.0
543_z13,40,37,11,39,39.6,22.4,442,410,424,403,460,417,,False,0.0
543_z13,40,77,34,52,47.5,172.2,831,410,807,407,853,414,,False,0.0
543_z13,40,97,44,54,51.5,172.3,616,414,591,410,641,417,,False,0.0
543_z13,40,60,26,43,42.4,172.2,534,422,514,419,555,425,,False,0.0
543_z13,40,127,49,81,77.3,67.7,830,454,817,420,845,491,,False,0.0
543_z13,40,33,11,40,46.0,135.0,857,437,841,421,873,453,,False,0.0
543_z13,40,65,17,41,50.2,134.8,114,438,95,422,130,457,,False,0.0
543_z13,40,118,34,45,49.0,128.1,986,447,971,428,1002,465,,False,0.0
543_z13,40,119,49,68,68.7,169.8,944,439,908,432,975,444,,False,0.0
543_z13,40,90,43,48,45.0,0.0,433,442,411,441,455,442,,False,0.0
543_z13,40,101,33,48,54.1,54.8,35,463,20,443,50,487,,False,0.0
543_z13,40,127,48,55,58.1,63.7,10,474,0,450,26,501,,False,0.0
543_z13,40,39,10,38,40.3,149.9,573,460,556,450,590,470,,False,0.0
543_z13,40,106,45,60,58.7,172.2,943,460,915,455,972,464,,False,0.0
543_z13,40,46,15,41,40.4,172.2,428,468,409,465,448,471,,False,0.0
543_z13,40,86,34,46,46.4,52.6,107,491,93,473,121,509,,False,0.0
543_z13,40,40,10,39,40.0,0.0,328,475,308,475,347,475,,False,0.0
543_z13,40,86,35,48,47.0,179.6,929,475,907,475,953,476,,False,0.0
543_z13,40,105,47,62,60.7,172.0,429,489,400,485,459,494,,False,0.0
543_z13,40,81,31,37,42.1,150.0,821,510,803,500,839,520,,False,0.0
543_z13,40,39,8,39,40.3,120.1,455,525,445,508,465,542,,False,0.0
543_z13,40,87,38,46,45.0,179.9,627,513,605,513,649,514,,False,0.0
543_z13,40,65,18,37,42.5,49.5,108,540,93,525,121,556,,False,0.0
543_z13,40,70,25,42,46.1,150.0,616,540,597,528,636,551,,False,0.0
543_z13,40,95,42,56,53.6,172.2,782,548,756,544,808,552,,False,0.0
543_z13,40,41,4,41,41.0,0.0,416,549,396,549,436,549,,False,0.0
543_z13,40,83,36,54,47.5,172.3,696,569,674,566,720,573,,False,0.0
543_z13,40,106,47,50,48.5,82.2,744,592,740,569,747,616,,False,0.0
543_z13,40,121,44,77,77.0,64.8,135,616,120,579,152,648,,False,0.0
543_z13,40,115,42,93,52.2,157.3,406,603,390,579,438,624,,False,0.0
543_z13,40,79,24,51,56.6,135.1,586,602,566,583,606,622,,False,0.0
543_z13,40,117,42,60,64.9,154.9,939,599,912,586,970,613,,False,0.0
543_z13,40,60,23,54,60.2,138.1,555,610,533,588,577,628,,False,0.0
543_z13,40,108,31,57,54.7,161.3,258,598,234,590,285,607,,False,0.0
543_z13,40,67,30,44,43.4,172.2,841,595,820,592,862,598,,False,0.0
543_z13,40,89,37,43,43.7,164.7,709,603,689,597,730,609,,False,0.0
543_z13,40,138,53,73,65.5,172.1,962,610,932,606,996,616,,False,0.0
543_z13,40,30,4,38,41.7,45.0,54,624,39,609,68,638,,False,0.0
543_z13,40,75,29,38,41.7,149.8,850,620,832,609,867,630,,False,0.0
543_z13,40,30,5,39,41.7,45.0,286,640,272,626,301,655,,False,0.0
543_z13,40,68,25,48,47.5,7.9,469,636,446,633,492,640,,False,0.0
543_z13,40,55,12,52,51.7,164.9,771,643,747,636,796,649,,False,0.0
543_z13,40,33,7,37,39.2,142.5,1002,650,987,638,1017,662,,False,0.0
543_z13,40,145,51,83,73.9,144.2,928,653,902,641,958,688,,False,0.0
543_z13,40,48,18,51,48.0,0.0,640,651,617,651,664,651,,False,0.0
543_z13,40,49,17,49,49.0,0.0,518,664,494,664,542,664,,False,0.0
543_z13,40,72,31,44,43.2,14.8,754,674,733,669,774,679,,False,0.0
543_z13,40,108,29,100,59.7,16.6,273,686,243,672,301,710,,False,0.0
543_z13,40,51,17,51,51.0,0.0,799,676,774,676,824,676,,False,0.0
543_z13,40,100,45,53,53.0,0.1,520,680,493,680,545,681,,False,0.0
543_z13,40,279,102,157,134.0,36.1,134,746,94,688,200,770,,False,0.0
543_z13,40,119,47,67,68.3,72.5,249,721,237,688,258,752,,False,0.0
543_z13,40,54,24,35,41.7,120.2,160,710,150,692,171,727,,False,0.0
543_z13,40,41,6,42,41.0,0.0,557,695,537,695,577,695,,False,0.0
543_z13,40,89,37,52,46.7,171.9,720,700,696,696,741,704,,False,0.0
543_z13,40,30,6,36,41.7,45.0,206,712,191,697,220,726,,False,0.0
543_z13,40,93,44,63,60.0,179.2,789,697,761,697,820,698,,False,0.0
543_z13,40,45,21,46,45.0,0.0,487,705,465,705,509,705,,False,0.0
543_z13,40,58,20,54,52.6,165.2,948,717,923,711,973,724,,False,0.0
543_z13,40,46,16,40,40.4,172.2,962,723,943,720,982,726,,False,0.0
543_z13,40,32,6,39,44.6,45.0,180,738,164,722,195,753,,False,0.0
543_z13,40,42,4,42,42.0,0.0,422,728,401,728,442,728,,False,0.0
543_z13,40,87,35,60,53.9,164.8,376,739,349,732,400,746,,False,0.0
543_z13,40,93,41,58,50.0,0.3,895,738,872,737,921,738,,False,0.0
543_z13,40,124,43,63,53.9,103.7,294,765,287,739,301,790,,False,0.0
543_z13,40,159,62,94,72.1,4.4,703,754,670,744,741,764,,False,0.0
543_z13,40,41,22,42,41.0,0.0,776,753,756,753,796,753,,False,0.0
543_z13,40,49,10,48,49.0,0.0,555,755,531,755,579,755,,False,0.0
543_z13,40,99,37,44,49.2,149.9,353,778,332,766,374,790,,False,0.0
543_z13,40,72,33,42,40.6,172.1,978,770,959,766,998,773,,False,0.0
543_z13,40,140,54,92,89.0,170.5,775,784,733,771,820,791,,False,0.0
543_z13,40,60,27,44,42.4,172.2,692,783,671,780,712,786,,False,0.0
543_z13,40,102,35,46,53.2,50.1,120,804,100,783,135,822,,False,0.0
543_z13,40,94,28,76,72.0,177.7,931,791,894,785,965,796,,False,0.0
543_z13,40,29,9,36,40.3,135.0,162,809,148,795,176,823,,False,0.0
543_z13,40,77,18,72,70.7,8.6,708,802,673,799,742,809,,False,0.0
543_z13,40,39,8,41,40.3,75.0,880,825,875,806,885,844,,False,0.0
543_z13,40,39,18,40,40.3,15.0,406,813,387,808,425,818,,False,0.0
543_z13,40,67,29,43,43.4,172.2,998,813,977,810,1019,816,,False,0.0
543_z13,40,58,21,42,50.6,127.5,944,832,929,813,960,852,,False,0.0
543_z13,40,116,45,57,55.8,15.3,764,828,736,820,789,834,,False,0.0
543_z13,40,105,47,62,60.0,0.4,370,829,343,828,402,829,,False,0.0
543_z13,40,91,40,54,49.6,172.1,445,839,421,835,469,843,,False,0.0
543_z13,40,113,31,86,87.0,171.6,803,843,760,836,845,849,,False,0.0
543_z13,40,60,24,38,40.9,157.5,1004,844,986,837,1023,852,,False,0.0
543_z13,40,31,13,38,43.1,45.0,525,859,510,844,540,874,,False,0.0
543_z13,40,60,27,43,42.4,172.2,394,869,373,866,414,872,,False,0.0
543_z13,40,147,51,75,81.4,152.2,987,887,951,867,1023,903,,False,0.0
543_z13,40,90,30,47,46.9,11.2,711,874,689,868,734,878,,False,0.0
543_z13,40,29,9,36,40.3,45.0,527,889,513,875,541,903,,False,0.0
543_z13,40,46,19,39,40.4,7.8,662,883,643,880,682,886,,False,0.0
543_z13,40,31,8,41,43.1,45.0,612,899,597,884,627,914,,False,0.0
543_z13,40,80,36,36,40.0,0.0,744,892,725,892,764,893,,False,0.0
543_z13,40,75,32,45,47.5,15.2,585,899,562,893,607,905,,False,0.0
543_z13,40,82,25,52,52.2,86.0,57,922,54,895,60,946,,False,0.0
543_z13,40,46,16,44,40.4,172.2,376,900,356,897,395,903,,False,0.0
543_z13,40,67,28,43,43.4,172.2,420,902,399,899,441,905,,False,0.0
543_z13,40,100,30,47,51.3,33.5,155,917,134,902,176,930,,False,0.0
543_z13,40,99,38,52,52.2,100.5,281,927,276,902,287,952,,False,0.0
543_z13,40,179,65,77,75.3,10.7,921,910,885,902,958,916,,False,0.0
543_z13,40,110,50,63,62.0,0.4,228,903,195,903,256,904,,False,0.0
543_z13,40,33,13,41,39.2,142.5,468,918,453,906,483,930,,False,0.0
543_z13,40,77,28,57,53.6,165.2,711,918,685,912,736,925,,False,0.0
543_z13,40,98,40,69,69.4,168.3,429,923,396,915,463,929,,False,0.0
543_z13,40,54,15,57,54.0,0.0,228,919,201,919,254,919,,False,0.0
543_z13,40,42,12,48,42.0,0.0,638,919,618,919,659,919,,False,0.0
543_z13,40,53,21,44,41.4,172.1,823,936,803,933,843,939,,False,0.0
543_z13,40,119,42,58,61.7,154.0,834,952,805,938,860,964,,False,0.0
543_z13,40,87,29,54,61.4,36.3,38,960,15,946,63,983,,False,0.0
543_z13,40,47,26,49,47.0,0.0,741,951,718,951,764,951,,False,0.0
543_z13,40,91,22,47,47.4,47.0,263,976,246,959,279,992,,False,0.0
543_z13,40,198,73,91,69.8,45.3,460,988,427,969,477,1023,,False,0.0
543_z13,40,60,19,44,42.4,7.8,500,987,480,984,521,990,,False,0.0
543_z13,40,98,40,69,68.2,22.3,562,1002,530,985,592,1011,,False,0.0
543_z13,40,202,78,101,97.6,7.6,379,993,332,988,428,1000,,False,0.0
543_z13,40,43,16,43,43.0,0.0,151,1021,130,1021,172,1021,,False,0.0
543_z13,60,53,17,53,59.2,127.5,339,23,321,0,357,46,,False,0.0
543_z13,60,61,46,61,61.0,0.0,935,1,905,1,965,1,,False,0.0
543_z13,60,145,65,82,80.0,179.9,900,54,858,53,937,54,,False,0.0
543_z13,60,76,21,59,61.5,22.6,722,174,694,162,750,185,,False,0.0
543_z13,60,43,10,53,60.1,135.0,85,243,64,222,106,264,,False,0.0
543_z13,60,80,28,65,69.0,60.1,961,298,944,269,978,328,,False,0.0
543_z13,60,59,32,58,59.2,165.1,594,289,566,281,622,297,,False,0.0
543_z13,60,64,27,64,64.0,0.0,792,297,760,297,823,297,,False,0.0
543_z13,60,105,32,75,82.9,150.0,618,323,583,302,654,343,,False,0.0
543_z13,60,77,32,69,61.5,172.3,456,332,426,328,486,336,,False,0.0
543_z13,60,112,42,80,75.4,67.5,831,456,817,421,845,490,,False,0.0
543_z13,60,59,34,61,59.5,172.3,430,489,401,485,459,493,,False,0.0
543_z13,60,93,46,62,61.1,15.0,699,756,670,748,728,764,,False,0.0
543_z13,60,112,44,79,77.6,7.6,163,765,125,760,201,770,,False,0.0
543_z13,60,92,30,60,66.7,150.1,995,883,966,867,1023,900,,False,0.0
543_z13,60,61,29,62,61.0,0.0,225,903,195,903,255,903,,False,0.0
543_z13,80,80,54,82,80.0,0.0,898,54,858,54,937,54,,False,0.0
543_z13,80,75,19,72,79.8,149.9,618,323,584,303,652,343,,False,0.0
543_z13,80,79,32,80,79.6,7.6,162,765,123,760,201,770,,False,0.0
682_z08,40,267,101,158,86.3,47.4,53,19,4,6,89,67,0.0,True,0.0
682_z08,40,81,37,47,42.0,89.8,96,62,96,41,97,82,0.0,True,0.0
682_z08,40,62,24,48,47.5,97.9,316,69,312,46,319,92,0.0,True,0.0
682_z08,40,128,60,106,47.7,73.1,205,70,180,51,223,97,0.0,True,0.0
682_z08,40,144,51,78,73.3,64.7,172,92,153,57,185,122,7.3,False,0.0
682_z08,40,89,24,50,48.5,5.3,584,71,559,67,606,74,0.0,True,0.0
682_z08,40,294,135,209,102.1,107.7,115,131,80,91,144,174,1.0,False,0.0
682_z08,40,90,31,60,55.1,94.0,414,121,411,96,417,150,0.0,True,0.0
682_z08,40,123,50,69,67.2,93.5,497,130,492,99,498,165,0.0,True,0.0
682_z08,40,40,24,40,40.0,0.0,48,100,28,100,67,100,0.0,True,0.0
682_z08,40,46,22,45,40.4,82.2,514,124,511,105,517,144,5.4,False,0.0
682_z08,40,215,87,158,81.1,49.6,234,132,186,110,263,178,24.4,False,0.0
682_z08,40,41,11,44,41.0,90.0,480,130,480,110,480,150,0.0,True,0.0
682_z08,40,58,17,44,45.4,104.9,590,136,585,114,596,157,4.1,False,0.0
682_z08,40,97,32,64,57.1,93.9,282,147,278,118,285,174,32.6,False,0.0
682_z08,40,85,41,47,43.0,90.0,10,142,10,121,11,163,0.0,True,0.0
682_z08,40,42,23,45,42.0,90.0,75,146,75,125,75,166,14.0,False,0.0
682_z08,40,134,48,85,83.4,95.0,230,163,226,129,237,211,48.7,False,0.0
682_z08,40,186,78,90,85.1,93.7,311,181,308,140,315,224,45.8,False,0.0
682_z08,40,39,12,37,40.3,59.9,668,160,658,143,678,177,0.0,True,0.0
682_z08,40,42,15,42,42.0,0.0,148,160,127,160,168,160,64.6,False,0.0
682_z08,40,160,59,65,67.1,71.2,474,194,463,164,483,227,39.2,False,0.0
682_z08,40,44,18,51,44.0,90.0,55,188,55,167,55,210,49.7,False,0.0
682_z08,40,46,11,43,40.4,82.2,161,188,158,169,164,208,91.9,False,0.0
682_z08,40,37,9,38,39.6,67.6,589,191,582,173,596,209,61.0,False,0.0
682_z08,40,40,21,44,40.0,90.0,179,196,179,176,179,215,102.1,False,0.0
682_z08,40,60,28,43,42.4,7.8,136,195,115,192,156,198,87.7,False,0.0
682_z08,40,39,20,35,40.3,59.9,121,225,111,208,131,242,101.5,False,0.0
682_z08,40,262,89,109,106.0,166.8,678,219,624,209,726,235,24.7,False,0.0
682_z08,40,44,18,46,44.0,90.0,678,248,678,227,678,270,45.2,False,0.0
682_z08,40,41,10,42,41.0,90.0,273,253,273,233,273,273,145.1,False,0.0
682_z08,40,46,18,48,40.4,82.2,356,254,353,234,359,273,117.5,False,0.0
682_z08,40,37,19,38,39.6,112.4,504,253,497,235,511,271,111.7,False,0.0
682_z08,40,109,38,62,60.0,92.6,303,268,300,236,306,295,135.5,False,0.0
682_z08,40,254,92,110,111.0,168.6,574,253,518,237,626,260,85.1,False,0.0
682_z08,40,116,40,43,46.2,67.5,820,271,811,251,828,293,108.3,False,0.0
682_z08,40,60,28,45,42.4,82.2,217,276,214,256,220,297,175.9,False,0.0
682_z08,40,37,8,39,39.6,112.4,587,276,580,258,594,294,123.2,False,0.0
682_z08,40,50,24,43,41.2,105.0,636,278,631,258,641,297,90.4,False,0.0
682_z08,40,43,19,48,43.0,90.0,171,280,171,259,171,301,172.2,False,0.0
682_z08,40,112,33,63,58.5,84.0,340,289,336,261,344,318,147.5,False,0.0
682_z08,40,105,44,59,58.9,74.9,73,291,65,263,80,319,135.2,False,0.0
682_z08,40,37,6,38,39.6,67.6,36,286,29,268,43,304,129.3,False,0.0
682_z08,40,39,17,37,40.3,59.9,753,293,743,276,763,310,97.4,False,0.0
682_z08,40,70,28,42,42.6,82.0,318,297,315,277,322,318,168.9,False,0.0
682_z08,40,90,39,50,52.5,82.4,782,305,779,280,786,331,117.0,False,0.0
682_z08,40,104,41,64,65.3,105.7,398,334,389,303,406,365,182.5,False,0.0
682_z08,40,117,50,65,64.0,89.7,243,342,243,309,244,372,222.2,False,0.0
682_z08,40,50,18,43,41.2,105.0,300,348,295,328,305,367,220.4,False,0.0
682_z08,40,86,38,44,44.6,98.0,484,354,480,332,487,375,204.2,False,0.0
682_z08,40,37,13,38,39.6,67.6,517,352,510,334,524,370,208.3,False,0.0
682_z08,40,37,15,41,39.6,67.6,554,353,547,335,561,371,210.0,False,0.0
682_z08,40,79,34,41,41.5,74.9,606,355,601,335,612,374,176.8,False,0.0
682_z08,40,50,22,45,41.2,165.0,364,341,344,336,383,346,215.2,False,0.0
682_z08,40,116,32,45,52.7,147.1,969,352,950,338,993,367,262.9,False,0.0
682_z08,40,79,34,44,41.5,164.9,21,352,1,346,40,357,207.5,False,0.0
682_z08,40,77,30,75,67.2,45.0,772,367,742,350,789,397,168.3,False,0.0
682_z08,40,42,25,46,42.0,90.0,645,388,645,368,645,409,189.2,False,0.0
682_z08,40,62,16,40,42.8,37.5,587,382,571,369,604,395,221.6,False,0.0
682_z08,40,39,15,44,40.3,75.0,28,391,23,372,33,410,231.1,False,0.0
682_z08,40,113,45,60,57.0,74.6,479,401,471,375,486,429,247.1,False,0.0
682_z08,40,39,10,45,39.5,82.2,319,396,316,377,322,415,265.0,False,0.0
682_z08,40,89,38,51,51.7,75.0,573,404,566,380,579,429,233.5,False,0.0
682_z08,40,39,13,41,40.3,15.0,904,387,885,382,923,392,252.7,False,0.0
682_z08,40,85,32,58,55.1,86.4,96,427,93,398,99,452,272.3,False,0.0
682_z08,40,182,48,90,88.6,64.0,559,445,540,401,580,480,265.5,False,0.0
682_z08,40,75,32,46,47.5,74.8,888,450,882,428,894,473,295.7,False,0.0
682_z08,40,33,9,40,39.2,37.5,795,456,780,444,810,468,268.8,False,0.0
682_z08,40,43,20,48,43.0,90.0,74,466,74,445,74,487,311.9,False,0.0
682_z08,40,60,22,48,42.4,82.2,423,470,420,449,426,490,326.4,False,0.0
682_z08,40,104,40,65,59.2,4.8,370,454,337,451,395,458,332.1,False,0.0
682_z08,40,104,41,72,72.7,81.1,241,494,237,456,248,527,363.4,False,0.0
682_z08,40,39,15,42,39.5,97.8,207,476,204,457,210,495,369.2,False,0.0
682_z08,40,39,18,36,40.3,59.9,520,474,510,457,530,491,328.7,False,0.0
682_z08,40,58,18,40,42.4,74.8,280,478,274,458,285,498,353.8,False,0.0
682_z08,40,39,7,41,39.5,82.2,927,478,924,459,930,497,338.2,False,0.0
682_z08,40,52,24,36,40.5,67.6,693,480,686,462,700,499,275.4,False,0.0
682_z08,40,58,18,38,40.0,127.5,646,480,634,464,658,495,280.2,False,0.0
682_z08,40,102,44,47,46.4,97.8,159,487,156,465,163,510,359.3,False,0.0
682_z08,40,39,14,43,39.5,82.2,455,494,452,475,458,513,348.0,False,0.0
682_z08,40,75,32,45,44.4,75.1,307,498,302,477,313,519,365.8,False,0.0
682_z08,40,52,18,53,52.0,90.0,401,516,401,490,401,541,369.1,False,0.0
682_z08,40,37,9,41,39.6,22.4,689,509,671,502,707,516,316.2,False,0.0
682_z08,40,33,6,37,39.2,37.5,630,536,615,524,645,548,347.6,False,0.0
682_z08,40,105,41,54,50.3,67.4,276,556,267,534,285,580,429.0,False,0.0
682_z08,40,39,17,48,40.3,75.0,13,556,8,537,18,575,395.1,False,0.0
682_z08,40,98,36,76,48.1,10.7,816,563,789,542,835,573,371.3,False,0.0
682_z08,40,97,39,50,51.6,67.6,542,581,533,557,552,604,405.6,False,0.0
682_z08,40,39,12,39,40.3,75.0,167,584,162,565,172,603,452.0,False,0.0
682_z08,40,76,31,47,45.5,98.0,190,599,187,577,194,621,474.7,False,0.0
682_z08,40,127,40,54,57.8,53.1,934,605,918,584,953,629,450.3,False,0.0
682_z08,40,109,42,72,76.0,67.8,517,635,506,596,533,666,452.3,False,0.0
682_z08,40,66,25,53,51.7,74.9,155,626,149,602,162,651,483.0,False,0.0
682_z08,40,39,15,40,40.3,149.9,752,613,735,603,769,623,421.7,False,0.0
682_z08,40,98,28,41,50.3,50.1,999,628,981,610,1014,647,499.6,False,0.0
682_z08,40,68,29,54,47.5,7.9,214,626,191,623,237,630,516.4,False,0.0
682_z08,40,130,49,66,70.4,66.3,89,665,73,635,100,699,498.4,False,0.0
682_z08,40,33,16,35,39.2,127.5,254,651,242,636,266,666,528.7,False,0.0
682_z08,40,50,20,40,41.2,75.0,118,658,113,638,123,677,508.7,False,0.0
682_z08,40,103,38,55,57.9,71.4,556,673,546,647,564,701,485.1,False,0.0
682_z08,40,99,36,43,52.8,52.5,818,670,802,650,834,691,474.1,False,0.0
682_z08,40,90,40,51,46.5,82.0,236,686,232,663,239,708,562.7,False,0.0
682_z08,40,60,14,41,44.6,41.6,961,684,945,668,976,699,537.6,False,0.0
682_z08,40,117,41,50,48.8,65.4,732,699,720,678,741,721,491.4,False,0.0
682_z08,40,95,34,39,44.8,142.3,893,692,876,678,910,706,532.2,False,0.0
682_z08,40,39,20,41,39.5,82.2,615,701,612,682,618,720,502.8,False,0.0
682_z08,40,84,35,53,49.6,7.9,33,691,9,687,57,695,545.1,False,0.0
682_z08,40,131,49,90,57.8,59.7,698,721,680,696,714,745,509.2,False,0.0
682_z08,40,39,17,37,40.3,75.0,1018,721,1013,702,1023,740,597.0,False,0.0
682_z08,40,47,7,50,47.0,0.0,271,706,248,706,294,706,593.2,False,0.0
682_z08,40,90,36,85,43.0,30.6,463,733,434,717,473,757,576.3,False,0.0
682_z08,40,143,53,88,82.8,168.4,517,740,478,730,558,747,561.3,False,0.0
682_z08,40,186,79,99,53.6,154.9,260,743,240,731,292,774,624.2,False,0.0
682_z08,40,97,44,59,52.0,0.2,408,732,381,732,432,733,605.8,False,0.0
682_z08,40,39,19,39,40.3,75.0,958,752,953,733,963,771,600.0,False,0.0
682_z08,40,81,30,57,53.5,71.2,198,758,189,734,205,784,621.0,False,0.0
682_z08,40,105,40,74,75.2,64.8,623,769,607,739,637,807,559.8,False,0.0
682_z08,40,76,28,39,43.0,30.2,1005,759,986,748,1022,770,627.5,False,0.0
682_z08,40,37,16,38,39.6,112.4,292,767,285,749,299,785,634.8,False,0.0
682_z08,40,145,62,84,83.1,91.0,37,794,34,757,40,839,616.1,False,0.0
682_z08,40,39,13,40,40.3,105.0,113,783,108,764,118,802,633.1,False,0.0
682_z08,40,327,134,161,105.0,77.6,506,813,475,769,533,870,616.4,False,0.0
682_z08,40,87,23,64,62.3,160.2,565,781,535,773,593,793,595.7,False,0.0
682_z08,40,104,48,54,54.0,89.9,664,801,664,774,665,827,588.1,False,0.0
682_z08,40,124,38,67,64.0,154.4,718,787,690,775,747,802,589.6,False,0.0
682_z08,40,51,27,49,51.0,90.0,123,808,123,783,123,833,652.7,False,0.0
682_z08,40,47,12,46,47.0,90.0,263,807,263,784,263,830,674.9,False,0.0
682_z08,40,136,55,69,72.0,64.7,608,820,594,787,625,851,609.3,False,0.0
682_z08,40,93,39,40,41.4,97.8,344,812,340,792,347,832,672.5,False,0.0
682_z08,40,188,68,88,89.1,65.4,469,837,454,801,491,881,661.3,False,0.0
682_z08,40,87,31,46,46.8,67.9,653,828,645,807,661,850,622.4,False,0.0
682_z08,40,128,49,72,75.0,76.2,420,848,412,809,429,881,684.3,False,0.0
682_z08,40,39,14,40,40.3,75.0,331,853,326,834,336,872,716.0,False,0.0
682_z08,40,71,25,46,53.0,45.1,618,858,600,841,637,878,661.5,False,0.0
682_z08,40,111,40,65,69.5,58.2,592,878,575,843,610,902,667.8,False,0.0
682_z08,40,37,16,43,39.6,67.6,290,864,283,846,297,882,733.1,False,0.0
682_z08,40,43,16,47,43.0,90.0,210,871,210,850,210,892,738.2,False,0.0
682_z08,40,81,36,38,41.0,89.9,1,872,0,852,1,892,710.0,False,0.0
682_z08,40,66,20,44,50.5,56.4,511,876,498,855,526,896,697.9,False,0.0
682_z08,40,39,14,38,40.3,59.9,257,874,247,857,267,891,749.5,False,0.0
682_z08,40,61,22,45,42.2,104.9,127,883,122,863,132,903,733.0,False,0.0
682_z08,40,84,37,43,43.0,89.9,238,895,237,874,238,916,768.0,False,0.0
682_z08,40,114,35,47,53.3,55.1,591,896,577,874,607,917,697.9,False,0.0
682_z08,40,107,44,61,56.0,105.8,157,908,150,881,165,934,757.2,False,0.0
682_z08,40,74,32,40,40.8,149.8,374,900,357,889,391,910,766.1,False,0.0
682_z08,40,45,27,46,45.0,0.0,887,910,865,910,909,910,741.6,False,0.0
682_z08,40,87,39,59,55.7,8.5,595,920,569,915,623,924,739.0,False,0.0
682_z08,40,33,10,40,39.2,37.5,888,929,873,917,903,941,750.2,False,0.0
682_z08,40,103,38,66,62.2,11.4,656,929,625,922,685,934,738.5,False,0.0
682_z08,40,150,54,64,70.4,66.6,785,959,771,927,798,991,743.4,False,0.0
682_z08,40,37,17,38,39.6,157.6,663,950,645,943,681,957,756.2,False,0.0
682_z08,40,50,22,40,41.2,105.0,193,970,188,951,198,990,832.9,False,0.0
682_z08,40,43,15,45,43.0,0.0,933,973,912,973,954,973,814.0,False,0.0
682_z08,40,70,20,58,55.6,7.8,239,998,212,994,266,1002,878.0,False,0.0
682_z08,40,39,18,43,39.5,172.2,524,1005,505,1002,543,1008,830.0,False,0.0
682_z08,60,66,13,73,66.0,0.0,36,8,4,8,69,8,0.0,True,0.0
682_z08,60,130,60,135,67.7,69.3,239,130,201,112,263,172,26.2,False,0.0
682_z08,60,62,16,64,62.0,90.0,229,180,229,150,229,211,71.2,False,0.0
682_z08,60,63,16,63,63.0,90.0,310,193,310,162,310,224,67.1,False,0.0
682_z08,60,121,55,68,67.6,172.3,567,255,534,250,600,259,113.6,False,0.0
682_z08,60,68,24,65,60.5,82.3,340,290,336,261,344,320,147.5,False,0.0
682_z08,60,62,24,63,62.0,90.0,243,340,243,309,243,370,222.2,False,0.0
682_z08,60,76,34,66,60.2,165.0,532,737,503,729,560,745,559.8,False,0.0
682_z08,60,62,41,62,62.0,90.0,38,790,38,759,38,820,618.2,False,0.0
682_z08,60,59,23,63,59.5,7.7,604,921,575,917,633,925,739.8,False,0.0
682_z08,60,55,25,56,59.2,67.5,785,960,774,933,796,987,749.7,False,0.0
682_z08,60,68,19,61,60.5,7.7,240,998,210,994,269,1002,877.5,False,0.0
682_z23,40,37,15,39,39.6,67.6,440,18,433,0,447,36,0.0,True,0.0
682_z23,40,37,17,38,39.6,67.6,525,18,518,0,532,36,0.0,True,0.0
682_z23,40,58,20,47,44.9,67.6,219,27,211,7,227,48,0.0,True,0.0
682_z23,40,37,10,42,39.6,67.6,1010,28,1003,10,1017,46,251.1,False,0.0
682_z23,40,43,9,44,43.0,90.0,775,37,775,16,775,58,26.2,False,0.0
682_z23,40,134,43,65,70.8,57.6,619,55,603,23,639,83,0.0,True,0.0
682_z23,40,88,34,50,46.3,75.1,152,49,146,27,157,71,0.0,True,0.0
682_z23,40,253,105,129,114.4,83.1,755,85,746,30,762,143,10.8,False,0.0
682_z23,40,37,12,37,39.6,67.6,111,51,104,33,118,69,0.0,True,0.0
682_z23,40,37,10,41,39.6,22.4,806,48,788,41,824,55,49.4,False,0.0
682_z23,40,37,13,42,39.6,67.6,662,67,655,49,669,85,29.7,False,0.0
682_z23,40,81,36,44,45.4,172.3,354,55,332,52,376,58,0.0,True,0.0
682_z23,40,72,32,45,43.6,172.0,874,57,853,53,895,60,115.4,False,0.0
682_z23,40,88,37,40,43.1,22.5,557,74,538,66,577,82,0.0,True,0.0
682_z23,40,183,72,105,68.3,72.7,1007,95,987,66,1021,130,252.3,False,0.0
682_z23,40,40,15,46,40.0,0.0,208,74,188,74,227,74,0.0,True,0.0
682_z23,40,118,42,78,84.2,53.1,801,112,779,78,830,144,68.8,False,0.0
682_z23,40,50,28,56,50.0,0.0,254,80,230,80,279,80,0.0,True,0.0
682_z23,40,43,11,43,43.0,90.0,385,106,385,85,385,127,0.0,True,0.0
682_z23,40,30,6,37,41.7,45.0,866,102,852,88,881,117,128.7,False,0.0
682_z23,40,253,109,125,116.5,174.1,102,105,43,100,158,112,0.0,True,0.0
682_z23,40,39,14,40,39.5,172.2,592,106,573,103,611,109,0.0,True,0.0
682_z23,40,75,28,51,50.1,117.1,671,128,659,105,681,149,77.4,False,0.0
682_z23,40,39,18,46,39.5,172.2,211,115,192,112,230,118,0.0,True,0.0
682_z23,40,168,63,104,58.2,8.3,330,153,300,124,341,181,0.0,True,0.0
682_z23,40,72,22,47,41.1,86.2,90,156,87,136,93,176,56.6,False,0.0
682_z23,40,238,85,173,103.8,27.4,164,178,124,137,215,200,30.6,False,0.0
682_z23,40,142,44,63,57.6,70.9,299,167,291,139,308,193,0.0,True,0.0
682_z23,40,84,27,57,42.2,175.3,716,157,696,154,737,160,114.1,False,0.0
682_z23,40,52,19,38,40.5,67.6,908,174,901,155,915,192,208.4,False,0.0
682_z23,40,39,24,39,40.3,75.0,491,179,486,160,496,198,40.0,False,0.0
682_z23,40,127,48,58,57.7,81.7,463,188,458,162,467,218,33.0,False,0.0
682_z23,40,37,10,39,39.6,112.4,590,180,583,162,597,198,43.6,False,0.0
682_z23,40,61,27,43,42.2,75.1,474,183,469,163,479,203,35.7,False,0.0
682_z23,40,50,24,39,41.2,75.0,969,190,964,170,974,209,267.4,False,0.0
682_z23,40,49,10,52,49.0,90.0,99,196,99,172,99,220,73.5,False,0.0
682_z23,40,71,28,47,48.5,67.2,24,197,15,174,33,218,49.2,False,0.0
682_z23,40,42,17,46,42.0,0.0,58,181,37,181,78,181,61.5,False,0.0
682_z23,40,37,19,37,39.6,67.6,562,199,555,181,569,217,54.3,False,0.0
682_z23,40,39,16,39,39.5,82.2,890,200,887,181,893,219,216.7,False,0.0
682_z23,40,462,168,278,137.4,141.4,529,241,468,183,595,304,63.1,False,0.0
682_z23,40,90,38,43,44.6,15.3,416,192,395,186,437,198,53.9,False,0.0
682_z23,40,173,83,114,59.8,167.4,627,212,613,187,668,241,73.2,False,0.0
682_z23,40,76,28,40,45.7,60.2,907,208,896,188,918,227,227.9,False,0.0
682_z23,40,53,15,43,44.4,74.9,602,211,596,190,607,232,68.2,False,0.0
682_z23,40,70,34,43,43.4,74.9,352,212,346,191,357,232,41.7,False,0.0
682_z23,40,79,31,45,46.6,74.9,938,223,932,201,944,245,262.4,False,0.0
682_z23,40,121,59,84,81.2,94.7,133,244,128,202,136,282,81.9,False,0.0
682_z23,40,107,48,71,59.0,179.7,317,210,290,210,348,211,34.0,False,0.0
682_z23,40,60,26,40,41.2,59.9,991,228,981,211,1001,246,305.6,False,0.0
682_z23,40,48,17,42,42.7,157.7,864,226,844,219,883,234,237.0,False,0.0
682_z23,40,52,19,42,40.5,67.6,333,242,326,223,340,260,55.9,False,0.0
682_z23,40,47,5,50,47.0,90.0,761,250,761,227,761,273,205.0,False,0.0
682_z23,40,52,18,40,40.5,67.6,831,258,824,240,838,277,234.4,False,0.0
682_z23,40,96,41,48,50.0,102.6,312,279,306,254,316,302,81.0,False,0.0
682_z23,40,39,13,41,39.5,82.2,86,285,83,266,89,304,157.5,False,0.0
682_z23,40,39,17,42,40.3,105.0,385,290,380,271,390,309,131.7,False,0.0
682_z23,40,105,36,54,52.4,150.6,787,283,765,271,810,296,252.4,False,0.0
682_z23,40,96,42,51,51.0,90.2,285,296,285,272,286,322,96.3,False,0.0
682_z23,40,97,34,69,71.3,67.9,53,307,36,274,63,339,151.1,False,0.0
682_z23,40,42,12,40,40.6,127.5,146,290,134,275,159,306,145.1,False,0.0
682_z23,40,91,44,50,46.0,90.0,641,300,641,277,642,322,166.0,False,0.0
682_z23,40,86,37,60,55.6,82.2,187,314,183,287,191,341,152.6,False,0.0
682_z23,40,83,36,52,53.2,86.1,217,317,214,290,220,342,136.9,False,0.0
682_z23,40,65,28,46,46.0,45.0,912,306,896,290,928,322,310.8,False,0.0
682_z23,40,70,29,45,43.4,105.1,482,313,476,292,487,333,165.6,False,0.0
682_z23,40,53,19,43,41.4,97.9,420,318,417,298,423,338,169.3,False,0.0
682_z23,40,74,29,58,53.2,93.7,350,333,347,308,353,360,144.3,False,0.0
682_z23,40,42,25,42,42.0,90.0,98,334,98,313,98,354,198.6,False,0.0
682_z23,40,43,10,42,43.0,90.0,242,335,242,314,242,356,147.4,False,0.0
682_z23,40,42,28,42,42.0,90.0,435,340,435,320,435,361,192.0,False,0.0
682_z23,40,88,32,46,44.9,77.7,701,355,696,333,706,376,241.6,False,0.0
682_z23,40,165,63,69,68.7,77.0,413,371,407,338,422,404,196.1,False,0.0
682_z23,40,65,20,53,55.6,52.6,585,378,568,356,602,399,228.0,False,0.0
682_z23,40,99,19,85,80.0,69.7,471,403,453,368,479,443,239.0,False,0.0
682_z23,40,84,27,47,44.1,4.6,489,374,467,371,510,377,242.2,False,0.0
682_z23,40,78,36,43,43.6,82.0,440,394,436,373,443,415,241.3,False,0.0
682_z23,40,84,32,41,44.8,59.9,667,397,655,378,677,416,265.0,False,0.0
682_z23,40,100,41,48,49.7,165.1,892,393,869,387,916,400,398.8,False,0.0
682_z23,40,129,43,56,63.5,54.9,968,414,950,390,985,442,424.5,False,0.0
682_z23,40,39,13,40,40.3,75.0,356,422,351,403,361,441,234.0,False,0.0
682_z23,40,135,47,113,69.0,163.4,51,436,10,405,78,442,284.1,False,0.0
682_z23,40,40,23,41,40.0,90.0,446,434,446,414,446,453,281.3,False,0.0
682_z23,40,53,24,41,41.4,82.1,501,434,498,414,504,454,287.8,False,0.0
682_z23,40,60,26,43,42.4,82.2,512,436,509,415,515,456,290.5,False,0.0
682_z23,40,79,30,67,62.5,82.8,549,446,546,415,556,476,287.6,False,0.0
682_z23,40,60,23,44,42.4,82.2,419,450,416,429,422,470,280.5,False,0.0
682_z23,40,93,39,43,44.4,165.0,829,439,808,434,850,445,395.5,False,0.0
682_z23,40,64,31,49,45.5,172.1,880,439,858,435,902,442,423.2,False,0.0
682_z23,40,117,49,66,60.4,12.0,321,448,291,440,349,453,264.0,False,0.0
682_z23,40,97,34,90,84.7,172.9,95,447,55,445,138,456,310.1,False,0.0
682_z23,40,39,14,44,39.5,82.2,367,467,364,448,370,486,280.9,False,0.0
682_z23,40,41,16,40,41.0,0.0,778,451,758,451,798,451,374.3,False,0.0
682_z23,40,50,17,50,52.6,67.5,938,482,928,458,947,506,475.6,False,0.0
682_z23,40,281,107,144,83.2,107.9,393,512,361,466,419,546,309.7,False,0.0
682_z23,40,114,40,65,72.2,54.9,1007,501,980,469,1023,526,508.2,False,0.0
682_z23,40,112,39,44,54.5,45.1,724,490,706,471,743,510,369.9,False,0.0
682_z23,40,122,51,83,53.6,105.8,541,506,523,473,560,524,346.4,False,0.0
682_z23,40,39,15,38,40.3,75.0,441,497,436,478,446,516,333.4,False,0.0
682_z23,40,279,88,118,123.6,65.2,864,536,834,479,884,591,438.5,False,0.0
682_z23,40,161,62,88,85.5,85.1,275,524,268,484,278,568,309.1,False,0.0
682_z23,40,103,45,58,53.6,82.1,935,535,931,509,939,561,521.6,False,0.0
682_z23,40,113,39,83,82.8,43.4,193,553,160,529,219,586,377.5,False,0.0
682_z23,40,118,45,77,82.3,68.8,973,573,957,531,986,607,554.1,False,0.0
682_z23,40,74,25,77,74.0,0.0,610,540,574,540,647,540,412.1,False,0.0
682_z23,40,60,17,51,48.5,75.0,576,568,570,545,582,591,417.0,False,0.0
682_z23,40,48,16,43,42.7,67.7,654,580,646,561,661,600,440.1,False,0.0
682_z23,40,153,59,70,62.2,79.7,948,592,943,563,955,623,570.8,False,0.0
682_z23,40,112,41,68,66.7,77.2,496,609,487,574,502,638,441.9,False,0.0
682_z23,40,53,26,45,41.4,97.9,304,596,301,576,307,616,400.2,False,0.0
682_z23,40,66,14,44,40.5,56.4,748,598,736,581,760,615,483.7,False,0.0
682_z23,40,110,45,53,55.1,79.8,962,618,955,590,966,643,599.5,False,0.0
682_z23,40,67,27,54,49.5,97.7,281,622,277,599,284,647,423.1,False,0.0
682_z23,40,201,84,131,107.6,24.0,172,624,118,605,205,667,457.6,False,0.0
682_z23,40,117,37,57,59.1,69.9,530,650,519,622,539,677,496.3,False,0.0
682_z23,40,115,35,84,84.6,68.1,299,665,291,630,326,706,454.0,False,0.0
682_z23,40,53,14,41,41.4,82.1,719,665,716,645,722,685,538.0,False,0.0
682_z23,40,71,28,45,47.0,60.0,232,673,220,652,243,692,481.7,False,0.0
682_z23,40,54,26,38,41.7,59.8,624,672,614,655,635,690,529.1,False,0.0
682_z23,40,39,12,38,40.3,59.9,865,672,855,655,875,689,599.9,False,0.0
682_z23,40,50,13,40,43.9,59.7,503,676,492,658,514,695,520.9,False,0.0
682_z23,40,54,19,35,41.7,59.8,820,686,810,669,831,704,592.8,False,0.0
682_z23,40,52,17,41,41.8,67.5,464,703,456,684,471,722,533.2,False,0.0
682_z23,40,39,22,39,40.3,75.0,736,707,731,688,741,726,583.5,False,0.0
682_z23,40,87,37,49,45.4,75.1,441,718,435,697,446,740,539.7,False,0.0
682_z23,40,189,56,85,92.1,144.7,960,732,928,707,1005,756,713.8,False,0.0
682_z23,40,95,38,53,54.8,74.7,687,738,680,711,694,763,593.9,False,0.0
682_z23,40,61,23,63,61.0,0.0,289,714,259,714,319,714,538.0,False,0.0
682_z23,40,44,15,47,44.0,0.0,494,715,472,715,515,715,567.6,False,0.0
682_z23,40,159,52,64,65.9,66.6,255,753,242,723,267,783,549.5,False,0.0
682_z23,40,94,39,58,53.5,22.2,283,732,259,723,308,742,548.0,False,0.0
682_z23,40,47,16,47,47.0,90.0,536,746,536,723,536,769,595.8,False,0.0
682_z23,40,39,20,38,39.5,82.2,86,744,83,725,89,763,588.0,False,0.0
682_z23,40,103,33,50,57.7,55.9,616,749,599,727,631,774,599.9,False,0.0
682_z23,40,230,82,90,96.3,65.7,683,774,660,729,699,816,608.2,False,0.0
682_z23,40,53,16,41,44.8,60.1,377,751,366,732,388,770,560.6,False,0.0
682_z23,40,37,9,39,39.6,67.6,241,752,234,734,248,770,561.2,False,0.0
682_z23,40,53,23,56,53.0,90.0,218,763,218,737,218,789,566.1,False,0.0
682_z23,40,91,38,50,48.3,75.5,110,764,104,740,115,786,595.1,False,0.0
682_z23,40,64,22,45,45.9,67.7,452,762,444,741,460,783,584.6,False,0.0
682_z23,40,102,39,42,45.3,67.4,913,765,905,744,922,785,701.9,False,0.0
682_z23,40,70,28,56,56.8,75.1,842,776,835,748,849,802,675.2,False,0.0
682_z23,40,39,13,41,40.3,105.0,61,789,56,770,66,808,636.1,False,0.0
682_z23,40,79,32,50,50.3,67.3,822,794,813,771,831,817,688.3,False,0.0
682_z23,40,77,24,50,49.4,67.5,541,798,532,776,550,821,645.3,False,0.0
682_z23,40,96,37,55,54.1,84.9,217,818,214,793,220,846,622.2,False,0.0
682_z23,40,111,50,63,60.7,72.7,504,825,493,795,511,852,650.2,False,0.0
682_z23,40,100,38,41,47.0,60.2,946,830,934,810,957,850,773.8,False,0.0
682_z23,40,37,13,39,39.6,67.6,731,834,724,816,738,852,705.7,False,0.0
682_z23,40,93,29,50,52.4,42.2,442,834,422,817,460,852,653.7,False,0.0
682_z23,40,37,11,39,39.6,67.6,754,846,747,828,761,864,722.8,False,0.0
682_z23,40,81,17,61,67.2,54.2,529,857,513,831,553,884,690.6,False,0.0
682_z23,40,39,19,38,40.3,120.1,54,850,44,833,64,867,696.1,False,0.0
682_z23,40,78,32,37,45.3,59.7,704,871,693,852,716,890,734.9,False,0.0
682_z23,40,84,24,56,55.2,95.5,920,891,917,864,924,918,817.6,False,0.0
682_z23,40,39,10,35,40.3,59.9,484,885,474,868,494,902,715.0,False,0.0
682_z23,40,131,58,75,70.6,164.1,821,884,787,874,854,893,795.4,False,0.0
682_z23,40,83,37,41,42.6,7.9,203,879,182,876,223,883,708.2,False,0.0
682_z23,40,69,22,47,49.4,67.4,479,904,470,882,488,927,727.6,False,0.0
682_z23,40,77,31,44,44.9,67.7,676,905,668,884,684,925,762.7,False,0.0
682_z23,40,154,55,102,100.8,169.8,399,899,347,891,445,910,729.0,False,0.0
682_z23,40,225,62,141,103.0,33.3,531,942,487,894,571,983,753.0,False,0.0
682_z23,40,109,36,62,67.1,34.2,853,915,829,897,884,934,812.4,False,0.0
682_z23,40,142,42,49,53.4,52.9,579,921,563,901,596,942,773.0,False,0.0
682_z23,40,86,32,46,50.1,29.4,837,932,816,920,859,944,830.2,False,0.0
682_z23,40,39,14,34,40.3,30.1,658,938,641,928,675,948,803.4,False,0.0
682_z23,40,67,26,41,41.4,157.7,230,939,211,932,249,946,757.3,False,0.0
682_z23,40,93,31,45,52.7,57.7,375,966,362,943,391,986,770.0,False,0.0
682_z23,40,130,35,48,55.4,49.2,341,975,323,953,358,995,777.5,False,0.0
682_z23,40,99,29,78,46.4,161.2,669,992,652,976,697,1015,852.2,False,0.0
682_z23,60,59,28,66,59.2,75.1,755,76,747,48,763,104,27.5,False,0.0
682_z23,60,196,79,124,116.4,174.1,99,105,43,100,158,112,0.0,True,0.0
682_z23,60,77,30,65,61.5,172.3,186,189,156,185,216,193,51.5,False,0.0
682_z23,60,59,35,62,59.5,97.7,132,253,128,224,136,282,102.6,False,0.0
682_z23,60,81,26,65,71.2,60.1,851,509,834,479,869,540,438.5,False,0.0
682_z23,60,74,25,77,74.0,0.0,610,540,574,540,647,540,412.1,False,0.0
682_z23,60,61,23,63,61.0,0.0,289,714,259,714,319,714,538.0,False,0.0
682_z23,60,108,42,61,66.2,60.2,676,756,660,728,692,785,607.2,False,0.0
682_z23,60,59,25,58,59.2,75.1,842,775,834,747,850,803,673.9,False,0.0
682_z23,60,68,26,69,63.3,165.0,821,884,791,875,851,892,795.2,False,0.0
682_z23,80,145,72,98,91.7,172.4,90,105,45,100,135,111,7.3,False,0.0
682_z23,85,140,67,103,96.6,172.7,89,105,42,100,137,111,5.4,False,0.0
682_z23,90,102,51,95,90.8,172.4,88,106,43,100,132,112,10.2,False,0.0
682_z29,40,325,123,200,81.7,112.2,974,34,941,5,999,67,301.0,False,0.0
682_z29,40,406,179,240,120.4,150.0,334,65,284,12,377,117,0.0,True,0.0
682_z29,40,58,24,41,42.4,74.8,764,34,758,14,769,54,117.0,False,0.0
682_z29,40,58,10,48,49.7,49.6,885,34,868,15,900,52,227.0,False,0.0
682_z29,40,53,19,44,44.4,74.9,631,41,626,20,637,62,0.0,True,0.0
682_z29,40,131,37,52,57.1,56.9,672,47,657,22,688,69,18.0,False,0.0
682_z29,40,40,9,43,40.0,90.0,402,44,402,25,402,64,0.0,True,0.0
682_z29,40,201,91,104,62.3,39.2,541,58,518,25,577,70,0.0,True,0.0
682_z29,40,97,35,38,43.6,52.6,273,43,260,26,286,60,0.0,True,0.0
682_z29,40,43,17,44,43.0,0.0,169,27,148,27,190,27,0.0,True,0.0
682_z29,40,189,68,82,82.2,69.9,620,68,607,32,633,109,0.0,True,0.0
682_z29,40,58,22,35,40.0,52.5,12,48,0,33,24,64,0.0,True,0.0
682_z29,40,197,82,128,123.3,85.4,214,104,208,38,223,160,0.0,True,0.0
682_z29,40,40,8,40,40.0,90.0,133,66,133,47,133,86,0.0,True,0.0
682_z29,40,46,21,46,46.0,0.0,712,52,689,52,734,52,59.5,False,0.0
682_z29,40,59,22,52,52.6,67.5,814,78,805,55,824,103,169.3,False,0.0
682_z29,40,99,43,58,56.0,89.6,160,83,159,57,160,112,0.0,True,0.0
682_z29,40,75,29,55,56.1,78.9,514,95,507,67,518,121,0.0,True,0.0
682_z29,40,40,7,39,40.0,90.0,913,92,913,72,913,111,278.3,False,0.0
682_z29,40,43,31,43,43.0,90.0,444,95,444,74,444,116,0.0,True,0.0
682_z29,40,67,20,37,47.4,45.0,792,92,776,75,809,108,148.0,False,0.0
682_z29,40,87,43,90,49.0,77.6,253,105,229,76,277,114,0.0,True,0.0
682_z29,40,125,42,49,48.8,150.1,997,89,976,78,1018,101,346.4,False,0.0
682_z29,40,41,12,41,41.0,90.0,484,99,484,79,484,119,0.0,True,0.0
682_z29,40,58,7,62,58.0,90.0,198,112,198,83,198,140,0.0,True,0.0
682_z29,40,42,18,42,42.0,0.0,394,95,373,95,414,95,0.0,True,0.0
682_z29,40,460,172,300,103.1,4.6,319,137,259,99,358,173,0.0,True,0.0
682_z29,40,139,49,76,71.8,75.3,592,134,581,99,601,167,0.0,True,0.0
682_z29,40,82,36,52,45.0,0.4,125,107,103,106,147,107,0.0,True,0.0
682_z29,40,78,21,80,55.2,34.3,816,138,800,111,846,150,185.1,False,0.0
682_z29,40,82,39,57,54.6,97.8,367,151,363,124,371,177,27.6,False,0.0
682_z29,40,66,14,39,46.7,45.0,1007,142,991,125,1023,158,367.5,False,0.0
682_z29,40,53,11,55,53.0,90.0,556,156,556,130,556,182,14.1,False,0.0
682_z29,40,62,19,52,52.6,67.6,42,158,33,135,52,183,0.0,True,0.0
682_z29,40,39,12,34,40.3,59.9,956,162,946,145,966,179,331.9,False,0.0
682_z29,40,242,82,131,92.4,162.4,748,163,704,147,792,186,120.3,False,0.0
682_z29,40,43,17,46,43.0,90.0,686,170,686,149,686,191,94.3,False,0.0
682_z29,40,42,19,37,40.6,52.5,412,182,400,166,425,197,64.0,False,0.0
682_z29,40,71,28,65,63.2,175.7,120,170,89,168,151,174,2.0,False,0.0
682_z29,40,52,18,41,40.5,67.6,591,186,584,168,598,205,43.0,False,0.0
682_z29,40,259,96,159,105.3,167.1,671,201,627,172,729,212,83.1,False,0.0
682_z29,40,70,28,66,65.7,63.9,914,203,896,175,925,233,298.3,False,0.0
682_z29,40,53,23,48,47.5,74.9,373,202,367,179,379,224,25.3,False,0.0
682_z29,40,39,11,37,40.3,30.1,450,189,433,179,467,199,71.8,False,0.0
682_z29,40,161,58,79,85.9,65.2,942,221,922,183,958,260,325.4,False,0.0
682_z29,40,82,34,45,42.0,89.9,400,216,400,195,401,236,53.0,False,0.0
682_z29,40,157,77,95,47.7,12.8,531,234,511,203,557,242,71.3,False,0.0
682_z29,40,59,20,61,59.0,90.0,179,234,179,205,179,263,7.6,False,0.0
682_z29,40,37,14,42,39.6,67.6,253,224,246,206,260,242,0.0,True,0.0
682_z29,40,81,38,42,41.0,0.1,792,209,772,208,812,209,197.2,False,0.0
682_z29,40,46,17,38,40.4,172.2,308,212,288,209,327,215,0.0,True,0.0
682_z29,40,58,24,47,42.7,157.6,591,220,571,212,610,227,89.7,False,0.0
682_z29,40,42,6,47,42.0,90.0,569,236,569,215,569,256,90.2,False,0.0
682_z29,40,112,36,57,62.7,54.7,836,245,820,219,855,270,245.2,False,0.0
682_z29,40,53,30,43,41.4,7.9,360,231,340,228,380,234,11.4,False,0.0
682_z29,40,41,9,44,41.0,0.0,75,236,55,236,95,236,77.9,False,0.0
682_z29,40,63,27,59,54.6,82.2,656,277,652,250,660,303,140.9,False,0.0
682_z29,40,37,21,44,39.6,157.6,999,257,981,250,1017,264,410.9,False,0.0
682_z29,40,70,33,45,43.4,74.9,981,290,975,270,986,311,407.6,False,0.0
682_z29,40,39,6,39,40.3,75.0,675,290,670,271,680,309,167.7,False,0.0
682_z29,40,53,27,40,41.4,97.9,1020,294,1017,274,1023,314,453.1,False,0.0
682_z29,40,46,11,51,46.0,90.0,199,304,199,282,199,327,63.8,False,0.0
682_z29,40,39,6,40,40.3,105.0,289,307,284,288,294,326,66.6,False,0.0
682_z29,40,215,71,97,91.0,104.6,448,335,441,288,464,375,142.4,False,0.0
682_z29,40,87,34,73,74.5,96.5,219,330,212,292,222,365,60.9,False,0.0
682_z29,40,125,51,80,72.0,88.1,771,334,768,296,775,367,251.0,False,0.0
682_z29,40,65,21,44,48.8,44.8,942,319,924,301,958,335,375.1,False,0.0
682_z29,40,104,37,41,43.1,67.6,46,323,38,303,54,342,156.1,False,0.0
682_z29,40,60,23,52,46.5,172.1,350,309,328,305,373,312,91.5,False,0.0
682_z29,40,128,51,59,58.9,75.0,841,332,834,305,849,361,302.1,False,0.0
682_z29,40,63,21,49,50.7,74.7,248,334,242,310,255,358,73.2,False,0.0
682_z29,40,109,36,51,56.7,131.1,362,332,345,311,382,353,104.2,False,0.0
682_z29,40,39,15,41,40.3,75.0,604,332,599,313,609,351,188.4,False,0.0
682_z29,40,33,8,35,39.2,37.5,976,332,961,320,991,344,416.7,False,0.0
682_z29,40,34,11,42,47.4,45.0,926,338,909,322,942,355,373.1,False,0.0
682_z29,40,41,12,44,41.0,0.0,570,327,550,327,590,327,197.6,False,0.0
682_z29,40,46,16,46,44.4,165.0,665,334,644,328,686,339,221.4,False,0.0
682_z29,40,58,21,38,40.0,52.5,895,350,883,334,907,365,358.6,False,0.0
682_z29,40,48,9,47,46.5,82.2,376,360,373,337,380,382,125.2,False,0.0
682_z29,40,46,15,43,40.4,82.2,662,358,659,339,665,378,226.1,False,0.0
682_z29,40,76,35,44,42.6,82.0,801,361,798,341,805,382,300.0,False,0.0
682_z29,40,53,22,44,44.4,74.9,836,370,830,349,841,391,328.1,False,0.0
682_z29,40,37,18,39,39.6,67.6,681,369,674,351,688,387,242.4,False,0.0
682_z29,40,56,27,49,47.5,97.8,266,382,263,359,270,405,124.0,False,0.0
682_z29,40,74,35,47,46.6,74.8,526,381,520,360,532,404,228.0,False,0.0
682_z29,40,50,23,42,41.2,15.0,26,366,7,361,46,371,214.4,False,0.0
682_z29,40,39,12,40,40.3,75.0,291,381,286,362,296,400,130.6,False,0.0
682_z29,40,69,23,61,55.6,82.3,587,391,583,364,591,418,239.0,False,0.0
682_z29,40,44,10,44,44.0,90.0,489,392,489,371,489,414,215.0,False,0.0
682_z29,40,76,27,43,47.2,67.5,73,401,64,379,81,422,212.9,False,0.0
682_z29,40,80,35,48,47.5,82.1,702,408,698,385,705,431,282.8,False,0.0
682_z29,40,47,14,47,47.0,90.0,307,410,307,387,307,433,161.0,False,0.0
682_z29,40,76,25,77,71.8,81.5,436,423,430,388,441,458,194.6,False,0.0
682_z29,40,77,32,84,59.4,135.7,337,408,324,394,365,436,178.4,False,0.0
682_z29,40,67,28,43,43.4,82.2,526,418,523,397,529,439,257.4,False,0.0
682_z29,40,52,14,42,41.4,142.5,966,422,950,409,982,434,473.2,False,0.0
682_z29,40,242,85,98,94.9,159.6,892,432,842,411,930,444,406.9,False,0.0
682_z29,40,150,55,63,63.2,99.9,626,464,621,432,633,493,310.6,False,0.0
682_z29,40,43,4,48,43.0,90.0,403,462,403,441,403,483,233.4,False,0.0
682_z29,40,89,33,60,59.2,149.6,807,456,781,441,831,471,395.0,False,0.0
682_z29,40,186,65,107,96.2,176.2,89,449,47,445,142,454,235.7,False,0.0
682_z29,40,83,31,53,51.6,81.8,210,490,206,464,214,514,230.9,False,0.0
682_z29,40,100,45,50,52.2,77.6,246,491,240,467,251,517,230.1,False,0.0
682_z29,40,39,23,37,40.3,75.0,515,486,510,467,520,505,303.4,False,0.0
682_z29,40,87,37,48,47.5,74.9,39,502,33,479,45,524,316.6,False,0.0
682_z29,40,348,107,127,84.8,139.8,703,518,667,488,746,557,396.0,False,0.0
682_z29,40,114,39,47,46.1,75.4,301,517,296,495,307,539,262.4,False,0.0
682_z29,40,46,17,41,40.4,82.2,94,520,91,500,97,539,305.4,False,0.0
682_z29,40,54,20,37,42.8,52.5,811,517,798,500,824,533,430.0,False,0.0
682_z29,40,145,47,49,50.0,179.8,571,515,546,514,595,516,363.9,False,0.0
682_z29,40,76,34,42,42.6,82.0,987,548,984,528,991,569,563.7,False,0.0
682_z29,40,86,28,89,57.4,139.4,573,548,559,536,604,578,391.9,False,0.0
682_z29,40,138,56,80,80.2,95.6,803,601,796,567,812,646,495.5,False,0.0
682_z29,40,62,20,62,62.0,90.0,523,600,523,569,523,630,398.0,False,0.0
682_z29,40,96,36,51,53.5,67.9,692,598,683,576,702,625,461.3,False,0.0
682_z29,40,39,16,39,40.3,75.0,973,598,968,579,978,617,591.2,False,0.0
682_z29,40,142,49,62,63.6,83.7,430,626,426,597,435,659,390.0,False,0.0
682_z29,40,100,40,49,47.8,52.5,738,629,723,611,752,648,504.9,False,0.0
682_z29,40,161,54,70,68.0,66.1,26,643,15,613,43,674,441.3,False,0.0
682_z29,40,92,43,49,50.5,97.8,88,638,85,614,92,663,407.8,False,0.0
682_z29,40,44,8,45,44.0,90.0,332,646,332,625,332,668,397.0,False,0.0
682_z29,40,40,24,42,40.0,90.0,854,646,854,626,854,665,567.6,False,0.0
682_z29,40,79,32,39,41.8,67.6,570,650,563,631,578,669,471.5,False,0.0
682_z29,40,72,34,42,43.6,82.0,521,662,517,641,524,683,460.6,False,0.0
682_z29,40,46,16,44,42.5,120.0,190,663,180,645,201,681,410.7,False,0.0
682_z29,40,113,39,64,65.9,57.6,474,696,457,673,490,729,471.3,False,0.0
682_z29,40,130,43,116,85.0,41.4,38,715,16,680,79,736,499.5,False,0.0
682_z29,40,59,25,43,43.4,74.9,758,702,752,682,763,723,581.2,False,0.0
682_z29,40,106,42,88,47.5,84.4,341,715,318,686,360,728,457.5,False,0.0
682_z29,40,121,49,75,71.3,68.4,745,724,735,692,762,757,586.3,False,0.0
682_z29,40,108,41,84,49.6,49.4,376,713,351,695,391,737,473.2,False,0.0
682_z29,40,50,21,45,41.2,105.0,601,718,596,698,606,737,550.9,False,0.0
682_z29,40,39,13,40,40.3,15.0,257,707,238,702,276,712,465.1,False,0.0
682_z29,40,76,31,47,45.5,8.0,260,727,238,723,282,730,486.1,False,0.0
682_z29,40,414,148,179,130.9,158.7,800,758,744,725,872,792,638.8,False,0.0
682_z29,40,46,23,39,40.4,97.8,148,746,145,727,151,766,499.5,False,0.0
682_z29,40,37,7,43,39.6,67.6,660,759,653,741,667,777,611.6,False,0.0
682_z29,40,141,55,89,81.5,81.9,351,784,345,745,356,825,517.2,False,0.0
682_z29,40,65,28,44,45.4,75.0,853,768,848,747,859,790,674.7,False,0.0
682_z29,40,111,38,43,47.5,67.3,930,769,921,748,939,791,706.7,False,0.0
682_z29,40,33,7,36,39.2,52.5,711,765,699,750,723,780,635.1,False,0.0
682_z29,40,53,20,42,41.4,97.9,48,773,45,753,51,793,552.2,False,0.0
682_z29,40,82,29,47,49.7,105.4,66,790,60,766,73,813,557.2,False,0.0
682_z29,40,39,15,39,40.3,75.0,637,785,632,766,642,804,623.1,False,0.0
682_z29,40,72,26,49,49.5,97.8,132,791,128,767,135,815,541.9,False,0.0
682_z29,40,33,6,35,39.2,127.5,372,789,360,774,384,804,553.7,False,0.0
682_z29,40,60,30,46,42.4,82.2,667,798,664,778,670,819,649.1,False,0.0
682_z29,40,60,27,41,42.4,82.2,291,802,288,781,294,822,545.5,False,0.0
682_z29,40,43,16,45,43.0,90.0,245,817,245,796,245,838,559.0,False,0.0
682_z29,40,52,23,44,40.5,157.6,476,813,457,806,494,820,608.6,False,0.0
682_z29,40,44,25,46,44.0,90.0,751,832,751,811,751,854,705.6,False,0.0
682_z29,40,80,31,51,50.7,74.8,557,839,551,816,564,864,636.1,False,0.0
682_z29,40,60,24,39,41.2,59.9,431,846,421,829,441,864,616.8,False,0.0
682_z29,40,68,29,45,44.6,82.0,350,854,347,832,354,875,603.2,False,0.0
682_z29,40,91,38,75,74.2,94.6,17,882,12,844,19,917,649.0,False,0.0
682_z29,40,132,42,54,60.7,57.6,519,872,503,845,536,895,649.4,False,0.0
682_z29,40,89,36,67,67.3,168.9,408,901,377,893,442,906,680.5,False,0.0
682_z29,40,75,29,38,40.9,112.4,155,935,147,916,162,953,684.4,False,0.0
682_z29,40,69,29,40,42.4,105.1,642,953,636,933,647,973,780.2,False,0.0
682_z29,40,105,38,68,72.1,46.9,761,961,742,934,792,985,823.3,False,0.0
682_z29,40,37,16,40,39.6,112.4,260,955,253,937,267,973,700.3,False,0.0
682_z29,40,53,20,42,44.4,105.1,263,973,257,952,268,994,715.3,False,0.0
682_z29,40,69,27,41,42.4,74.9,581,973,575,953,586,993,773.5,False,0.0
682_z29,40,134,44,55,62.8,37.2,502,1006,476,985,525,1023,780.0,False,0.0
682_z29,40,39,6,37,40.3,30.1,658,1010,641,1000,675,1020,839.9,False,0.0
682_z29,60,57,22,66,60.9,150.0,968,22,942,7,994,37,302.0,False,0.0
682_z29,60,76,41,63,60.2,75.0,369,40,361,11,377,68,0.0,True,0.0
682_z29,60,60,48,64,60.0,0.0,548,67,518,67,577,67,0.0,True,0.0
682_z29,60,95,45,77,69.6,97.6,348,138,344,104,353,172,14.9,False,0.0
682_z29,60,59,14,66,59.5,7.7,304,124,275,120,333,128,0.0,True,0.0
682_z29,60,86,33,58,62.4,67.5,947,231,935,203,958,260,344.7,False,0.0
682_z29,60,68,28,62,60.5,82.3,656,276,652,247,660,306,138.2,False,0.0
682_z29,60,59,32,65,59.5,172.3,869,440,840,436,898,444,405.8,False,0.0
682_z29,60,117,34,102,93.1,177.3,96,449,50,445,142,453,235.7,False,0.0
682_z29,60,62,20,62,62.0,90.0,523,600,523,569,523,630,398.0,False,0.0
682_z29,60,143,54,73,78.4,149.8,794,769,761,749,828,788,669.1,False,0.0
682_z29,60,68,29,55,60.6,37.5,500,1004,476,985,523,1022,780.0,False,0.0
