image,lacuna_id,x,y,on_border,roots,ring30,ring_attached_length_r30_px,ring60,ring_attached_length_r60_px,share30,share60
542_z06,1,909,17,True,6,176,176,516,382,1.0,0.7403100775193798
542_z06,2,555,149,False,4,177,106,487,202,0.5988700564971752,0.41478439425051333
542_z06,3,106,67,False,5,218,136,612,185,0.6238532110091743,0.3022875816993464
542_z06,4,635,143,False,5,200,149,560,207,0.745,0.36964285714285716
542_z06,5,381,180,False,7,264,172,816,304,0.6515151515151515,0.37254901960784315
542_z06,6,870,202,False,11,665,532,1478,1012,0.8,0.6847090663058186
542_z06,7,625,304,False,8,305,204,727,332,0.6688524590163935,0.45667125171939477
542_z06,8,67,423,False,10,319,276,663,371,0.8652037617554859,0.5595776772247361
542_z06,9,573,482,False,10,391,313,962,483,0.8005115089514067,0.502079002079002
542_z06,10,391,530,False,8,383,309,1079,705,0.8067885117493473,0.6533827618164968
542_z06,11,913,595,False,13,606,480,1550,1020,0.7920792079207921,0.6580645161290323
542_z06,12,783,581,False,13,449,331,1081,663,0.7371937639198218,0.6133209990749307
542_z06,13,247,723,False,13,471,412,1041,700,0.8747346072186837,0.6724303554274735
542_z06,14,724,817,False,5,251,133,740,329,0.5298804780876494,0.4445945945945946
542_z06,15,400,952,True,4,264,140,763,284,0.5303030303030303,0.3722149410222805
542_z06,16,948,985,True,4,114,86,467,89,0.7543859649122807,0.1905781584582441
542_z18,1,914,16,True,4,196,188,529,296,0.9591836734693877,0.5595463137996219
542_z18,2,639,130,False,19,574,523,1322,936,0.9111498257839721,0.708018154311649
542_z18,3,383,173,False,8,385,231,1044,570,0.6,0.5459770114942529
542_z18,4,874,210,False,7,431,222,1139,378,0.5150812064965197,0.33187006145741876
542_z18,5,80,369,False,6,329,170,924,228,0.5167173252279635,0.24675324675324675
542_z18,6,401,532,False,10,325,254,1007,630,0.7815384615384615,0.6256206554121152
542_z18,7,924,589,False,8,473,302,1313,649,0.638477801268499,0.49428789032749426
542_z18,8,785,570,False,7,302,192,892,438,0.6357615894039735,0.4910313901345291
542_z18,9,248,739,False,9,376,235,978,393,0.625,0.401840490797546
542_z18,10,733,814,False,8,405,300,1142,682,0.7407407407407407,0.5971978984238179
542_z18,11,408,945,False,6,230,138,605,209,0.6,0.34545454545454546
542_z18,12,938,990,False,3,98,72,290,165,0.7346938775510204,0.5689655172413793
543-2,1,271,88,False,9,366,319,1178,821,0.8715846994535519,0.6969439728353141
543-2,2,919,208,False,12,510,373,1353,954,0.7313725490196078,0.70509977827051
543-2,3,341,257,False,10,316,246,919,472,0.7784810126582279,0.5136017410228509
543-2,4,39,297,False,8,305,266,695,560,0.8721311475409836,0.8057553956834532
543-2,5,365,394,False,4,256,158,826,403,0.6171875,0.48789346246973364
543-2,6,746,472,False,7,314,298,898,636,0.9490445859872612,0.7082405345211581
543-2,7,485,459,False,2,136,51,718,217,0.375,0.3022284122562674
543-2,8,878,550,False,10,357,308,1078,871,0.8627450980392157,0.8079777365491652
543-2,9,193,643,False,6,250,159,940,360,0.636,0.3829787234042553
543-2,10,634,728,False,7,288,193,1033,429,0.6701388888888888,0.41529525653436594
543-2,11,480,787,False,9,336,252,1082,720,0.75,0.6654343807763401
543-2,12,288,859,False,7,245,167,877,431,0.6816326530612244,0.49144811858608894
543_3,1,271,79,False,5,249,121,958,275,0.4859437751004016,0.2870563674321503
543_3,2,917,197,False,9,506,410,1333,735,0.8102766798418972,0.5513878469617405
543_3,3,340,251,False,7,300,241,926,739,0.8033333333333333,0.7980561555075594
543_3,4,370,389,False,10,348,267,934,627,0.7672413793103449,0.671306209850107
543_3,5,745,473,False,7,336,287,995,640,0.8541666666666666,0.6432160804020101
543_3,6,877,545,False,6,277,128,1053,343,0.4620938628158845,0.32573599240265905
543_3,7,198,635,False,4,172,73,758,99,0.42441860465116277,0.13060686015831136
543_3,8,635,734,False,8,348,295,1040,687,0.8477011494252874,0.6605769230769231
543_3,9,481,781,False,6,286,166,912,421,0.5804195804195804,0.4616228070175439
543_3,10,185,1012,True,1,106,26,451,45,0.24528301886792453,0.09977827050997783
543_z13,1,270,98,False,8,331,278,1011,651,0.8398791540785498,0.6439169139465876
543_z13,2,828,131,False,7,310,192,883,412,0.6193548387096774,0.4665911664779162
543_z13,3,919,219,False,9,343,218,876,388,0.6355685131195336,0.4429223744292237
543_z13,4,340,263,False,3,226,120,828,286,0.5309734513274337,0.34541062801932365
543_z13,5,481,460,False,5,326,161,1067,696,0.4938650306748466,0.6522961574507966
543_z13,6,748,475,False,4,287,189,861,271,0.6585365853658537,0.3147502903600465
543_z13,7,874,547,False,4,308,139,1041,252,0.4512987012987013,0.2420749279538905
543_z13,8,188,643,False,10,317,282,955,748,0.889589905362776,0.7832460732984293
543_z13,9,630,732,False,7,254,220,944,664,0.8661417322834646,0.7033898305084746
543_z13,10,478,793,False,5,234,102,918,166,0.4358974358974359,0.18082788671023964
543_z13,11,288,855,False,12,396,350,1191,948,0.8838383838383839,0.7959697732997482
682_z08,1,428,32,True,10,368,254,955,366,0.6902173913043478,0.3832460732984293
682_z08,2,88,343,False,10,372,303,992,656,0.8145161290322581,0.6612903225806451
682_z08,3,702,434,False,13,373,312,988,591,0.8364611260053619,0.5981781376518218
682_z08,4,210,434,False,18,652,622,1616,1480,0.9539877300613497,0.9158415841584159
682_z08,5,557,521,False,8,328,227,683,393,0.6920731707317073,0.575402635431918
682_z08,6,438,545,False,5,341,265,840,578,0.7771260997067448,0.6880952380952381
682_z08,7,1013,673,True,3,150,88,415,194,0.5866666666666667,0.4674698795180723
682_z08,8,152,714,False,13,526,375,1305,815,0.7129277566539924,0.6245210727969349
682_z08,9,829,724,False,7,323,221,758,447,0.6842105263157895,0.5897097625329816
682_z08,10,727,909,False,6,259,212,674,426,0.8185328185328186,0.6320474777448071
682_z23,1,107,13,True,4,136,118,378,260,0.8676470588235294,0.6878306878306878
682_z23,2,363,7,True,2,41,28,171,28,0.6829268292682927,0.16374269005847952
682_z23,3,472,61,False,5,294,108,711,220,0.3673469387755102,0.30942334739803096
682_z23,4,920,135,False,8,328,274,881,562,0.8353658536585366,0.637911464245176
682_z23,5,214,432,False,9,337,246,881,444,0.7299703264094956,0.5039727582292849
682_z23,6,704,442,False,5,207,133,751,163,0.642512077294686,0.2170439414114514
682_z23,7,477,535,False,8,306,262,746,447,0.8562091503267973,0.599195710455764
682_z23,8,349,558,False,8,380,327,850,610,0.8605263157894737,0.7176470588235294
682_z23,9,48,592,True,6,260,181,666,338,0.6961538461538461,0.5075075075075075
682_z23,10,172,714,False,6,312,191,1048,491,0.6121794871794872,0.4685114503816794
682_z23,11,851,726,False,5,194,144,565,297,0.7422680412371134,0.5256637168141592
682_z23,12,113,837,False,5,256,215,741,400,0.83984375,0.5398110661268556
682_z23,13,752,905,False,5,166,132,676,348,0.7951807228915663,0.514792899408284
682_z23,14,300,920,False,10,337,314,897,632,0.9317507418397626,0.7045707915273133
682_z29,1,99,13,True,3,187,62,411,92,0.3315508021390374,0.22384428223844283
682_z29,2,921,135,False,8,375,223,1100,425,0.5946666666666667,0.38636363636363635
682_z29,3,449,250,False,4,309,235,954,440,0.7605177993527508,0.4612159329140461
682_z29,4,220,431,False,8,352,278,1197,677,0.7897727272727273,0.5655806182121972
682_z29,5,493,532,False,5,240,133,702,278,0.5541666666666667,0.396011396011396
682_z29,6,357,555,False,6,352,283,768,523,0.8039772727272727,0.6809895833333334
682_z29,7,55,590,True,9,319,289,716,516,0.9059561128526645,0.7206703910614525
682_z29,8,182,716,False,5,247,174,662,288,0.7044534412955465,0.4350453172205438
682_z29,9,76,831,False,5,143,124,391,286,0.8671328671328671,0.731457800511509
682_z29,10,125,842,False,4,139,123,377,251,0.8848920863309353,0.6657824933687002
682_z29,11,761,905,False,3,97,72,352,138,0.7422680412371134,0.39204545454545453
682_z29,12,307,920,False,7,313,193,795,373,0.6166134185303515,0.4691823899371069
682_z29,13,438,978,False,6,186,112,374,164,0.6021505376344086,0.4385026737967914
