image,lacuna_id,x,y,on_border,area_px2,roots,sholl_r10,sholl_r20,sholl_r30
542_z06,1,909,17,True,1381.0,6,6,5,6
542_z06,2,555,149,False,445.0,4,4,7,10
542_z06,3,106,67,False,556.0,5,4,8,6
542_z06,4,635,143,False,895.0,5,5,7,6
542_z06,5,381,180,False,2450.0,7,8,11,13
542_z06,6,870,202,False,4645.0,11,18,20,22
542_z06,7,625,304,False,2177.0,8,8,9,14
542_z06,8,67,423,False,3251.0,10,10,10,8
542_z06,9,573,482,False,3239.0,10,13,15,16
542_z06,10,391,530,False,3188.0,8,10,13,15
542_z06,11,913,595,False,3013.0,13,15,23,25
542_z06,12,783,581,False,3414.0,13,14,13,15
542_z06,13,247,723,False,4647.0,13,13,18,17
542_z06,14,724,817,False,1123.0,5,5,9,15
542_z06,15,400,952,True,3750.0,4,6,11,14
542_z06,16,948,985,True,1341.0,4,3,3,6
542_z18,1,914,16,True,602.0,4,4,7,5
542_z18,2,639,130,False,5924.0,19,21,18,20
542_z18,3,383,173,False,4438.0,8,9,13,17
542_z18,4,874,210,False,4342.0,7,9,15,21
542_z18,5,80,369,False,5254.0,6,5,11,15
542_z18,6,401,532,False,3405.0,10,10,15,16
542_z18,7,924,589,False,4133.0,8,10,21,20
542_z18,8,785,570,False,2572.0,7,8,13,13
542_z18,9,248,739,False,3684.0,9,10,12,13
542_z18,10,733,814,False,3421.0,8,12,16,16
542_z18,11,408,945,False,2890.0,6,6,9,6
542_z18,12,938,990,False,508.0,3,3,3,6
543-2,1,271,88,False,2494.0,9,11,15,18
543-2,2,919,208,False,3004.0,12,15,19,23
543-2,3,341,257,False,1698.0,10,10,10,12
543-2,4,39,297,False,1631.0,8,10,13,8
543-2,5,365,394,False,1204.0,4,6,9,14
543-2,6,746,472,False,2066.0,7,10,11,11
543-2,7,485,459,False,1233.0,2,2,8,9
543-2,8,878,550,False,2066.0,10,11,16,16
543-2,9,193,643,False,2656.0,6,5,10,12
543-2,10,634,728,False,2113.0,7,6,12,16
543-2,11,480,787,False,2173.0,9,9,13,21
543-2,12,288,859,False,1997.0,7,8,8,15
543_3,1,271,79,False,2174.0,5,5,13,18
543_3,2,917,197,False,3447.0,9,13,19,18
543_3,3,340,251,False,1883.0,7,8,11,16
543_3,4,370,389,False,2052.0,10,11,15,16
543_3,5,745,473,False,2266.0,7,8,13,14
543_3,6,877,545,False,1344.0,6,4,14,19
543_3,7,198,635,False,1683.0,4,3,8,12
543_3,8,635,734,False,2203.0,8,10,14,16
543_3,9,481,781,False,2633.0,6,8,12,15
543_3,10,185,1012,True,531.0,1,1,3,9
543_z13,1,270,98,False,2019.0,8,11,13,11
543_z13,2,828,131,False,839.0,7,7,13,13
543_z13,3,919,219,False,1736.0,9,10,15,12
543_z13,4,340,263,False,1138.0,3,3,7,15
543_z13,5,481,460,False,2267.0,5,7,12,18
543_z13,6,748,475,False,860.0,4,6,11,15
543_z13,7,874,547,False,2150.0,4,8,15,13
543_z13,8,188,643,False,3069.0,10,11,13,17
543_z13,9,630,732,False,1616.0,7,8,9,13
543_z13,10,478,793,False,1438.0,5,6,7,14
543_z13,11,288,855,False,3350.0,12,12,14,16
682_z08,1,428,32,True,9321.0,10,12,11,10
682_z08,2,88,343,False,2563.0,10,11,14,17
682_z08,3,702,434,False,3496.0,13,13,12,13
682_z08,4,210,434,False,4123.0,18,21,23,26
682_z08,5,557,521,False,1521.0,8,5,12,12
682_z08,6,438,545,False,862.0,5,7,11,13
682_z08,7,1013,673,True,547.0,3,4,6,7
682_z08,8,152,714,False,3601.0,13,13,19,21
682_z08,9,829,724,False,1853.0,7,8,13,15
682_z08,10,727,909,False,2780.0,6,8,10,11
682_z23,1,107,13,True,510.0,4,3,5,5
682_z23,2,363,7,True,448.0,2,1,0,1
682_z23,3,472,61,False,1379.0,5,6,10,15
682_z23,4,920,135,False,1062.0,8,10,10,13
682_z23,5,214,432,False,4132.0,9,9,14,11
682_z23,6,704,442,False,1032.0,5,5,9,9
682_z23,7,477,535,False,2868.0,8,8,10,12
682_z23,8,349,558,False,980.0,8,9,13,13
682_z23,9,48,592,True,2962.0,6,7,10,11
682_z23,10,172,714,False,2810.0,6,6,14,18
682_z23,11,851,726,False,1297.0,5,6,9,11
682_z23,12,113,837,False,1519.0,5,7,10,14
682_z23,13,752,905,False,2083.0,5,5,7,10
682_z23,14,300,920,False,2782.0,10,11,13,17
682_z29,1,99,13,True,2083.0,3,4,8,6
682_z29,2,921,135,False,2213.0,8,9,12,19
682_z29,3,449,250,False,446.0,4,8,10,11
682_z29,4,220,431,False,3140.0,8,10,13,18
682_z29,5,493,532,False,2837.0,5,5,12,11
682_z29,6,357,555,False,1634.0,6,7,13,13
682_z29,7,55,590,True,3781.0,9,10,11,11
682_z29,8,182,716,False,1399.0,5,7,10,9
682_z29,9,76,831,False,513.0,5,5,5,6
682_z29,10,125,842,False,1130.0,4,4,5,7
682_z29,11,761,905,False,1244.0,3,3,4,7
682_z29,12,307,920,False,2966.0,7,6,14,16
682_z29,13,438,978,False,1624.0,6,5,6,9
