image,parameter,value,t_lo,roots_per_cell,ring30,ring30_attached,ring30_weighted,sholl10,sholl20,sholl30,field_density,bridges,roots_per_cell_pct,ring30_pct,ring30_attached_pct,ring30_weighted_pct,sholl10_pct,sholl20_pct,sholl30_pct,field_density_pct,bridges_pct
542_WT_2_z06c1-2,default,,0.107421875,8.6154,361.4615,273.3077,408.2629,9.7692,12.5385,14.0,0.03465004,17,0.0,0.0,0.0,0.0,0.0,0.0,0.0,0.0,0.0
542_WT_2_z06c1-2,TOPHAT_RADIUS_PX,4.0,0.099609375,9.0,344.5385,254.4615,388.5478,9.3846,12.2308,13.5385,0.03322792,10,4.464099171251489,-4.681826418581233,-6.895597892046221,-4.829020711899124,-3.9368627932686295,-2.454041552019783,-3.296428571428565,-4.104237686305698,-41.1764705882353
542_WT_2_z06c1-2,TOPHAT_RADIUS_PX,6.0,0.107421875,8.9231,373.0769,293.5385,422.8615,9.7692,12.6923,13.9231,0.03527834,15,3.571511479443793,3.2134542682969065,7.402206377646874,3.575784133214156,0.0,1.2266220042269698,-0.5492857142857156,1.813273520030564,-11.764705882352942
542_WT_2_z06c1-2,HYSTERESIS_LOW_FRACTION,0.525,0.107421875,9.1538,390.6154,317.3846,441.6504,10.6154,13.0,14.6923,0.03790256,1,6.249274554866879,8.065561615829077,16.12720753934118,8.177941223657596,8.661917045408014,3.6806635562467527,4.944999999999996,9.38677127068252,-94.11764705882354
542_WT_2_z06c1-2,HYSTERESIS_LOW_FRACTION,0.975,0.107421875,7.9231,336.0,251.4615,380.2624,8.9231,11.5385,12.8462,0.03205257,75,-8.035610650695261,-7.044042034905516,-7.993261807113377,-6.858448318473216,-8.660893420136755,-7.975435658172827,-8.241428571428575,-7.496297262571694,341.1764705882353
542_WT_2_z06c1-2,MAX_BRIDGE_GAP_PX,0.0,0.107421875,8.6923,360.9231,272.9231,407.475,9.7692,12.5385,14.0,0.03458265,0,0.8925876918076955,-0.1489508564535985,-0.1407205139116221,-0.192988390568915,0.0,0.0,0.0,-0.1944875099711299,-100.0
542_WT_2_z06c1-2,MAX_BRIDGE_GAP_PX,7.0,0.107421875,8.6923,361.0769,272.9231,407.7376,9.7692,12.5385,14.0,0.0346322,14,0.8925876918076955,-0.1064013733136109,-0.1407205139116221,-0.1286670917195796,0.0,0.0,0.0,-0.0514862320505203,-17.647058823529413
542_WT_2_z06c1-2,MAX_BRIDGE_GAP_PX,13.0,0.107421875,8.6154,361.4615,273.3077,408.2629,9.7692,12.5385,14.0,0.03465004,17,0.0,0.0,0.0,0.0,0.0,0.0,0.0,0.0,0.0
542_WT_2_z06c1-2,MAX_BRIDGE_ANGLE_DEG,28.0,0.107421875,8.6154,361.4615,273.3077,408.2629,9.7692,12.5385,14.0,0.0346431,15,0.0,0.0,0.0,0.0,0.0,0.0,0.0,-0.0200288369075387,-11.764705882352942
542_WT_2_z06c1-2,MAX_BRIDGE_ANGLE_DEG,52.0,0.107421875,8.6154,361.4615,273.3077,408.2629,9.7692,12.5385,14.0,0.03465004,17,0.0,0.0,0.0,0.0,0.0,0.0,0.0,0.0,0.0
542_WT_2_z06c1-2,MIN_BRIDGE_SIGNAL_FRACTION,0.49,0.107421875,8.6154,364.0769,279.5385,411.6266,9.8462,12.6154,14.0,0.03497212,80,0.0,0.7235625370890184,2.2797747740001424,0.8239053805770729,0.7881914588707362,0.6133110021134778,0.0,0.9295227364816964,370.5882352941176
542_WT_2_z06c1-2,MIN_BRIDGE_SIGNAL_FRACTION,0.91,0.107421875,8.6154,361.3077,273.3077,408.0003,9.7692,12.5385,14.0,0.0345876,1,0.0,-0.0425494831399719,0.0,-0.0643212988493493,0.0,0.0,0.0,-0.1802018121768313,-94.11764705882354
542_WT_2_z06c1-2,PRUNE_SPUR_LEN_PX,3.0,0.107421875,8.6154,361.4615,273.3077,408.2629,9.7692,12.5385,14.0,0.03465004,17,0.0,0.0,0.0,0.0,0.0,0.0,0.0,0.0,0.0
542_WT_2_z06c1-2,PRUNE_SPUR_LEN_PX,5.0,0.107421875,8.3077,361.4615,273.3077,408.2629,9.7692,12.5385,14.0,0.03465004,17,-3.5715114794437723,0.0,0.0,0.0,0.0,0.0,0.0,0.0,0.0
542_WT_2_z06c1-2,ROOT_MERGE_DIST_PX,6.0,0.107421875,9.6923,361.4615,273.3077,408.2629,9.7692,12.5385,14.0,0.03465004,17,12.49970982194675,0.0,0.0,0.0,0.0,0.0,0.0,0.0,0.0
542_WT_2_z06c1-2,ROOT_MERGE_DIST_PX,10.0,0.107421875,8.0769,361.4615,273.3077,408.2629,9.7692,12.5385,14.0,0.03465004,17,-6.25043526707987,0.0,0.0,0.0,0.0,0.0,0.0,0.0,0.0
542_WT_2_z06c1-2,LACUNA_ATTACH_GAP_PX,7.0,0.107421875,7.4615,361.4615,259.3846,408.2629,9.7692,12.5385,14.0,0.03465004,17,-13.393458225967446,0.0,-5.094294818623856,0.0,0.0,0.0,0.0,0.0,0.0
542_WT_2_z06c1-2,LACUNA_ATTACH_GAP_PX,13.0,0.107421875,9.5385,361.4615,285.6923,408.2629,9.7692,12.5385,14.0,0.03465004,17,10.71453443833138,0.0,4.531376174180229,0.0,0.0,0.0,0.0,0.0,0.0
542_WT_2_z06c1-2,t_lo scale,0.8,0.0859375,8.8462,385.1538,303.3846,435.6294,10.2308,13.3846,14.6923,0.03724056,8,2.678923787636098,6.554584651477401,11.004775935694443,6.703156226049433,4.725054252139384,6.748016110380028,4.944999999999996,7.476239565668608,-52.94117647058823
542_WT_2_z06c1-2,t_lo scale,0.9,0.0966796875,8.6923,370.0769,284.2308,418.0572,10.0769,12.8462,14.3846,0.03586205,14,0.8925876918076955,2.383490357894277,3.9966309035566794,2.399017887738519,3.1496949596691697,2.454041552019769,2.747142857142862,3.497860319930365,-17.647058823529413
542_WT_2_z06c1-2,t_lo scale,1.1,0.1181640625,8.2308,346.9231,260.3846,392.4336,9.3077,12.2308,13.6154,0.03339739,8,-4.464099171251468,-4.022115771665868,-4.728406846934804,-3.877232048270854,-4.724030626868108,-2.454041552019783,-2.747142857142862,-3.615147341821253,-52.94117647058823
542_WT_2_z06c1-2,t_lo scale,1.2,0.12890625,7.7692,339.9231,253.3077,384.5469,8.8462,11.6923,13.0,0.03238655,12,-9.821946746523665,-5.958698229272004,-7.317759433781045,-5.809001993568362,-9.448061253736231,-6.748813653945858,-7.142857142857143,-6.5324311313926335,-29.41176470588235
542_WT_2_z18c1-2,default,,0.095703125,8.2727,357.0909,239.9091,397.1731,9.3636,13.2727,14.8182,0.03407276,14,0.0,0.0,0.0,0.0,0.0,0.0,0.0,0.0,0.0
542_WT_2_z18c1-2,TOPHAT_RADIUS_PX,4.0,0.095703125,7.0,338.0909,205.7273,373.7814,8.8182,13.0909,14.4545,0.03240511,11,-15.384336431878353,-5.320774066211153,-14.2478130258502,-5.889547907448907,-5.8246828143022,-1.3697288419085856,-2.454414166362984,-4.894378970180284,-21.428571428571427
542_WT_2_z18c1-2,TOPHAT_RADIUS_PX,6.0,0.099609375,8.5455,366.9091,258.0,407.9198,9.3636,13.2727,15.3636,0.0345125,13,3.297593288769085,2.7494959966776102,7.540731051885904,2.7057975477191265,0.0,0.0,3.680608980847882,1.2905910762732486,-7.142857142857143
542_WT_2_z18c1-2,HYSTERESIS_LOW_FRACTION,0.525,0.095703125,9.7273,396.9091,288.2727,442.9527,10.8182,14.2727,16.3636,0.03765921,0,17.583134889455668,11.150718206484694,20.15913527248445,11.526359665344916,15.53462343543081,7.534262056702856,10.42906695820007,10.52585701892068,-100.0
542_WT_2_z18c1-2,HYSTERESIS_LOW_FRACTION,0.975,0.095703125,7.3636,324.3636,217.5455,359.9336,8.3636,12.2727,13.8182,0.03153554,92,-10.989157107111348,-9.164977320900634,-9.3216972595037,-9.376138514919557,-10.679653124866505,-7.534262056702856,-6.748457977352175,-7.4464763054123,557.1428571428571
542_WT_2_z18c1-2,MAX_BRIDGE_GAP_PX,0.0,0.095703125,8.3636,356.5455,237.8182,396.2952,9.3636,13.2727,14.7273,0.03401916,0,1.0987948311917457,-0.152734219774285,-0.8715384285131347,-0.2210371246189518,0.0,0.0,-0.6134348301413096,-0.157310414536424,-100.0
542_WT_2_z18c1-2,MAX_BRIDGE_GAP_PX,7.0,0.095703125,8.2727,357.0909,239.9091,397.1731,9.3636,13.2727,14.8182,0.03404993,10,0.0,0.0,0.0,0.0,0.0,0.0,0.0,-0.0670036709676629,-28.571428571428573
542_WT_2_z18c1-2,MAX_BRIDGE_GAP_PX,13.0,0.095703125,8.2727,357.0909,239.9091,397.1731,9.3636,13.2727,14.8182,0.03407276,14,0.0,0.0,0.0,0.0,0.0,0.0,0.0,0.0,0.0
542_WT_2_z18c1-2,MAX_BRIDGE_ANGLE_DEG,28.0,0.095703125,8.2727,357.0909,239.9091,397.1731,9.3636,13.2727,14.8182,0.0340678,13,0.0,0.0,0.0,0.0,0.0,0.0,0.0,-0.0145570831362011,-7.142857142857143
542_WT_2_z18c1-2,MAX_BRIDGE_ANGLE_DEG,52.0,0.095703125,8.2727,357.0909,239.9091,397.1731,9.3636,13.2727,14.8182,0.03407474,15,0.0,0.0,0.0,0.0,0.0,0.0,0.0,0.0058110936713041,7.142857142857143
542_WT_2_z18c1-2,MIN_BRIDGE_SIGNAL_FRACTION,0.49,0.095703125,8.1818,360.5455,248.1818,401.9198,9.4545,13.3636,15.1818,0.03437055,78,-1.0987948311917457,0.967428741533326,3.4482643634610004,1.1951212204451995,0.9707804690503604,0.6848644209542861,2.4537393205652624,0.8739826183731496,457.1428571428572
542_WT_2_z18c1-2,MIN_BRIDGE_SIGNAL_FRACTION,0.91,0.095703125,8.3636,356.5455,237.8182,396.2952,9.3636,13.2727,14.7273,0.03401916,0,1.0987948311917457,-0.152734219774285,-0.8715384285131347,-0.2210371246189518,0.0,0.0,-0.6134348301413096,-0.157310414536424,-100.0
542_WT_2_z18c1-2,PRUNE_SPUR_LEN_PX,3.0,0.095703125,8.5455,357.0909,239.9091,397.1731,9.3636,13.2727,14.8182,0.03407276,14,3.297593288769085,0.0,0.0,0.0,0.0,0.0,0.0,0.0,0.0
542_WT_2_z18c1-2,PRUNE_SPUR_LEN_PX,5.0,0.095703125,8.1818,357.0909,239.9091,397.1731,9.3636,13.2727,14.8182,0.03407276,14,-1.0987948311917457,0.0,0.0,0.0,0.0,0.0,0.0,0.0,0.0
542_WT_2_z18c1-2,ROOT_MERGE_DIST_PX,6.0,0.095703125,8.9091,357.0909,239.9091,397.1731,9.3636,13.2727,14.8182,0.03407276,14,7.692772613536089,0.0,0.0,0.0,0.0,0.0,0.0,0.0,0.0
542_WT_2_z18c1-2,ROOT_MERGE_DIST_PX,10.0,0.095703125,8.1818,357.0909,239.9091,397.1731,9.3636,13.2727,14.8182,0.03407276,14,-1.0987948311917457,0.0,0.0,0.0,0.0,0.0,0.0,0.0,0.0
542_WT_2_z18c1-2,LACUNA_ATTACH_GAP_PX,7.0,0.095703125,6.9091,357.0909,208.8182,397.1731,9.3636,13.2727,14.8182,0.03407276,14,-16.483131263070106,0.0,-12.95945005837628,0.0,0.0,0.0,0.0,0.0,0.0
542_WT_2_z18c1-2,LACUNA_ATTACH_GAP_PX,13.0,0.095703125,9.4545,357.0909,266.3636,397.1731,9.3636,13.2727,14.8182,0.03407276,14,14.285541600686583,0.0,11.026884765938444,0.0,0.0,0.0,0.0,0.0,0.0
542_WT_2_z18c1-2,t_lo scale,0.8,0.0765625,9.2727,392.5455,276.1818,435.4115,10.0909,14.4545,16.1818,0.03687501,9,12.087951938303092,9.928732431994217,15.119351454363343,9.627640945471889,7.767311717715405,8.90399089861143,9.202197297917426,8.224311737587444,-35.714285714285715
542_WT_2_z18c1-2,t_lo scale,0.9,0.0861328125,8.7273,372.5455,260.3636,413.8923,9.8182,13.6364,15.8182,0.03541582,13,5.495182951152577,4.327917625456159,8.525937532173655,4.209549941826372,4.854970310564305,2.7402111100228264,6.748457977352175,3.941741144538922,-7.142857142857143
542_WT_2_z18c1-2,t_lo scale,1.1,0.1052734375,8.0,341.0,224.0,378.2865,9.3636,12.9091,14.5455,0.03284783,3,-3.296384493575258,-4.5061075485261535,-6.63130327278123,-4.755256587115287,0.0,-2.739457683817158,-1.840304490423929,-3.5950419044421382,-78.57142857142857
542_WT_2_z18c1-2,t_lo scale,1.2,0.11484375,7.7273,330.2727,220.5455,365.692,8.5455,12.7273,14.0,0.03184029,20,-6.592768987150516,-7.510188582234941,-8.071223642621307,-7.926292087757194,-8.737024221453282,-4.109186525725743,-5.521588317069544,-6.552066812315763,42.85714285714285
543-2,default,,0.087890625,7.5833,306.5833,232.5,342.9959,8.5833,12.0,14.5833,0.04470139,21,0.0,0.0,0.0,0.0,0.0,0.0,0.0,0.0,0.0
543-2,TOPHAT_RADIUS_PX,4.0,0.095703125,6.9167,291.4167,211.9167,326.0033,8.0833,11.5833,15.0833,0.04313536,20,-8.79036830931126,-4.946975259252548,-8.85303225806452,-4.95417000611377,-5.825265340836276,-3.472500000000004,3.4285792653240352,-3.50331387905388,-4.761904761904762
543-2,TOPHAT_RADIUS_PX,6.0,0.087890625,7.0833,308.9167,226.5,345.384,8.0833,12.0,15.0833,0.04559669,15,-6.593435575540991,0.7610982072408977,-2.5806451612903225,0.6962473895460582,-5.825265340836276,0.0,3.4285792653240352,2.002845996511521,-28.571428571428573
543-2,HYSTERESIS_LOW_FRACTION,0.525,0.087890625,8.1667,346.25,265.0833,388.1652,9.75,13.1667,15.5833,0.05132874,0,7.693220629541231,12.938310729906028,14.014322580645166,13.169049542574712,13.59267414630737,9.722500000000004,6.857158530648071,14.825825326684466,-100.0
543-2,HYSTERESIS_LOW_FRACTION,0.975,0.087890625,6.5,263.6667,191.0833,294.8981,7.4167,11.25,14.1667,0.0400892,108,-14.285337517967116,-13.998348898977868,-17.813634408602148,-14.022849835814366,-13.591509093239196,-6.25,-2.856692243867979,-10.317777590361288,414.2857142857143
543-2,MAX_BRIDGE_GAP_PX,0.0,0.087890625,7.5833,306.5833,232.5,342.9959,8.5833,12.0,14.5833,0.04463598,0,0.0,0.0,0.0,0.0,0.0,0.0,0.0,-0.1463265459977908,-100.0
543-2,MAX_BRIDGE_GAP_PX,7.0,0.087890625,7.5833,306.5833,232.5,342.9959,8.5833,12.0,14.5833,0.0446887,19,0.0,0.0,0.0,0.0,0.0,0.0,0.0,-0.0283883789743511,-9.523809523809524
543-2,MAX_BRIDGE_GAP_PX,13.0,0.087890625,7.5833,306.5833,232.5,342.9959,8.5833,12.0,14.5833,0.04470139,21,0.0,0.0,0.0,0.0,0.0,0.0,0.0,0.0,0.0
543-2,MAX_BRIDGE_ANGLE_DEG,28.0,0.087890625,7.5833,306.5833,232.5,342.9959,8.5833,12.0,14.5833,0.0446887,16,0.0,0.0,0.0,0.0,0.0,0.0,0.0,-0.0283883789743511,-23.80952380952381
543-2,MAX_BRIDGE_ANGLE_DEG,52.0,0.087890625,7.5833,306.5833,232.5,342.9959,8.5833,12.0,14.5833,0.04470823,23,0.0,0.0,0.0,0.0,0.0,0.0,0.0,0.0153015376031953,9.523809523809524
543-2,MIN_BRIDGE_SIGNAL_FRACTION,0.49,0.087890625,7.5833,308.6667,233.5,346.0768,8.5833,12.0833,14.75,0.04515246,134,0.0,0.6795543005767056,0.4301075268817204,0.8982323112317043,0.0,0.6941666666666624,1.1430883270590368,1.0090737670573506,538.0952380952381
543-2,MIN_BRIDGE_SIGNAL_FRACTION,0.91,0.087890625,7.5833,306.5833,232.5,342.9959,8.5833,12.0,14.5833,0.04463598,0,0.0,0.0,0.0,0.0,0.0,0.0,0.0,-0.1463265459977908,-100.0
543-2,PRUNE_SPUR_LEN_PX,3.0,0.087890625,7.6667,306.5833,232.5,342.9959,8.5833,12.0,14.5833,0.04470139,21,1.0997850540002274,0.0,0.0,0.0,0.0,0.0,0.0,0.0,0.0
543-2,PRUNE_SPUR_LEN_PX,5.0,0.087890625,7.3333,306.5833,232.5,342.9959,8.5833,12.0,14.5833,0.04470139,21,-3.296717787770496,0.0,0.0,0.0,0.0,0.0,0.0,0.0,0.0
543-2,ROOT_MERGE_DIST_PX,6.0,0.087890625,8.0,306.5833,232.5,342.9959,8.5833,12.0,14.5833,0.04470139,21,5.494969208655856,0.0,0.0,0.0,0.0,0.0,0.0,0.0,0.0
543-2,ROOT_MERGE_DIST_PX,10.0,0.087890625,6.5833,306.5833,232.5,342.9959,8.5833,12.0,14.5833,0.04470139,21,-13.186871151081982,0.0,0.0,0.0,0.0,0.0,0.0,0.0,0.0
543-2,LACUNA_ATTACH_GAP_PX,7.0,0.087890625,6.25,306.5833,199.1667,342.9959,8.5833,12.0,14.5833,0.04470139,21,-17.58205530573761,0.0,-14.336903225806456,0.0,0.0,0.0,0.0,0.0,0.0
543-2,LACUNA_ATTACH_GAP_PX,13.0,0.087890625,8.6667,306.5833,246.1667,342.9959,8.5833,12.0,14.5833,0.04470139,21,14.286656205082222,0.0,5.878150537634405,0.0,0.0,0.0,0.0,0.0,0.0
543-2,t_lo scale,0.8,0.0703125,8.1667,343.6667,256.8333,382.857,9.75,12.8333,15.5833,0.04993551,14,7.693220629541231,12.095701233563595,10.465935483870972,11.621450868654703,13.59267414630737,6.944166666666663,6.857158530648071,11.709076608132325,-33.333333333333336
543-2,t_lo scale,0.9,0.0791015625,7.6667,321.25,242.4167,360.4526,8.9167,12.5,14.9167,0.04706705,20,1.0997850540002274,4.783920063486821,4.265247311827953,5.089477745943905,3.88428692926964,4.166666666666667,2.2861766541180737,5.292139685141779,-4.761904761904762
543-2,t_lo scale,1.1,0.0966796875,7.1667,290.3333,214.0833,324.445,7.75,11.75,14.5833,0.04273896,22,-5.493650521540764,-5.300353933172485,-7.921161290322577,-5.408490305569254,-9.708387217037732,-2.083333333333333,0.0,-4.390087198630739,4.761904761904762
543-2,t_lo scale,1.2,0.10546875,6.5833,272.0,199.1667,303.8621,7.6667,11.25,14.4167,0.04100402,25,-13.186871151081982,-11.28022954935902,-14.336903225806456,-11.409407517699194,-10.67887642282106,-6.25,-1.1424026112059615,-8.271264047941235,19.047619047619047
543_3,default,,0.083984375,6.8889,313.5556,220.8889,351.7792,7.7778,13.2222,16.0,0.04513983,14,0.0,0.0,0.0,0.0,0.0,0.0,0.0,0.0,0.0
543_3,TOPHAT_RADIUS_PX,4.0,0.095703125,6.3333,300.7778,195.8889,337.8745,7.8889,13.0,16.1111,0.04377164,29,-8.065148282018889,-4.075130535063004,-11.317906875356798,-3.95267827091539,1.428424490215736,-1.680507026062235,0.6943750000000026,-3.031003882823658,107.14285714285714
543_3,TOPHAT_RADIUS_PX,6.0,0.076171875,7.1111,317.8889,227.2222,357.1553,7.3333,13.0,16.2222,0.04607433,10,3.225478668582805,1.3819877559195088,2.867187984547879,1.528259772038827,-5.7149836714752205,-1.680507026062235,1.3887500000000053,2.070233760295504,-28.571428571428573
543_3,HYSTERESIS_LOW_FRACTION,0.525,0.083984375,7.2222,356.7778,259.4444,403.5512,8.5556,14.1111,17.4444,0.05214711,0,4.838218002874196,13.784540923523606,17.454702341312743,14.717186235001952,10.000257142122452,6.722784408041019,9.02750000000001,15.523496654728218,-100.0
543_3,HYSTERESIS_LOW_FRACTION,0.975,0.083984375,6.1111,279.3333,188.7778,314.6101,6.5556,11.5556,14.8889,0.04062585,116,-11.29062695060168,-10.914268474235516,-14.537217578610782,-10.566031192293352,-15.71395510298542,-12.604558999258828,-6.944375000000003,-9.99999335398472,728.5714285714286
543_3,MAX_BRIDGE_GAP_PX,0.0,0.083984375,6.8889,313.4444,220.8889,351.3729,7.7778,13.2222,16.0,0.04509219,0,0.0,-0.0354642047534961,0.0,-0.1154985854763406,0.0,0.0,0.0,-0.1055387226757424,-100.0
543_3,MAX_BRIDGE_GAP_PX,7.0,0.083984375,6.8889,313.5556,220.8889,351.7792,7.7778,13.2222,16.0,0.04512136,11,0.0,0.0,0.0,0.0,0.0,0.0,0.0,-0.0409173007519071,-21.428571428571427
543_3,MAX_BRIDGE_GAP_PX,13.0,0.083984375,6.8889,313.5556,220.8889,351.7792,7.7778,13.2222,16.0,0.04513983,14,0.0,0.0,0.0,0.0,0.0,0.0,0.0,0.0,0.0
543_3,MAX_BRIDGE_ANGLE_DEG,28.0,0.083984375,6.8889,313.5556,220.8889,351.7792,7.7778,13.2222,16.0,0.04513594,13,0.0,0.0,0.0,0.0,0.0,0.0,0.0,-0.0086176664821277,-7.142857142857143
543_3,MAX_BRIDGE_ANGLE_DEG,52.0,0.083984375,6.8889,313.5556,220.8889,351.7792,7.7778,13.2222,16.0,0.04514275,16,0.0,0.0,0.0,0.0,0.0,0.0,0.0,0.0064687882076726,14.285714285714286
543_3,MIN_BRIDGE_SIGNAL_FRACTION,0.49,0.083984375,6.8889,316.1111,224.2222,355.3887,7.7778,13.2222,16.2222,0.04560951,124,0.0,0.8150069716503213,1.5090391595050634,1.0260697619415726,0.0,0.0,1.3887500000000053,1.0405001525260509,785.7142857142857
543_3,MIN_BRIDGE_SIGNAL_FRACTION,0.91,0.083984375,6.8889,313.4444,220.8889,351.3729,7.7778,13.2222,16.0,0.04509219,0,0.0,-0.0354642047534961,0.0,-0.1154985854763406,0.0,0.0,0.0,-0.1055387226757424,-100.0
543_3,PRUNE_SPUR_LEN_PX,3.0,0.083984375,6.8889,313.5556,220.8889,351.7792,7.7778,13.2222,16.0,0.04513983,14,0.0,0.0,0.0,0.0,0.0,0.0,0.0,0.0,0.0
543_3,PRUNE_SPUR_LEN_PX,5.0,0.083984375,6.8889,313.5556,220.8889,351.7792,7.7778,13.2222,16.0,0.04513983,14,0.0,0.0,0.0,0.0,0.0,0.0,0.0,0.0,0.0
543_3,ROOT_MERGE_DIST_PX,6.0,0.083984375,7.2222,313.5556,220.8889,351.7792,7.7778,13.2222,16.0,0.04513983,14,4.838218002874196,0.0,0.0,0.0,0.0,0.0,0.0,0.0,0.0
543_3,ROOT_MERGE_DIST_PX,10.0,0.083984375,6.2222,313.5556,220.8889,351.7792,7.7778,13.2222,16.0,0.04513983,14,-9.67788761631029,0.0,0.0,0.0,0.0,0.0,0.0,0.0,0.0
543_3,LACUNA_ATTACH_GAP_PX,7.0,0.083984375,4.6667,313.5556,178.7778,351.7792,7.7778,13.2222,16.0,0.04513983,14,-32.25768990695177,0.0,-19.064380328753504,0.0,0.0,0.0,0.0,0.0,0.0
543_3,LACUNA_ATTACH_GAP_PX,13.0,0.083984375,8.4444,313.5556,247.4444,351.7792,7.7778,13.2222,16.0,0.04513983,14,22.579802290641474,0.0,12.022107041141494,0.0,0.0,0.0,0.0,0.0,0.0
543_3,t_lo scale,0.8,0.0671875,7.2222,346.1111,248.0,388.5262,8.4444,13.4444,16.7778,0.05029464,17,4.838218002874196,10.382688110178862,12.273636203539423,10.44604115308694,8.57054694129445,1.6805070260622217,4.861249999999995,11.419648678340176,21.428571428571427
543_3,t_lo scale,0.9,0.0755859375,6.8889,327.5556,227.0,366.7996,7.8889,13.1111,16.8889,0.04738905,17,0.0,4.464917864646653,2.766594428239714,4.269837443487277,1.428424490215736,-0.8402535130311175,5.555624999999997,4.982783497412381,21.428571428571427
543_3,t_lo scale,1.1,0.0923828125,6.7778,299.4444,211.4444,336.808,7.4444,12.6667,15.3333,0.04310455,26,-1.6127393342913896,-4.500382069400149,-4.2756788593722925,-4.25585139769492,-4.286559181259484,-4.2012675651555735,-4.166875000000003,-4.508833994279554,85.71428571428571
543_3,t_lo scale,1.2,0.10078125,6.5556,290.5556,200.2222,326.0052,7.0,12.4444,14.8889,0.04147867,18,-4.838218002874182,-7.335222206205215,-9.35615144083746,-7.326754964477718,-10.000257142122452,-5.882530895009913,-6.944375000000003,-8.110708436429638,28.571428571428573
543_z13c1-2,default,,0.072265625,6.7273,302.9091,204.6364,341.9271,8.0909,11.7273,14.2727,0.04380241,19,0.0,0.0,0.0,0.0,0.0,0.0,0.0,0.0,0.0
543_z13c1-2,TOPHAT_RADIUS_PX,4.0,0.080078125,6.5455,286.8182,186.7273,321.4601,7.8182,11.1818,14.0,0.04183664,15,-2.702421476669689,-5.312121689312085,-8.751668813563956,-5.985778839992497,-3.370453225228337,-4.651539570063005,-1.9106405935807549,-4.487812428585547,-21.05263157894737
543_z13c1-2,TOPHAT_RADIUS_PX,6.0,0.072265625,6.5455,310.8182,215.6364,351.4672,7.8182,11.4545,15.1818,0.04461265,16,-2.702421476669689,2.6110473406048107,5.375387760926208,2.7900976553189247,-3.370453225228337,-2.326196140629132,6.369502616883985,1.849761234598728,-15.789473684210526
543_z13c1-2,HYSTERESIS_LOW_FRACTION,0.525,0.072265625,7.6364,348.5455,266.2727,393.9913,9.0,12.9091,16.0,0.04978241,0,13.51359386380867,15.066037963204131,30.11991024079781,15.226695982857173,11.23608004053938,10.077340905408755,12.10212503590771,13.65221685290832,-100.0
543_z13c1-2,HYSTERESIS_LOW_FRACTION,0.975,0.072265625,6.1818,274.1818,178.4545,307.7398,6.7273,10.6364,12.8182,0.03993215,140,-8.108750910469277,-9.48380223638049,-12.79435134707218,-9.998417791394717,-16.85350208258661,-9.302226428930782,-10.190783804045497,-8.835723879119895,636.8421052631579
543_z13c1-2,MAX_BRIDGE_GAP_PX,0.0,0.072265625,6.8182,302.9091,204.6364,341.8362,8.0909,11.7273,14.2727,0.04375573,0,1.351210738334851,0.0,0.0,-0.0265846140887857,0.0,0.0,0.0,-0.1065694787113319,-100.0
543_z13c1-2,MAX_BRIDGE_GAP_PX,7.0,0.072265625,6.7273,302.9091,204.6364,341.9271,8.0909,11.7273,14.2727,0.04380241,19,0.0,0.0,0.0,0.0,0.0,0.0,0.0,0.0,0.0
543_z13c1-2,MAX_BRIDGE_GAP_PX,13.0,0.072265625,6.7273,302.9091,204.6364,341.9271,8.0909,11.7273,14.2727,0.04380241,19,0.0,0.0,0.0,0.0,0.0,0.0,0.0,0.0,0.0
543_z13c1-2,MAX_BRIDGE_ANGLE_DEG,28.0,0.072265625,6.8182,302.9091,204.6364,341.8362,8.0909,11.7273,14.2727,0.04380241,18,1.351210738334851,0.0,0.0,-0.0265846140887857,0.0,0.0,0.0,0.0,-5.2631578947368425
543_z13c1-2,MAX_BRIDGE_ANGLE_DEG,52.0,0.072265625,6.7273,302.9091,204.6364,341.9271,8.0909,11.7273,14.2727,0.04380339,20,0.0,0.0,0.0,0.0,0.0,0.0,0.0,0.0022373198186986,5.2631578947368425
543_z13c1-2,MIN_BRIDGE_SIGNAL_FRACTION,0.49,0.072265625,6.8182,305.5455,213.2727,345.7426,8.1818,11.9091,14.3636,0.044173,114,1.351210738334851,0.8703601179363645,4.220314665426081,1.115881133727039,1.123484408409464,1.5502289529559306,0.6368801978602474,0.8460493383811463,500.0
543_z13c1-2,MIN_BRIDGE_SIGNAL_FRACTION,0.91,0.072265625,6.8182,302.9091,204.6364,341.8362,8.0909,11.7273,14.2727,0.04375573,0,1.351210738334851,0.0,0.0,-0.0265846140887857,0.0,0.0,0.0,-0.1065694787113319,-100.0
543_z13c1-2,PRUNE_SPUR_LEN_PX,3.0,0.072265625,6.8182,302.9091,204.6364,341.9271,8.0909,11.7273,14.2727,0.04380241,19,1.351210738334851,0.0,0.0,0.0,0.0,0.0,0.0,0.0,0.0
543_z13c1-2,PRUNE_SPUR_LEN_PX,5.0,0.072265625,6.3636,302.9091,204.6364,341.9271,8.0909,11.7273,14.2727,0.04380241,19,-5.406329433799589,0.0,0.0,0.0,0.0,0.0,0.0,0.0,0.0
543_z13c1-2,ROOT_MERGE_DIST_PX,6.0,0.072265625,7.0,302.9091,204.6364,341.9271,8.0909,11.7273,14.2727,0.04380241,19,4.05363221500454,0.0,0.0,0.0,0.0,0.0,0.0,0.0,0.0
543_z13c1-2,ROOT_MERGE_DIST_PX,10.0,0.072265625,6.3636,302.9091,204.6364,341.9271,8.0909,11.7273,14.2727,0.04380241,19,-5.406329433799589,0.0,0.0,0.0,0.0,0.0,0.0,0.0,0.0
543_z13c1-2,LACUNA_ATTACH_GAP_PX,7.0,0.072265625,5.2727,302.9091,167.5455,341.9271,8.0909,11.7273,14.2727,0.04380241,19,-21.62234477427793,0.0,-18.12526999106709,0.0,0.0,0.0,0.0,0.0,0.0
543_z13c1-2,LACUNA_ATTACH_GAP_PX,13.0,0.072265625,8.4545,302.9091,235.6364,341.9271,8.0909,11.7273,14.2727,0.04380241,19,25.67449050882226,0.0,15.148820053519314,0.0,0.0,0.0,0.0,0.0,0.0
543_z13c1-2,t_lo scale,0.8,0.0578125,7.3636,336.0,244.4545,378.4253,8.5455,12.6364,16.2727,0.04827769,12,9.458475168343917,10.924366418836533,19.45797521848507,10.67426360765204,5.618657998492146,7.751997475974867,14.012765629488465,10.216972079846744,-36.8421052631579
543_z13c1-2,t_lo scale,0.9,0.0650390625,7.3636,316.1818,225.2727,356.2257,8.4545,11.7273,15.0909,0.04585865,16,9.458475168343917,4.3817435659740775,10.084374040981944,4.181768569967113,4.49393763363779,0.0,5.732622419023724,4.694353575522444,-15.789473684210526
543_z13c1-2,t_lo scale,1.1,0.0794921875,6.4545,291.0909,188.4545,327.7743,7.4545,11.0909,14.0,0.04211288,14,-4.055118695464738,-3.901566509556843,-7.907635200775626,-4.139127901824692,-7.865626815311018,-5.426654046540978,-1.9106405935807549,-3.857162197239836,-26.31578947368421
543_z13c1-2,t_lo scale,1.2,0.08671875,6.3636,279.3636,184.1818,313.4994,7.0,10.8182,13.3636,0.04048171,25,-5.406329433799589,-7.773124016412845,-9.995582408603749,-8.313965169768649,-13.48304885735826,-7.751997475974867,-6.369502616883985,-7.581089716296439,31.57894736842105
682_z08c1-2,default,,0.083984375,10.0,396.75,317.125,445.9204,10.75,14.25,16.0,0.03464652,24,0.0,0.0,0.0,0.0,0.0,0.0,0.0,0.0,0.0
682_z08c1-2,TOPHAT_RADIUS_PX,4.0,0.080078125,9.375,378.5,287.5,422.2013,11.0,14.0,16.25,0.03231527,23,-6.25,-4.59987397605545,-9.34174221521482,-5.319133190587372,2.3255813953488373,-1.7543859649122806,1.5625,-6.728670007839171,-4.166666666666667
682_z08c1-2,TOPHAT_RADIUS_PX,6.0,0.080078125,10.875,404.5,329.75,455.3701,11.25,14.375,16.25,0.0354737,17,8.75,1.9533711405166985,3.9810800157666537,2.1191450312656714,4.651162790697675,0.8771929824561403,1.5625,2.3874836491514784,-29.166666666666668
682_z08c1-2,HYSTERESIS_LOW_FRACTION,0.525,0.083984375,10.875,427.375,341.375,481.5374,11.625,15.25,17.375,0.03919899,0,8.75,7.718966603654694,7.646826960977532,7.987299975511329,8.13953488372093,7.017543859649122,8.59375,13.139761222772163,-100.0
682_z08c1-2,HYSTERESIS_LOW_FRACTION,0.975,0.083984375,9.75,369.875,297.625,413.2945,10.5,13.875,15.875,0.03133384,109,-2.5,-6.773787019533711,-6.148994875837603,-7.31653003540541,-2.3255813953488373,-2.631578947368421,-0.78125,-9.561364315954382,354.1666666666667
682_z08c1-2,MAX_BRIDGE_GAP_PX,0.0,0.083984375,10.0,396.75,317.125,445.9204,10.75,14.25,16.0,0.03456596,0,0.0,0.0,0.0,0.0,0.0,0.0,0.0,-0.2325197451288047,-100.0
682_z08c1-2,MAX_BRIDGE_GAP_PX,7.0,0.083984375,10.0,396.75,317.125,445.9204,10.75,14.25,16.0,0.03462785,21,0.0,0.0,0.0,0.0,0.0,0.0,0.0,-0.0538870859180039,-12.5
682_z08c1-2,MAX_BRIDGE_GAP_PX,13.0,0.083984375,10.0,396.75,317.125,445.9204,10.75,14.25,16.0,0.03464652,24,0.0,0.0,0.0,0.0,0.0,0.0,0.0,0.0,0.0
682_z08c1-2,MAX_BRIDGE_ANGLE_DEG,28.0,0.083984375,10.0,396.75,317.125,445.9204,10.75,14.25,16.0,0.03464062,22,0.0,0.0,0.0,0.0,0.0,0.0,0.0,-0.0170291273120738,-8.333333333333334
682_z08c1-2,MAX_BRIDGE_ANGLE_DEG,52.0,0.083984375,10.0,396.75,317.125,445.9204,10.75,14.25,16.0,0.03464848,25,0.0,0.0,0.0,0.0,0.0,0.0,0.0,0.0056571338189296,4.166666666666667
682_z08c1-2,MIN_BRIDGE_SIGNAL_FRACTION,0.49,0.083984375,10.0,398.75,323.375,449.0417,10.75,14.25,16.25,0.03508172,118,0.0,0.5040957781978576,1.9708316909735908,0.6999679763473524,0.0,0.0,1.5625,1.2561146112221278,391.6666666666667
682_z08c1-2,MIN_BRIDGE_SIGNAL_FRACTION,0.91,0.083984375,10.0,396.75,317.125,445.9204,10.75,14.25,16.0,0.03456596,0,0.0,0.0,0.0,0.0,0.0,0.0,0.0,-0.2325197451288047,-100.0
682_z08c1-2,PRUNE_SPUR_LEN_PX,3.0,0.083984375,10.0,396.75,317.125,445.9204,10.75,14.25,16.0,0.03464652,24,0.0,0.0,0.0,0.0,0.0,0.0,0.0,0.0,0.0
682_z08c1-2,PRUNE_SPUR_LEN_PX,5.0,0.083984375,9.875,396.75,317.125,445.9204,10.75,14.25,16.0,0.03464652,24,-1.25,0.0,0.0,0.0,0.0,0.0,0.0,0.0,0.0
682_z08c1-2,ROOT_MERGE_DIST_PX,6.0,0.083984375,11.625,396.75,317.125,445.9204,10.75,14.25,16.0,0.03464652,24,16.25,0.0,0.0,0.0,0.0,0.0,0.0,0.0,0.0
682_z08c1-2,ROOT_MERGE_DIST_PX,10.0,0.083984375,9.125,396.75,317.125,445.9204,10.75,14.25,16.0,0.03464652,24,-8.75,0.0,0.0,0.0,0.0,0.0,0.0,0.0,0.0
682_z08c1-2,LACUNA_ATTACH_GAP_PX,7.0,0.083984375,9.5,396.75,309.625,445.9204,10.75,14.25,16.0,0.03464652,24,-5.0,0.0,-2.364998029168309,0.0,0.0,0.0,0.0,0.0,0.0
682_z08c1-2,LACUNA_ATTACH_GAP_PX,13.0,0.083984375,11.375,396.75,333.5,445.9204,10.75,14.25,16.0,0.03464652,24,13.75,0.0,5.1635790303508085,0.0,0.0,0.0,0.0,0.0,0.0
682_z08c1-2,t_lo scale,0.8,0.0671875,10.75,421.0,331.625,473.0839,11.375,15.25,17.375,0.03880602,18,7.5,6.112161310649023,4.57232952305873,6.091558044888743,5.813953488372093,7.017543859649122,8.59375,12.005534755005687,-25.0
682_z08c1-2,t_lo scale,0.9,0.0755859375,10.25,408.5,327.75,459.8235,11.0,14.5,16.375,0.0366182,19,2.5,2.9615626969124134,3.3504138746551044,3.117843453674704,2.3255813953488373,1.7543859649122806,2.34375,5.690845718415577,-20.83333333333333
682_z08c1-2,t_lo scale,1.1,0.0923828125,9.75,383.375,308.75,430.1939,10.875,14.125,15.5,0.03298035,23,-2.5,-3.3711405166981727,-2.640914465904612,-3.526750514217333,1.162790697674419,-0.8771929824561403,-3.125,-4.809054415854757,-4.166666666666667
682_z08c1-2,t_lo scale,1.2,0.10078125,9.625,375.625,300.75,419.3034,10.125,14.125,15.875,0.03135447,23,-3.75,-5.324511657214871,-5.1635790303508085,-5.969002539466677,-5.813953488372093,-0.8771929824561403,-0.78125,-9.501820096217449,-4.166666666666667
682_z23c-2,default,,0.080078125,6.7273,283.3636,213.2727,315.3412,7.4545,10.8182,13.0,0.03829817,19,0.0,0.0,0.0,0.0,0.0,0.0,0.0,0.0,0.0
682_z23c-2,TOPHAT_RADIUS_PX,4.0,0.068359375,6.2727,264.6364,182.4545,293.1765,6.9091,10.1818,12.3636,0.0361617,25,-6.757540172134426,-6.608894014615864,-14.450138250230802,-7.028799281540135,-7.316386075524861,-5.882679188774458,-4.895384615384616,-5.578517198080226,31.57894736842105
682_z23c-2,TOPHAT_RADIUS_PX,6.0,0.083984375,6.6364,292.0909,219.3636,325.2761,7.1818,10.9091,13.1818,0.03913712,26,-1.3512107383348375,3.079894524208457,2.855921081319834,3.1505239404175445,-3.6581930377624303,0.840250688654317,1.398461538461545,2.190574641033757,36.8421052631579
682_z23c-2,HYSTERESIS_LOW_FRACTION,0.525,0.080078125,7.0909,322.4545,241.0,359.9857,8.2727,12.1818,14.5455,0.04309033,1,5.404842953339391,13.795314571102278,13.00086696515776,14.157522074502154,10.975920584881615,12.60468469800893,11.888461538461543,12.512764970232269,-94.73684210526316
682_z23c-2,HYSTERESIS_LOW_FRACTION,0.975,0.080078125,6.2727,257.1818,184.8182,284.3314,6.8182,9.9091,11.8182,0.03485439,127,-6.757540172134426,-9.239648282277614,-13.341838875767971,-9.833729306541626,-8.535783754778997,-8.403431254737376,-9.090769230769238,-8.992022334226416,568.421052631579
682_z23c-2,MAX_BRIDGE_GAP_PX,0.0,0.080078125,6.7273,283.1818,213.2727,314.9931,7.4545,10.8182,13.0,0.03824048,0,0.0,-0.0641578523141327,0.0,-0.1103883666327102,0.0,0.0,0.0,-0.1506338292404027,-100.0
682_z23c-2,MAX_BRIDGE_GAP_PX,7.0,0.080078125,6.7273,283.3636,213.2727,315.3412,7.4545,10.8182,13.0,0.03828448,17,0.0,0.0,0.0,0.0,0.0,0.0,0.0,-0.0357458332865428,-10.526315789473683
682_z23c-2,MAX_BRIDGE_GAP_PX,13.0,0.080078125,6.7273,283.3636,213.2727,315.3412,7.4545,10.8182,13.0,0.03829817,19,0.0,0.0,0.0,0.0,0.0,0.0,0.0,0.0,0.0
682_z23c-2,MAX_BRIDGE_ANGLE_DEG,28.0,0.080078125,6.7273,283.3636,213.2727,315.3412,7.4545,10.8182,13.0,0.03829426,17,0.0,0.0,0.0,0.0,0.0,0.0,0.0,-0.0102093650949974,-10.526315789473683
682_z23c-2,MAX_BRIDGE_ANGLE_DEG,52.0,0.080078125,6.7273,283.3636,213.2727,315.3412,7.4545,10.8182,13.0,0.03830599,21,0.0,0.0,0.0,0.0,0.0,0.0,0.0,0.0204187301899768,10.526315789473683
682_z23c-2,MIN_BRIDGE_SIGNAL_FRACTION,0.49,0.080078125,6.6364,284.7273,214.2727,316.9996,7.5455,10.8182,13.0,0.03878902,129,-1.3512107383348375,0.4812544730515826,0.4688832654155924,0.5259065418663885,1.2207391508484713,0.0,0.0,1.2816539275897545,578.9473684210526
682_z23c-2,MIN_BRIDGE_SIGNAL_FRACTION,0.91,0.080078125,6.7273,283.1818,213.2727,314.9931,7.4545,10.8182,13.0,0.03824048,0,0.0,-0.0641578523141327,0.0,-0.1103883666327102,0.0,0.0,0.0,-0.1506338292404027,-100.0
682_z23c-2,PRUNE_SPUR_LEN_PX,3.0,0.080078125,6.7273,283.3636,213.2727,315.3412,7.4545,10.8182,13.0,0.03829817,19,0.0,0.0,0.0,0.0,0.0,0.0,0.0,0.0,0.0
682_z23c-2,PRUNE_SPUR_LEN_PX,5.0,0.080078125,6.5455,283.3636,213.2727,315.3412,7.4545,10.8182,13.0,0.03829817,19,-2.702421476669689,0.0,0.0,0.0,0.0,0.0,0.0,0.0,0.0
682_z23c-2,ROOT_MERGE_DIST_PX,6.0,0.080078125,7.0909,283.3636,213.2727,315.3412,7.4545,10.8182,13.0,0.03829817,19,5.404842953339391,0.0,0.0,0.0,0.0,0.0,0.0,0.0,0.0
682_z23c-2,ROOT_MERGE_DIST_PX,10.0,0.080078125,6.0,283.3636,213.2727,315.3412,7.4545,10.8182,13.0,0.03829817,19,-10.811172387138964,0.0,0.0,0.0,0.0,0.0,0.0,0.0,0.0
682_z23c-2,LACUNA_ATTACH_GAP_PX,7.0,0.080078125,5.9091,283.3636,195.6364,315.3412,7.4545,10.8182,13.0,0.03829817,19,-12.162383125473818,0.0,-8.269365933849002,0.0,0.0,0.0,0.0,0.0,0.0
682_z23c-2,LACUNA_ATTACH_GAP_PX,13.0,0.080078125,7.8182,283.3636,227.5455,315.3412,7.4545,10.8182,13.0,0.03829817,19,16.216015340478357,0.0,6.692277070623675,0.0,0.0,0.0,0.0,0.0,0.0
682_z23c-2,t_lo scale,0.8,0.0640625,6.9091,315.4545,238.0909,350.0341,8.0,11.4545,14.4545,0.04264837,18,2.702421476669689,11.324990224573648,11.636838657737265,11.001702283114293,7.317727547119185,5.881754820580137,11.188461538461532,11.358767272692138,-5.2631578947368425
682_z23c-2,t_lo scale,0.9,0.0720703125,6.8182,299.1818,223.2727,332.1734,7.8182,11.4545,13.6364,0.04031145,27,1.351210738334851,5.582297796894164,4.688832654155924,5.337773814522175,4.878932188610902,5.881754820580137,4.895384615384616,5.256856920317601,42.10526315789474
682_z23c-2,t_lo scale,1.1,0.0880859375,6.2727,271.5455,201.4545,301.3207,7.0909,10.0909,12.4545,0.03660952,20,-6.757540172134426,-4.17064859424429,-5.541356207334549,-4.446136438879546,-4.877590717016566,-6.722929877428775,-4.19615384615385,-4.409218508351704,5.2631578947368425
682_z23c-2,t_lo scale,1.2,0.0960937499999999,6.0909,261.0909,191.4545,288.8989,6.8182,9.8182,11.8182,0.03492381,23,-9.459961648804114,-7.860113296132615,-10.230188861490472,-8.385298210319485,-8.535783754778997,-9.243681943391692,-9.090769230769238,-8.810760409701038,21.05263157894737
682_z29c1-3,default,,0.068359375,5.5455,250.2727,177.2727,277.0839,6.2727,9.4545,11.4545,0.03748464,17,0.0,0.0,0.0,0.0,0.0,0.0,0.0,0.0,0.0
682_z29c1-3,TOPHAT_RADIUS_PX,4.0,0.072265625,5.1818,229.5455,149.9091,252.1881,5.9091,8.8182,10.8182,0.03518874,22,-6.558470832206289,-8.281846162206259,-15.43587929782758,-8.984932000740582,-5.796546941508455,-6.730128510233226,-5.555022043738272,-6.124908762629164,29.41176470588235
682_z29c1-3,TOPHAT_RADIUS_PX,6.0,0.068359375,5.5455,253.3636,189.7273,280.3318,6.8182,9.3636,11.0,0.03799462,20,0.0,1.2350128479854194,7.0256728757445615,1.1721720388661911,8.696414622092554,-0.9614469300333126,-3.9678728883844734,1.3605039290760166,17.647058823529413
682_z29c1-3,HYSTERESIS_LOW_FRACTION,0.525,0.068359375,6.0,288.1818,213.0,320.4207,7.2727,10.4545,12.5455,0.04228941,0,8.195834460373282,15.147117524204608,20.153864639056103,15.640316885968469,15.942098298978111,10.57697392775927,9.524640970797511,12.817970240610554,-100.0
682_z29c1-3,HYSTERESIS_LOW_FRACTION,0.975,0.068359375,4.9091,217.8182,140.1818,240.5404,5.1818,8.7273,10.3636,0.03397925,125,-11.47597150843026,-12.967654882054656,-20.9230750138064,-13.188604606763516,-17.39123503435523,-7.691575440266538,-9.52376795146012,-9.351537056244895,635.2941176470588
682_z29c1-3,MAX_BRIDGE_GAP_PX,0.0,0.068359375,5.5455,249.3636,176.0,275.9176,6.2727,9.3636,11.4545,0.03741332,0,0.0,-0.3632437736916552,-0.7179334437846246,-0.4209194399241656,0.0,-0.9614469300333126,0.0,-0.1902645990464353,-100.0
682_z29c1-3,MAX_BRIDGE_GAP_PX,7.0,0.068359375,5.5455,249.6364,176.0,276.2813,6.2727,9.3636,11.4545,0.03745435,12,0.0,-0.2542426720932715,-0.7179334437846246,-0.2896595579894901,0.0,-0.9614469300333126,0.0,-0.0808064316477422,-29.41176470588235
682_z29c1-3,MAX_BRIDGE_GAP_PX,13.0,0.068359375,5.5455,250.2727,177.2727,277.0839,6.2727,9.4545,11.4545,0.03748464,17,0.0,0.0,0.0,0.0,0.0,0.0,0.0,0.0,0.0
682_z29c1-3,MAX_BRIDGE_ANGLE_DEG,28.0,0.068359375,5.5455,250.2727,177.2727,277.0839,6.2727,9.4545,11.4545,0.03747194,14,0.0,0.0,0.0,0.0,0.0,0.0,0.0,-0.0338805441375385,-17.647058823529413
682_z29c1-3,MAX_BRIDGE_ANGLE_DEG,52.0,0.068359375,5.5455,250.5455,178.2727,277.5605,6.2727,9.4545,11.4545,0.03749148,19,0.0,0.1090011015983836,0.5641026508875874,0.1720056632665998,0.0,0.0,0.0,0.0182474741654208,11.764705882352942
682_z29c1-3,MIN_BRIDGE_SIGNAL_FRACTION,0.49,0.068359375,5.5455,253.9091,183.7273,281.6422,6.4545,9.5455,11.8182,0.0381226,143,0.0,1.4529750947666322,3.641056970419037,1.645097387469995,2.89827347075422,0.9625046274261048,3.1751713300449578,1.7019237746447609,741.1764705882352
682_z29c1-3,MIN_BRIDGE_SIGNAL_FRACTION,0.91,0.068359375,5.5455,249.3636,176.0,275.9176,6.2727,9.3636,11.4545,0.03741332,0,0.0,-0.3632437736916552,-0.7179334437846246,-0.4209194399241656,0.0,-0.9614469300333126,0.0,-0.1902645990464353,-100.0
682_z29c1-3,PRUNE_SPUR_LEN_PX,3.0,0.068359375,5.5455,250.2727,177.2727,277.0839,6.2727,9.4545,11.4545,0.03748464,17,0.0,0.0,0.0,0.0,0.0,0.0,0.0,0.0,0.0
682_z29c1-3,PRUNE_SPUR_LEN_PX,5.0,0.068359375,5.3636,250.2727,177.2727,277.0839,6.2727,9.4545,11.4545,0.03748464,17,-3.2801370480569783,0.0,0.0,0.0,0.0,0.0,0.0,0.0,0.0
682_z29c1-3,ROOT_MERGE_DIST_PX,6.0,0.068359375,5.8182,250.2727,177.2727,277.0839,6.2727,9.4545,11.4545,0.03748464,17,4.917500676223972,0.0,0.0,0.0,0.0,0.0,0.0,0.0,0.0
682_z29c1-3,ROOT_MERGE_DIST_PX,10.0,0.068359375,5.0909,250.2727,177.2727,277.0839,6.2727,9.4545,11.4545,0.03748464,17,-8.197637724280936,0.0,0.0,0.0,0.0,0.0,0.0,0.0,0.0
682_z29c1-3,LACUNA_ATTACH_GAP_PX,7.0,0.068359375,4.8182,250.2727,162.9091,277.0839,6.2727,9.4545,11.4545,0.03748464,17,-13.115138400504907,0.0,-8.102544836288946,0.0,0.0,0.0,0.0,0.0,0.0
682_z29c1-3,LACUNA_ATTACH_GAP_PX,13.0,0.068359375,6.8182,250.2727,195.3636,277.0839,6.2727,9.4545,11.4545,0.03748464,17,22.95013975295285,0.0,10.205124646942258,0.0,0.0,0.0,0.0,0.0,0.0
682_z29c1-3,t_lo scale,0.8,0.0546875,5.7273,280.7273,197.1818,310.2598,6.9091,10.3636,12.4545,0.04156058,17,3.27833378414931,12.168566527631672,11.23077608678608,11.97323265624598,10.145551357469657,9.615526997725956,8.73019337378323,10.873627171022584,0.0
682_z29c1-3,t_lo scale,0.9,0.0615234375,5.8182,266.0909,193.0909,294.8225,6.6364,10.0909,11.8182,0.03941807,16,4.917500676223972,6.320385723253072,8.923088552270045,6.4018876592974046,5.798141151338334,6.731186207625999,3.1751713300449578,5.157926019831056,-5.882352941176471
682_z29c1-3,t_lo scale,1.1,0.0751953125,5.2727,238.9091,166.7273,263.3517,6.0909,9.1818,11.1818,0.03573292,29,-4.919303940131625,-4.540487236522399,-5.948688094669948,-4.955971819365916,-2.89827347075422,-2.884340790099938,-2.3807237330306745,-4.673167462726061,70.58823529411765
682_z29c1-3,t_lo scale,1.2,0.08203125,5.0909,224.0,150.9091,246.1235,5.6364,8.4545,11.0,0.034117,23,-8.197637724280936,-10.497629186083817,-14.871776646939994,-11.173655344103365,-10.143957147639776,-10.57697392775927,-3.9678728883844734,-8.984053201524674,35.294117647058826
