image,bridge,from_x,from_y,to_x,to_y,gap_len_px,angle_deg,min_signal_fraction,mean_signal_fraction,gap_pixels,gap_pixels_on_final_skeleton
542_z06,1,137,11,137,20,9.0,0.0,0.711,1.41,8,8
542_z06,2,662,188,659,189,3.162,18.43,0.7407,0.7683,2,1
542_z06,3,657,192,657,198,6.0,33.69,0.7135,0.7834,5,5
542_z06,4,26,216,22,221,6.403,7.7,0.7318,0.7928,5,4
542_z06,5,391,426,391,430,4.0,0.0,0.7294,0.8835,3,3
542_z06,6,386,461,393,460,7.071,8.13,1.0463,2.0955,6,4
542_z06,7,856,652,860,648,5.657,33.69,0.7474,0.8819,5,3
542_z06,8,370,667,372,667,2.0,0.0,0.7076,0.7076,1,1
542_z06,9,328,714,332,714,4.0,11.31,0.7214,0.8086,3,3
542_z06,10,902,752,907,752,5.0,30.96,0.7387,0.8255,4,4
542_z06,11,384,838,390,842,7.211,25.35,0.7223,0.9548,6,2
542_z06,12,243,891,249,891,6.0,33.69,0.7227,1.0055,5,5
542_z06,13,471,896,476,896,5.0,38.66,0.7205,0.9615,4,4
542_z06,14,855,930,849,929,6.083,9.46,0.7221,1.0146,5,5
542_z06,15,870,933,875,934,5.099,0.0,0.7014,0.7399,4,4
542_z06,16,502,954,499,955,3.162,12.53,0.7159,0.7788,2,2
542_z06,17,203,1017,207,1022,6.403,29.54,0.7151,0.8357,5,3
542_z18,1,196,94,191,95,5.099,22.62,0.7228,0.8615,4,3
542_z18,2,717,151,724,153,7.28,15.95,0.7292,1.2329,6,4
542_z18,3,732,339,740,340,8.062,38.09,0.7139,1.0732,7,7
542_z18,4,995,356,994,360,4.123,2.73,0.704,0.7757,3,3
542_z18,5,827,417,830,416,3.162,3.37,0.7434,0.7641,2,2
542_z18,6,459,474,451,474,8.0,30.96,0.7019,1.0542,7,7
542_z18,7,802,498,799,499,3.162,18.43,0.7199,0.751,2,2
542_z18,8,976,564,977,568,4.123,37.3,0.738,0.8834,3,2
542_z18,9,358,570,353,568,5.385,10.49,0.7265,0.8979,4,3
542_z18,10,849,618,844,616,5.385,21.8,0.7205,0.8301,4,3
542_z18,11,178,769,182,776,8.062,38.45,0.7065,0.843,7,6
542_z18,12,402,785,402,788,3.0,11.31,0.729,0.7828,2,2
542_z18,13,645,831,651,833,6.325,32.47,0.7038,0.734,5,4
542_z18,14,945,956,947,960,4.472,26.57,0.7085,0.7624,3,2
543-2,1,939,12,943,12,4.0,11.31,0.7077,0.7287,3,3
543-2,2,428,19,424,23,5.657,6.34,0.7283,0.7845,5,5
543-2,3,439,80,437,75,5.385,37.23,0.7124,1.7157,4,1
543-2,4,799,83,805,84,6.083,27.9,0.7294,0.8932,5,4
543-2,5,670,165,674,165,4.0,33.69,0.7482,0.8899,3,3
543-2,6,821,185,819,188,3.606,7.13,0.7052,0.9245,3,3
543-2,7,384,215,380,216,4.123,30.96,0.7204,0.9578,3,2
543-2,8,661,259,659,262,3.606,33.69,0.7442,0.8251,3,3
543-2,9,642,274,637,272,5.385,33.11,0.7207,1.409,4,1
543-2,10,203,412,204,416,4.123,7.77,0.7128,0.8397,3,3
543-2,11,33,461,34,459,2.236,4.76,0.7071,0.7071,1,1
543-2,12,664,637,660,643,7.211,2.73,0.7166,0.9939,6,5
543-2,13,344,643,347,649,6.708,26.57,0.7245,1.6591,6,5
543-2,14,921,707,921,705,2.0,30.96,0.7175,0.7175,1,1
543-2,15,713,728,716,723,5.831,4.4,0.7448,1.0907,5,4
543-2,16,359,754,368,754,9.0,0.0,0.7078,2.1353,8,7
543-2,17,243,811,244,816,5.099,10.49,0.7122,0.9255,4,3
543-2,18,604,925,604,927,2.0,11.31,0.7269,0.7269,1,1
543-2,19,42,949,41,955,6.083,9.46,0.7363,0.838,5,3
543-2,20,68,1023,71,1023,3.0,0.0,0.7335,0.8039,2,2
543-2,21,628,1023,630,1023,2.0,11.31,0.7041,0.7041,1,1
543_3,1,592,106,588,110,5.657,8.13,0.7337,0.7858,5,5
543_3,2,244,168,242,162,6.325,32.47,0.7031,0.9745,5,5
543_3,3,781,179,786,179,5.0,26.57,0.7253,0.8335,4,4
543_3,4,968,228,970,223,5.385,23.2,0.7425,1.0074,4,4
543_3,5,1002,255,1002,258,3.0,0.0,0.7196,0.8075,2,2
543_3,6,637,271,633,273,4.472,26.57,0.7067,0.827,3,3
543_3,7,914,370,911,373,4.243,14.04,0.7201,0.7353,3,3
543_3,8,840,476,844,482,7.211,11.31,0.7302,1.192,6,3
543_3,9,18,527,21,526,3.162,4.4,0.7166,0.7818,2,1
543_3,10,524,573,531,576,7.616,1.4,0.7109,1.0676,7,4
543_3,11,856,657,861,660,5.831,4.4,0.7276,1.202,5,3
543_3,12,666,847,658,846,8.062,14.68,0.7177,1.1205,7,3
543_3,13,827,939,825,942,3.606,25.35,0.7172,0.7433,3,3
543_3,14,947,991,947,995,4.0,11.31,0.7342,0.8383,3,3
543_z13,1,295,48,298,50,3.606,33.69,0.7287,0.8514,3,2
543_z13,2,881,136,879,140,4.472,10.3,0.7452,1.0995,3,3
543_z13,3,773,138,770,139,3.162,3.37,0.7182,0.757,2,1
543_z13,4,288,141,286,141,2.0,30.96,0.7324,0.7324,1,1
543_z13,5,551,258,551,261,3.0,21.8,0.7383,0.7849,2,2
543_z13,6,877,286,875,289,3.606,15.26,0.7001,0.8139,3,3
543_z13,7,426,297,424,297,2.0,11.31,0.719,0.719,1,1
543_z13,8,746,415,749,415,3.0,11.31,0.7013,0.7069,2,2
543_z13,9,87,571,89,575,4.472,8.13,0.7352,0.8896,3,3
543_z13,10,733,573,734,577,4.123,14.04,0.7246,0.7816,3,3
543_z13,11,0,583,0,587,4.0,0.0,0.7208,0.8597,3,3
543_z13,12,705,687,703,692,5.385,23.2,0.7291,1.0415,4,2
543_z13,13,402,698,404,699,2.236,15.26,0.7063,0.7063,1,1
543_z13,14,765,809,763,805,4.472,0.0,0.7207,0.743,3,3
543_z13,15,983,814,979,815,4.123,14.04,0.7084,0.8376,3,2
543_z13,16,908,894,903,895,5.099,0.0,0.7044,1.2187,4,2
543_z13,17,749,935,752,935,3.0,0.0,0.7355,0.8256,2,2
543_z13,18,809,962,805,965,5.0,25.56,0.7385,1.131,4,3
543_z13,19,881,965,875,962,6.708,4.76,0.7049,1.0899,6,2
682_z08,1,196,143,193,147,5.0,8.13,0.7089,0.7915,4,3
682_z08,2,1000,388,1003,388,3.0,0.0,0.7299,0.7585,2,2
682_z08,3,866,389,871,389,5.0,11.31,0.747,0.8491,4,4
682_z08,4,612,416,612,411,5.0,30.96,0.7446,1.8525,4,4
682_z08,5,85,432,84,436,4.123,30.96,0.7189,0.9888,3,2
682_z08,6,104,526,103,529,3.162,12.53,0.7343,0.7466,2,2
682_z08,7,262,533,266,535,4.472,4.76,0.7172,0.7497,3,2
682_z08,8,228,575,227,583,8.062,7.13,0.7165,1.707,7,3
682_z08,9,311,579,315,573,7.211,11.89,0.7092,0.8802,6,4
682_z08,10,962,628,958,632,5.657,14.04,0.7315,1.0019,5,2
682_z08,11,497,662,501,666,5.657,23.2,0.7031,0.8968,5,5
682_z08,12,328,679,331,679,3.0,11.31,0.7463,0.7836,2,2
682_z08,13,17,752,17,745,7.0,0.0,0.7253,2.2317,6,6
682_z08,14,50,765,54,765,4.0,18.43,0.7434,0.9058,3,3
682_z08,15,449,810,455,808,6.325,26.57,0.7094,1.4477,5,3
682_z08,16,4,908,3,915,7.071,3.18,0.7373,1.0324,6,6
682_z08,17,264,940,263,944,4.123,22.83,0.7011,0.8963,3,2
682_z08,18,579,941,576,944,4.243,23.2,0.7432,0.7591,3,3
682_z08,19,572,944,568,945,4.123,14.04,0.7215,0.7821,3,3
682_z08,20,625,965,627,966,2.236,15.26,0.7177,0.7177,1,1
682_z08,21,414,978,417,978,3.0,11.31,0.7011,0.7366,2,2
682_z08,22,893,997,897,1002,6.403,6.34,0.7073,0.8188,5,3
682_z08,23,309,1004,314,1005,5.099,11.31,0.7321,0.8781,4,3
682_z08,24,687,1012,690,1013,3.162,12.53,0.7106,0.7712,2,1
682_z23,1,525,96,526,99,3.162,3.37,0.7079,0.75,2,1
682_z23,2,910,113,907,115,3.606,3.18,0.7362,0.7758,3,3
682_z23,3,563,151,560,153,3.606,34.51,0.7492,0.7827,3,1
682_z23,4,781,283,780,280,3.162,15.26,0.7306,0.8103,2,1
682_z23,5,373,316,370,317,3.162,3.37,0.7208,0.7441,2,2
682_z23,6,109,326,113,327,4.123,14.04,0.7012,0.9418,3,3
682_z23,7,534,380,537,376,5.0,36.87,0.714,0.7618,4,1
682_z23,8,45,437,45,433,4.0,14.04,0.7112,0.9217,3,3
682_z23,9,615,487,617,495,8.246,2.73,0.7109,0.7897,7,7
682_z23,10,525,588,525,592,4.0,11.31,0.7184,0.759,3,3
682_z23,11,551,589,551,592,3.0,21.8,0.7397,0.754,2,2
682_z23,12,633,660,635,664,4.472,18.43,0.7119,0.9059,3,3
682_z23,13,355,699,358,700,3.162,12.53,0.7112,0.7334,2,1
682_z23,14,674,707,678,711,5.657,14.04,0.7253,0.8509,5,5
682_z23,15,478,714,470,718,8.944,26.57,0.7328,1.5274,8,7
682_z23,16,487,714,492,713,5.099,11.31,0.7136,1.0966,4,2
682_z23,17,799,797,800,800,3.162,3.37,0.7004,0.7268,2,2
682_z23,18,989,884,988,890,6.083,1.85,0.7085,0.9961,5,3
682_z23,19,138,908,138,911,3.0,0.0,0.7416,0.7594,2,2
682_z29,1,1009,11,1005,6,6.403,7.7,0.7411,1.1391,5,3
682_z29,2,358,236,360,231,5.385,10.49,0.7126,1.2316,4,1
682_z29,3,258,251,258,245,6.0,30.96,0.7386,2.3516,5,4
682_z29,4,783,301,783,298,3.0,36.87,0.7254,0.7682,2,2
682_z29,5,495,306,493,310,4.472,15.26,0.731,0.7723,3,3
682_z29,6,436,359,442,361,6.325,7.13,0.7168,2.0352,5,5
682_z29,7,119,376,124,378,5.385,37.23,0.7193,0.9617,4,3
682_z29,8,380,424,380,419,5.0,26.57,0.7095,1.3777,4,4
682_z29,9,540,486,544,480,7.211,0.0,0.7418,0.9876,6,6
682_z29,10,598,536,596,536,2.0,0.0,0.7242,0.7242,1,1
682_z29,11,561,550,559,542,8.246,16.93,0.7181,2.1611,7,7
682_z29,12,37,654,42,654,5.0,14.04,0.7262,0.8808,4,4
682_z29,13,52,727,45,728,7.071,39.09,0.7073,2.216,6,3
682_z29,14,130,735,131,740,5.099,11.31,0.7111,0.8614,4,3
682_z29,15,829,805,830,809,4.123,14.04,0.7048,0.7356,3,3
682_z29,16,876,898,883,901,7.616,23.2,0.7147,0.886,7,5
682_z29,17,526,903,532,907,7.211,11.89,0.708,1.2165,6,4
