image_label,variant,what,pixel_size_label,width_fwhm_median_px,width_fwhm_median_um,width_fwhm_p10_px,width_fwhm_p10_um,width_fwhm_p90_px,width_fwhm_p90_um,width_fwhm_pixels_used,width_fwhm_failure_fraction,width_dt_median_px,width_dt_median_um,width_dt_p10_px,width_dt_p90_px,contrast_snr_median,contrast_snr_p10,low_contrast_fraction,contrast_pixels_used,noise_level,legacy_unsupported_fraction,straight_run_fraction,straight_run_fraction_smoothed,rectangle_count,skeleton_px,bridged_fraction,n_bridges,field_length_density_per_px,field_length_density_um_per_um2,roots_per_cell,ring_length_r30_px_per_cell,ring_length_r30_um_per_cell,ring_length_r60_px_per_cell,ring_length_r60_um_per_cell,junction_count,junction_density_per_um2,thread_end_fraction,connected_to_lacuna_fraction,median_edge_length_px,median_edge_length_um,mean_edge_length_px,mean_edge_length_um,lacuna_count,interior_lacuna_count,sigmas_um,sigmas_px,hysteresis_low_fraction,gap_bridging,ridge_source_image
542_z06,A,"current method, as is","pixel size 0.13 um/px, rounded, unconfirmed",5.0094,0.651219,4.2809,0.556522,5.8207,0.756696,31282,0.0248,6.3246,0.822198,4.0,8.0,14.945,5.6217,0.0091,32078,0.02037283,0.052969,0.229751,0.195825,0,34964,0.000715,17,0.03465004,0.266539,8.6154,361.4615,46.989995,907.3846,117.959998,375,0.022,0.803952,0.374259,21.313708498984763,2.770782,31.5991,4.107883,16,13,,,0.75,True,
542_z06,P1,"ridge, sigmas 0.13, 0.17, 0.21 um","pixel size 0.13 um/px, rounded, unconfirmed",4.9876,0.648389,4.1999,0.545986,5.807,0.754904,33033,0.0338,4.4721,0.581373,2.8284,6.0,10.5438,3.6735,0.014,34188,0.02698864,0.083284,0.224522,0.184922,0,38651,0.000466,14,0.03830393,0.294646,9.1538,384.1538,49.939994,986.4615,128.239995,529,0.031,0.750584,0.435348,19.48528137423857,2.533087,28.7417,3.736421,16,13,"0.13, 0.17, 0.21","1.0, 1.3077, 1.6154",0.75,True,flattened channel
542_z06,P2,"ridge, sigmas 0.17, 0.21, 0.26 um (primary)","pixel size 0.13 um/px, rounded, unconfirmed",5.0017,0.650223,4.2488,0.552345,5.8279,0.757625,32733,0.0296,5.6569,0.735397,4.0,6.3246,11.4706,4.0699,0.0107,33733,0.02529538,0.076561,0.233961,0.197233,0,37643,0.000452,9,0.03730498,0.286961,9.3846,382.5385,49.730005,970.3846,126.149998,494,0.029,0.753247,0.437029,19.435028842544405,2.526554,30.285,3.93705,16,13,"0.17, 0.21, 0.26","1.3077, 1.6154, 2.0",0.75,True,flattened channel
542_z06,P3,"ridge, one scale per image chosen from the image","pixel size 0.13 um/px, rounded, unconfirmed",5.0323,0.654198,4.2992,0.558891,5.8994,0.766928,32403,0.0257,6.0,0.78,4.0,7.2111,12.9906,4.5702,0.016,33259,0.02243885,0.079286,0.235884,0.19419,0,36980,0.000784,12,0.03664793,0.281907,8.7692,380.0,49.4,956.9231,124.400003,506,0.0297,0.734171,0.448561,20.72792206135786,2.69463,32.1594,4.180722,16,13,0.334,2.5692,0.75,True,flattened channel
542_z06,P4,P2 with the low cut at 0.9 of the high cut,"pixel size 0.13 um/px, rounded, unconfirmed",4.9979,0.649721,4.2711,0.555238,5.8019,0.754247,31235,0.0254,4.4721,0.581373,2.8284,6.0,10.7923,4.2479,0.0076,32050,0.0281332,0.049487,0.229289,0.194249,0,35706,0.004705,67,0.03538537,0.272195,9.0769,362.6154,47.140002,921.9231,119.850003,429,0.0252,0.776042,0.415586,21.899494936611667,2.846934,31.7538,4.127994,16,13,"0.17, 0.21, 0.26","1.3077, 1.6154, 2.0",0.9,True,flattened channel
542_z06,P5,P2 with gap bridging off,"pixel size 0.13 um/px, rounded, unconfirmed",5.0017,0.650222,4.2491,0.552379,5.8283,0.757685,32723,0.0296,5.6569,0.735397,4.0,6.3246,11.4783,4.0758,0.0106,33721,0.02529538,0.075902,0.233212,0.196365,0,37601,0.0,0,0.03726336,0.286641,9.3846,381.7692,49.629996,968.1538,125.859994,492,0.0289,0.75571,0.43473,19.313708498984763,2.510782,30.2256,3.929328,16,13,"0.17, 0.21, 0.26","1.3077, 1.6154, 2.0",0.75,False,flattened channel
542_z06,N,P2 on the notch filtered image,"pixel size 0.13 um/px, rounded, unconfirmed",5.0017,0.650223,4.2488,0.552339,5.8266,0.757463,32730,0.0296,5.6569,0.735397,4.0,6.3246,11.4719,4.0698,0.0107,33728,0.02529906,0.076518,0.233966,0.197029,0,37638,0.000452,9,0.03730002,0.286923,9.3846,382.3077,49.700001,970.2308,126.130004,494,0.029,0.753247,0.436974,19.435028842544405,2.526554,30.2684,3.934892,16,13,"0.17, 0.21, 0.26","1.3077, 1.6154, 2.0",0.75,True,notch filtered flattened channel
542_z18,A,"current method, as is","pixel size 0.13 um/px, rounded, unconfirmed",4.9618,0.645031,4.2015,0.546197,5.8113,0.755471,30463,0.0224,6.0,0.78,4.0,8.0,13.8389,5.167,0.0077,31162,0.01951205,0.054159,0.214071,0.186929,0,34325,0.000612,14,0.03407276,0.262098,8.2727,357.0909,46.421817,968.7273,125.934549,395,0.0232,0.800303,0.299316,23.035533905932738,2.994619,30.7951,4.003363,12,11,,,0.75,True,
542_z18,P1,"ridge, sigmas 0.13, 0.17, 0.21 um","pixel size 0.13 um/px, rounded, unconfirmed",4.9367,0.641771,4.1245,0.536184,5.7933,0.753132,32145,0.0348,4.4721,0.581373,2.8284,6.0,10.1496,3.5617,0.015,33304,0.02449498,0.084793,0.222545,0.182343,0,38199,0.00089,22,0.03791829,0.291679,8.9091,393.7273,51.184549,1065.8182,138.556366,583,0.0342,0.735612,0.328822,19.36396103067893,2.517315,27.5322,3.579186,12,11,"0.13, 0.17, 0.21","1.0, 1.3077, 1.6154",0.75,True,flattened channel
542_z18,P2,"ridge, sigmas 0.17, 0.21, 0.26 um (primary)","pixel size 0.13 um/px, rounded, unconfirmed",4.9596,0.644747,4.1739,0.542611,5.8354,0.758596,31853,0.0293,4.4721,0.581373,2.8284,6.3246,10.992,3.9345,0.0112,32816,0.02312259,0.078063,0.225761,0.186998,0,37265,0.000349,10,0.03699115,0.284547,8.4545,379.8182,49.376366,1039.5455,135.140915,566,0.0332,0.731188,0.308193,18.86396103067893,2.452315,27.6,3.588,12,11,"0.17, 0.21, 0.26","1.3077, 1.6154, 2.0",0.75,True,flattened channel
542_z18,P3,"ridge, one scale per image chosen from the image","pixel size 0.13 um/px, rounded, unconfirmed",4.9937,0.64918,4.2315,0.550091,5.8937,0.76618,31548,0.028,6.0,0.78,4.0,8.0,12.2231,4.3099,0.017,32456,0.02088504,0.082714,0.249344,0.205484,0,36584,0.000711,16,0.03631516,0.279347,8.3636,370.3636,48.147268,1020.1818,132.623634,572,0.0336,0.709384,0.400444,18.242640687119287,2.371543,26.3672,3.427736,12,11,0.334,2.5692,0.75,True,flattened channel
542_z18,P4,P2 with the low cut at 0.9 of the high cut,"pixel size 0.13 um/px, rounded, unconfirmed",4.9572,0.64444,4.2072,0.546931,5.8109,0.755423,30455,0.0235,4.4721,0.581373,2.8284,6.0,10.583,4.1418,0.0077,31188,0.02541185,0.050844,0.222244,0.189687,0,35245,0.005192,71,0.034986,0.269123,8.3636,355.3636,46.197268,983.5455,127.860915,474,0.0278,0.758023,0.296935,20.3492424049175,2.645402,30.6023,3.978299,12,11,"0.17, 0.21, 0.26","1.3077, 1.6154, 2.0",0.9,True,flattened channel
542_z18,P5,P2 with gap bridging off,"pixel size 0.13 um/px, rounded, unconfirmed",4.9596,0.644744,4.174,0.542614,5.8342,0.758444,31839,0.0294,4.4721,0.581373,2.8284,6.3246,10.9982,3.9396,0.011,32802,0.02312259,0.07746,0.224807,0.186358,0,37232,0.0,0,0.0369584,0.284295,8.4545,379.6364,49.352732,1039.1818,135.093634,563,0.0331,0.734368,0.302729,18.86396103067893,2.452315,27.3818,3.559634,12,11,"0.17, 0.21, 0.26","1.3077, 1.6154, 2.0",0.75,False,flattened channel
542_z18,N,P2 on the notch filtered image,"pixel size 0.13 um/px, rounded, unconfirmed",4.9596,0.644745,4.174,0.542614,5.8358,0.758658,31849,0.0292,4.4721,0.581373,2.8284,6.3246,10.9926,3.9363,0.0111,32807,0.02312376,0.077978,0.225909,0.186881,0,37254,0.000349,10,0.03698024,0.284463,8.4545,379.6364,49.352732,1038.9091,135.058183,564,0.0331,0.731626,0.308145,18.935028842544405,2.461554,27.6994,3.600922,12,11,"0.17, 0.21, 0.26","1.3077, 1.6154, 2.0",0.75,True,notch filtered flattened channel
543-2,A,"current method, as is","pixel size 0.13 um/px, rounded, unconfirmed",4.8513,0.630673,3.8663,0.502615,5.9042,0.767548,40630,0.0359,6.0,0.78,2.8284,8.0,7.975,2.8415,0.0355,42144,0.02866934,0.075571,0.206006,0.166926,0,45785,0.00059,21,0.04470139,0.343857,7.5833,306.5833,39.855829,966.4167,125.634171,681,0.0393,0.723182,0.407944,19.36396103067893,2.517315,27.4088,3.563144,12,12,,,0.75,True,
543-2,P1,"ridge, sigmas 0.13, 0.17, 0.21 um","pixel size 0.13 um/px, rounded, unconfirmed",4.7965,0.623551,3.6898,0.479679,5.8599,0.761781,41923,0.0534,4.0,0.52,2.0,6.0,5.9855,1.9859,0.1016,44290,0.03503497,0.096601,0.214277,0.162737,0,50486,0.000673,24,0.04929113,0.379163,8.5,334.6667,43.506671,1068.6667,138.926671,990,0.0572,0.660068,0.537881,15.242640687119286,1.981543,21.4674,2.790762,12,12,"0.13, 0.17, 0.21","1.0, 1.3077, 1.6154",0.75,True,flattened channel
543-2,P2,"ridge, sigmas 0.17, 0.21, 0.26 um (primary)","pixel size 0.13 um/px, rounded, unconfirmed",4.8392,0.629099,3.847,0.500111,5.9096,0.768254,40920,0.0405,4.4721,0.581373,2.8284,6.0,6.4955,2.3403,0.0631,42646,0.03413266,0.076061,0.228901,0.185516,0,47265,0.000614,19,0.04614637,0.354972,7.8333,308.5,40.105,994.5833,129.295829,866,0.05,0.652502,0.540238,17.242640687119287,2.241543,24.0126,3.121638,12,12,"0.17, 0.21, 0.26","1.3077, 1.6154, 2.0",0.75,True,flattened channel
543-2,P3,"ridge, one scale per image chosen from the image","pixel size 0.13 um/px, rounded, unconfirmed",4.8967,0.636573,3.9752,0.516771,6.0059,0.780765,40042,0.0326,5.6569,0.735397,4.0,7.2111,7.1526,2.5983,0.0518,41392,0.03194392,0.074561,0.237159,0.193363,0,45265,0.000795,23,0.0441937,0.339952,7.0833,287.6667,37.396671,956.6667,124.366671,810,0.0468,0.624885,0.635079,18.899494936611667,2.456934,25.4224,3.304912,12,12,0.334,2.5692,0.75,True,flattened channel
543-2,P4,P2 with the low cut at 0.9 of the high cut,"pixel size 0.13 um/px, rounded, unconfirmed",4.855,0.631144,3.9333,0.511334,5.8864,0.765237,39064,0.0328,4.4721,0.581373,2.8284,6.0,6.4524,2.5909,0.0405,40389,0.03640784,0.0461,0.220975,0.182834,0,44100,0.004354,84,0.04305627,0.331202,7.0833,283.4167,36.844171,935.3333,121.593329,683,0.0395,0.685675,0.476436,19.142135623730955,2.488478,28.5747,3.714711,12,12,"0.17, 0.21, 0.26","1.3077, 1.6154, 2.0",0.9,True,flattened channel
543-2,P5,P2 with gap bridging off,"pixel size 0.13 um/px, rounded, unconfirmed",4.839,0.629076,3.8471,0.500118,5.9083,0.768077,40910,0.0404,4.4721,0.581373,2.8284,6.0,6.4981,2.3436,0.0627,42632,0.03413266,0.075326,0.228224,0.18494,0,47208,0.0,0,0.04609071,0.354544,7.8333,307.5,39.975,992.5833,129.035829,861,0.0497,0.658019,0.517085,17.07106781186548,2.219239,23.8498,3.100474,12,12,"0.17, 0.21, 0.26","1.3077, 1.6154, 2.0",0.75,False,flattened channel
543-2,N,P2 on the notch filtered image,"pixel size 0.13 um/px, rounded, unconfirmed",4.8394,0.629116,3.8475,0.500174,5.9095,0.76824,40911,0.0404,4.4721,0.581373,2.8284,6.0,6.4961,2.3426,0.0629,42635,0.03413708,0.075836,0.228755,0.185398,0,47247,0.000571,18,0.04612879,0.354837,7.8333,308.5,40.105,994.1667,129.241671,866,0.05,0.652778,0.539918,17.242640687119284,2.241543,23.9986,3.119818,12,12,"0.17, 0.21, 0.26","1.3077, 1.6154, 2.0",0.75,True,notch filtered flattened channel
543_3,A,"current method, as is","pixel size 0.13 um/px, rounded, unconfirmed",4.855,0.631156,3.8794,0.50432,5.9101,0.768309,41078,0.0377,6.0,0.78,2.8284,8.0,7.7212,2.7219,0.0406,42688,0.02782283,0.076519,0.199698,0.166197,0,46420,0.000431,14,0.04513983,0.347229,6.8889,313.5556,40.762228,989.8889,128.685557,698,0.0402,0.722462,0.257258,22.82842712474619,2.967696,30.6592,3.985696,10,9,,,0.75,True,
543_3,P1,"ridge, sigmas 0.13, 0.17, 0.21 um","pixel size 0.13 um/px, rounded, unconfirmed",4.8021,0.624271,3.6863,0.479222,5.8824,0.764712,42702,0.0538,4.0,0.52,2.0,6.0,5.72,1.9252,0.1107,45129,0.03388177,0.100525,0.21077,0.162073,0,51440,0.000739,26,0.05002139,0.38478,7.6667,342.8889,44.575557,1086.1111,141.194443,1044,0.0601,0.655172,0.357587,17.071067811865476,2.219239,23.5106,3.056378,10,9,"0.13, 0.17, 0.21","1.0, 1.3077, 1.6154",0.75,True,flattened channel
543_3,P2,"ridge, sigmas 0.17, 0.21, 0.26 um (primary)","pixel size 0.13 um/px, rounded, unconfirmed",4.8423,0.629496,3.8131,0.495704,5.9337,0.771375,42187,0.0426,4.4721,0.581373,2.8284,6.0,6.197,2.1742,0.0796,44065,0.03256098,0.089525,0.221536,0.175043,0,49193,0.000894,29,0.04783636,0.367972,7.3333,323.7778,42.091114,1034.2222,134.448886,952,0.0548,0.643627,0.377996,18.72792206135786,2.43463,24.1099,3.134287,10,9,"0.17, 0.21, 0.26","1.3077, 1.6154, 2.0",0.75,True,flattened channel
543_3,P3,"ridge, one scale per image chosen from the image","pixel size 0.13 um/px, rounded, unconfirmed",4.9067,0.637872,3.9699,0.516088,6.0305,0.783968,40776,0.0342,5.6569,0.735397,4.0,7.2111,6.8869,2.4709,0.0597,42220,0.03081992,0.080085,0.234296,0.191329,0,46326,0.00082,24,0.04504843,0.346526,6.7778,299.5556,38.942228,963.4444,125.247772,867,0.0499,0.617943,0.508582,20.278174593052025,2.636163,26.1633,3.401229,10,9,0.334,2.5692,0.75,True,flattened channel
543_3,P4,P2 with the low cut at 0.9 of the high cut,"pixel size 0.13 um/px, rounded, unconfirmed",4.8596,0.631744,3.9139,0.50881,5.9099,0.768283,40055,0.0333,4.4721,0.581373,2.8284,6.0,6.2372,2.4574,0.0515,41436,0.0348364,0.055841,0.217591,0.175951,0,45558,0.005158,89,0.04430161,0.340782,6.6667,301.0,39.13,959.4444,124.727772,768,0.0442,0.671769,0.288948,20.242640687119287,2.631543,27.3213,3.551769,10,9,"0.17, 0.21, 0.26","1.3077, 1.6154, 2.0",0.9,True,flattened channel
543_3,P5,P2 with gap bridging off,"pixel size 0.13 um/px, rounded, unconfirmed",4.8422,0.629488,3.8137,0.495784,5.9309,0.771011,42159,0.0426,4.4721,0.581373,2.8284,6.0,6.2027,2.1785,0.0792,44035,0.03256098,0.088282,0.221021,0.17477,0,49104,0.0,0,0.04774982,0.367306,7.3333,323.3333,42.033329,1032.3333,134.203329,946,0.0544,0.650788,0.35606,18.72792206135786,2.43463,24.1231,3.136003,10,9,"0.17, 0.21, 0.26","1.3077, 1.6154, 2.0",0.75,False,flattened channel
543_3,N,P2 on the notch filtered image,"pixel size 0.13 um/px, rounded, unconfirmed",4.8424,0.629511,3.8134,0.495739,5.9337,0.771384,42178,0.0426,4.4721,0.581373,2.8284,6.0,6.1964,2.1741,0.0796,44055,0.03256553,0.089499,0.221592,0.17507,0,49185,0.000895,29,0.04782858,0.367912,7.3333,323.4444,42.047772,1034.0,134.42,950,0.0547,0.643841,0.37789,18.89949493661167,2.456934,24.222,3.14886,10,9,"0.17, 0.21, 0.26","1.3077, 1.6154, 2.0",0.75,True,notch filtered flattened channel
543_z13,A,"current method, as is","pixel size 0.13 um/px, rounded, unconfirmed",4.8627,0.632148,3.8797,0.504358,5.9088,0.76814,40211,0.0335,6.0,0.78,2.8284,8.0,7.8641,2.8826,0.0338,41603,0.02327577,0.071659,0.204761,0.174431,0,45033,0.000444,19,0.04380241,0.336942,6.7273,302.9091,39.378183,961.3636,124.977268,643,0.037,0.728948,0.386413,18.65685424949238,2.425391,26.8926,3.496038,11,11,,,0.75,True,
543_z13,P1,"ridge, sigmas 0.13, 0.17, 0.21 um","pixel size 0.13 um/px, rounded, unconfirmed",4.8121,0.625576,3.7224,0.483915,5.8652,0.76247,41357,0.0519,4.0,0.52,2.0,6.0,5.9696,2.0752,0.0906,43621,0.02837454,0.090568,0.211544,0.163556,1,49101,0.000631,21,0.04775925,0.367379,8.0909,333.1818,43.313634,1051.5455,136.700915,939,0.054,0.662869,0.534925,16.106601717798213,2.093858,23.1444,3.008772,11,11,"0.13, 0.17, 0.21","1.0, 1.3077, 1.6154",0.75,True,flattened channel
543_z13,P2,"ridge, sigmas 0.17, 0.21, 0.26 um (primary)","pixel size 0.13 um/px, rounded, unconfirmed",4.8451,0.629865,3.8352,0.498571,5.896,0.766475,40677,0.0407,4.4721,0.581373,2.8284,6.0,6.391,2.3486,0.063,42404,0.02757891,0.078398,0.225479,0.183128,0,46940,0.000873,27,0.0456573,0.35121,7.2727,317.0,41.21,1008.2727,131.075451,863,0.0497,0.651527,0.608514,17.72792206135786,2.30463,24.8078,3.225014,11,11,"0.17, 0.21, 0.26","1.3077, 1.6154, 2.0",0.75,True,flattened channel
543_z13,P3,"ridge, one scale per image chosen from the image","pixel size 0.13 um/px, rounded, unconfirmed",4.8947,0.636305,3.9645,0.515384,5.9782,0.777167,39450,0.0335,5.6569,0.735397,4.0,7.2111,7.053,2.6649,0.0481,40818,0.02594584,0.070594,0.243574,0.203024,0,44508,0.000629,19,0.04329176,0.333014,6.8182,300.2727,39.035451,959.6364,124.752732,780,0.0449,0.641518,0.558104,18.071067811865476,2.349239,26.0709,3.389217,11,11,0.334,2.5692,0.75,True,flattened channel
543_z13,P4,P2 with the low cut at 0.9 of the high cut,"pixel size 0.13 um/px, rounded, unconfirmed",4.858,0.631539,3.9226,0.509942,5.8798,0.764375,38644,0.033,4.4721,0.581373,2.8284,6.0,6.3598,2.6198,0.0385,39964,0.02940527,0.045692,0.219325,0.180778,0,43684,0.005059,91,0.04249028,0.326848,6.9091,296.0,38.48,939.5455,122.140915,697,0.0401,0.688306,0.507687,19.313708498984763,2.510782,27.4899,3.573687,11,11,"0.17, 0.21, 0.26","1.3077, 1.6154, 2.0",0.9,True,flattened channel
543_z13,P5,P2 with gap bridging off,"pixel size 0.13 um/px, rounded, unconfirmed",4.8453,0.629887,3.8359,0.498669,5.8961,0.766488,40662,0.0407,4.4721,0.581373,2.8284,6.0,6.395,2.3525,0.0627,42386,0.02757891,0.077228,0.224515,0.182225,0,46861,0.0,0,0.04558046,0.350619,7.2727,316.7273,41.174549,1007.2727,130.945451,857,0.0493,0.659684,0.504168,17.48528137423857,2.273087,24.2902,3.157726,11,11,"0.17, 0.21, 0.26","1.3077, 1.6154, 2.0",0.75,False,flattened channel
543_z13,N,P2 on the notch filtered image,"pixel size 0.13 um/px, rounded, unconfirmed",4.8453,0.629892,3.8356,0.498624,5.896,0.766481,40662,0.0408,4.4721,0.581373,2.8284,6.0,6.3905,2.3482,0.0629,42393,0.02758131,0.078234,0.225626,0.183408,0,46936,0.000874,27,0.04565341,0.35118,7.2727,316.5455,41.150915,1007.7273,131.004549,864,0.0497,0.651406,0.608416,17.72792206135786,2.30463,24.8024,3.224312,11,11,"0.17, 0.21, 0.26","1.3077, 1.6154, 2.0",0.75,True,notch filtered flattened channel
682_z08,A,"current method, as is","pixel size 0.13 um/px, rounded, unconfirmed",4.8839,0.634912,4.0709,0.529216,5.8475,0.760169,30157,0.0248,6.0,0.78,2.8284,8.0,9.0226,3.6376,0.0138,30923,0.02181922,0.07412,0.244563,0.20946,0,35267,0.000851,24,0.03464652,0.266512,10.0,396.75,51.5775,982.0,127.66,480,0.0279,0.777315,0.409921,17.414213562373096,2.263848,25.4567,3.309371,10,8,,,0.75,True,
682_z08,P1,"ridge, sigmas 0.13, 0.17, 0.21 um","pixel size 0.13 um/px, rounded, unconfirmed",4.8379,0.628923,3.9047,0.507612,5.8082,0.755061,32428,0.0398,4.0,0.52,2.0,6.0,6.7631,2.5608,0.0414,33773,0.02578813,0.124836,0.243284,0.19488,0,40389,0.000817,23,0.0396784,0.305218,11.0,430.625,55.98125,1093.25,142.1225,714,0.0415,0.70808,0.546404,16.313708498984763,2.120782,23.7274,3.084562,10,8,"0.13, 0.17, 0.21","1.0, 1.3077, 1.6154",0.75,True,flattened channel
682_z08,P2,"ridge, sigmas 0.17, 0.21, 0.26 um (primary)","pixel size 0.13 um/px, rounded, unconfirmed",4.8651,0.632458,3.9799,0.517384,5.8536,0.760963,32267,0.0328,4.4721,0.581373,2.8284,6.0,7.235,2.7831,0.0306,33361,0.02465689,0.120773,0.259025,0.211786,0,39363,0.000762,20,0.03867045,0.297465,10.625,421.25,54.7625,1072.75,139.4575,680,0.0395,0.701831,0.567921,17.242640687119284,2.241543,24.5537,3.191981,10,8,"0.17, 0.21, 0.26","1.3077, 1.6154, 2.0",0.75,True,flattened channel
682_z08,P3,"ridge, one scale per image chosen from the image","pixel size 0.13 um/px, rounded, unconfirmed",4.9085,0.6381,4.0715,0.529298,5.9306,0.770981,31357,0.0283,5.6569,0.735397,4.0,7.2111,7.9623,3.0407,0.0292,32271,0.02321205,0.112217,0.26243,0.224391,0,37793,0.001508,34,0.03712807,0.285601,10.25,403.25,52.4225,1023.875,133.10375,674,0.0392,0.677158,0.650969,16.899494936611667,2.196934,24.8721,3.233373,10,8,0.334,2.5692,0.75,True,flattened channel
682_z08,P4,P2 with the low cut at 0.9 of the high cut,"pixel size 0.13 um/px, rounded, unconfirmed",4.8736,0.633562,4.0462,0.526001,5.8284,0.757692,30251,0.0276,4.4721,0.581373,2.0,6.0,7.2661,3.0077,0.0183,31111,0.02657844,0.081844,0.255297,0.208782,0,36765,0.006256,91,0.03611816,0.277832,10.125,395.5,51.415,1004.625,130.60125,585,0.034,0.720323,0.53691,17.899494936611667,2.326934,25.7861,3.352193,10,8,"0.17, 0.21, 0.26","1.3077, 1.6154, 2.0",0.9,True,flattened channel
682_z08,P5,P2 with gap bridging off,"pixel size 0.13 um/px, rounded, unconfirmed",4.8651,0.632457,3.9814,0.517585,5.8525,0.760829,32254,0.0327,4.4721,0.581373,2.8284,6.0,7.2379,2.7868,0.0303,33345,0.02465689,0.119808,0.25793,0.210788,0,39313,0.0,0,0.03862133,0.297087,10.625,421.0,54.73,1072.125,139.37625,677,0.0394,0.707474,0.556024,17.035533905932738,2.214619,24.3817,3.169621,10,8,"0.17, 0.21, 0.26","1.3077, 1.6154, 2.0",0.75,False,flattened channel
682_z08,N,P2 on the notch filtered image,"pixel size 0.13 um/px, rounded, unconfirmed",4.8651,0.632461,3.98,0.517402,5.8544,0.761078,32262,0.0328,4.4721,0.581373,2.8284,6.0,7.2356,2.7843,0.0305,33355,0.02465821,0.120617,0.259122,0.211581,0,39356,0.000762,20,0.03866357,0.297412,10.625,421.25,54.7625,1072.5,139.425,679,0.0395,0.702007,0.567915,17.242640687119284,2.241543,24.5602,3.192826,10,8,"0.17, 0.21, 0.26","1.3077, 1.6154, 2.0",0.75,True,notch filtered flattened channel
682_z23,A,"current method, as is","pixel size 0.13 um/px, rounded, unconfirmed",4.8936,0.636168,4.111,0.534429,5.7421,0.746475,33417,0.0238,6.0,0.78,4.0,8.0,9.1743,3.6081,0.0134,34232,0.02173986,0.067938,0.228503,0.192117,0,39168,0.000664,19,0.03829817,0.294601,6.7273,283.3636,36.837268,795.1818,103.373634,481,0.0278,0.781448,0.306746,21.55634918610405,2.802325,32.7335,4.255355,14,11,,,0.75,True,
682_z23,P1,"ridge, sigmas 0.13, 0.17, 0.21 um","pixel size 0.13 um/px, rounded, unconfirmed",4.8548,0.631128,3.952,0.513764,5.7265,0.744443,35751,0.0365,4.0,0.52,2.0,6.0,6.6813,2.4681,0.0478,37105,0.02677935,0.11156,0.237033,0.188519,0,44344,0.000879,25,0.04335923,0.333533,6.7273,313.0909,40.701817,884.2727,114.955451,763,0.0441,0.703173,0.524865,17.035533905932738,2.214619,27.6467,3.594071,14,11,"0.13, 0.17, 0.21","1.0, 1.3077, 1.6154",0.75,True,flattened channel
682_z23,P2,"ridge, sigmas 0.17, 0.21, 0.26 um (primary)","pixel size 0.13 um/px, rounded, unconfirmed",4.8784,0.63419,4.0167,0.52217,5.7647,0.749416,35437,0.0317,4.4721,0.581373,2.8284,6.3246,7.1624,2.6702,0.0355,36597,0.02535669,0.107643,0.242882,0.193891,0,43449,0.000944,24,0.0424841,0.326801,6.8182,310.3636,40.347268,873.6364,113.572732,767,0.0444,0.678257,0.553984,18.242640687119287,2.371543,30.1033,3.913429,14,11,"0.17, 0.21, 0.26","1.3077, 1.6154, 2.0",0.75,True,flattened channel
682_z23,P3,"ridge, one scale per image chosen from the image","pixel size 0.13 um/px, rounded, unconfirmed",4.9155,0.639015,4.1155,0.535015,5.8532,0.760919,34754,0.028,5.6569,0.735397,4.0,7.2111,7.9274,2.9216,0.0334,35756,0.02349901,0.104826,0.249596,0.199726,0,42108,0.000855,23,0.04117288,0.316714,6.5455,299.6364,38.952732,850.2727,110.535451,758,0.0439,0.65539,0.649601,17.899494936611667,2.326934,26.071,3.38923,14,11,0.334,2.5692,0.75,True,flattened channel
682_z23,P4,P2 with the low cut at 0.9 of the high cut,"pixel size 0.13 um/px, rounded, unconfirmed",4.8863,0.635215,4.0888,0.531541,5.7446,0.746795,33573,0.0252,4.4721,0.581373,2.8284,6.0,7.0816,2.8693,0.0211,34440,0.02765288,0.073473,0.2356,0.188511,0,40641,0.006053,95,0.03973846,0.30568,6.3636,290.8182,37.806366,819.0,106.47,621,0.0359,0.716947,0.517653,18.656854249492383,2.425391,31.513,4.09669,14,11,"0.17, 0.21, 0.26","1.3077, 1.6154, 2.0",0.9,True,flattened channel
682_z23,P5,P2 with gap bridging off,"pixel size 0.13 um/px, rounded, unconfirmed",4.8781,0.63415,4.0167,0.52217,5.7623,0.749103,35422,0.0317,4.4721,0.581373,2.8284,6.3246,7.169,2.6751,0.035,36581,0.02535669,0.10633,0.240378,0.191778,0,43365,0.0,0,0.04240197,0.326169,6.8182,310.0,40.3,872.6364,113.442732,760,0.044,0.685407,0.540561,18.142135623730955,2.358478,30.1591,3.920683,14,11,"0.17, 0.21, 0.26","1.3077, 1.6154, 2.0",0.75,False,flattened channel
682_z23,N,P2 on the notch filtered image,"pixel size 0.13 um/px, rounded, unconfirmed",4.8783,0.634178,4.0167,0.52217,5.7646,0.749401,35436,0.0316,4.4721,0.581373,2.8284,6.3246,7.1644,2.6711,0.0355,36592,0.02536004,0.107602,0.242944,0.193759,0,43438,0.000944,24,0.04247335,0.326718,6.8182,310.0,40.3,873.1818,113.513634,766,0.0443,0.678407,0.554059,18.242640687119287,2.371543,30.1007,3.913091,14,11,"0.17, 0.21, 0.26","1.3077, 1.6154, 2.0",0.75,True,notch filtered flattened channel
682_z29,A,"current method, as is","pixel size 0.13 um/px, rounded, unconfirmed",4.8714,0.633288,4.0826,0.530743,5.7278,0.744619,32054,0.0217,6.0,0.78,2.8284,8.0,9.0968,3.6771,0.0111,32764,0.01805779,0.070866,0.240278,0.205451,0,38368,0.000547,17,0.03748464,0.288343,5.5455,250.2727,32.535451,697.4545,90.669085,485,0.028,0.775265,0.246415,21.19238815542512,2.75501,38.2007,4.966091,13,11,,,0.75,True,
682_z29,P1,"ridge, sigmas 0.13, 0.17, 0.21 um","pixel size 0.13 um/px, rounded, unconfirmed",4.8263,0.627414,3.9244,0.510168,5.7106,0.742378,34669,0.0364,4.0,0.52,2.0,6.0,6.5816,2.5094,0.0452,35977,0.02180504,0.121867,0.249385,0.198802,1,43892,0.000615,15,0.04288146,0.329857,6.1818,281.1818,36.553634,794.5455,103.290915,768,0.0444,0.69169,0.458061,18.414213562373096,2.393848,27.4051,3.562663,13,11,"0.13, 0.17, 0.21","1.0, 1.3077, 1.6154",0.75,True,flattened channel
682_z29,P2,"ridge, sigmas 0.17, 0.21, 0.26 um (primary)","pixel size 0.13 um/px, rounded, unconfirmed",4.8548,0.631128,4.0101,0.521315,5.7377,0.745897,34086,0.0308,4.4721,0.581373,2.8284,6.0,7.0688,2.7536,0.0305,35171,0.02094445,0.110063,0.262538,0.218133,0,42512,0.000753,19,0.04153323,0.319486,6.0,270.7273,35.194549,772.1818,100.383634,722,0.0417,0.683311,0.446348,18.82842712474619,2.447696,31.8296,4.137848,13,11,"0.17, 0.21, 0.26","1.3077, 1.6154, 2.0",0.75,True,flattened channel
682_z29,P3,"ridge, one scale per image chosen from the image","pixel size 0.13 um/px, rounded, unconfirmed",4.8949,0.636335,4.1158,0.535056,5.7969,0.753599,32676,0.026,5.6569,0.735397,4.0,7.2111,7.8493,3.0894,0.0251,33548,0.01983919,0.093535,0.264086,0.219108,0,40199,0.000846,17,0.03927348,0.302104,5.4545,255.0,33.15,725.1818,94.273634,680,0.0393,0.676331,0.446874,19.520815280171313,2.537706,29.741,3.86633,13,11,0.334,2.5692,0.75,True,flattened channel
682_z29,P4,P2 with the low cut at 0.9 of the high cut,"pixel size 0.13 um/px, rounded, unconfirmed",4.8615,0.63199,4.0751,0.529766,5.7244,0.744171,32130,0.0241,4.4721,0.581373,2.0,6.0,7.0163,2.929,0.017,32924,0.022814,0.077325,0.254135,0.215651,0,39845,0.00635,93,0.03892763,0.299443,5.2727,249.5455,32.440915,714.9091,92.938183,612,0.0354,0.711048,0.432706,19.72792206135786,2.56463,35.4216,4.604808,13,11,"0.17, 0.21, 0.26","1.3077, 1.6154, 2.0",0.9,True,flattened channel
682_z29,P5,P2 with gap bridging off,"pixel size 0.13 um/px, rounded, unconfirmed",4.8549,0.631137,4.0104,0.521346,5.737,0.745808,34078,0.0307,4.4721,0.581373,2.8284,6.0,7.0755,2.7566,0.03,35156,0.02094445,0.109138,0.261761,0.217622,0,42451,0.0,0,0.04147363,0.319028,6.0,270.3636,35.147268,771.0909,100.241817,713,0.0412,0.689835,0.433959,18.778174593052025,2.441163,31.9357,4.151641,13,11,"0.17, 0.21, 0.26","1.3077, 1.6154, 2.0",0.75,False,flattened channel
682_z29,N,P2 on the notch filtered image,"pixel size 0.13 um/px, rounded, unconfirmed",4.8548,0.631121,4.0104,0.52135,5.7376,0.74589,34077,0.0309,4.4721,0.581373,2.8284,6.0,7.0709,2.7542,0.0303,35163,0.0209463,0.109867,0.262677,0.218146,0,42497,0.000682,18,0.04151857,0.319374,6.0,270.7273,35.194549,771.6364,100.312732,722,0.0417,0.683589,0.446358,18.82842712474619,2.447696,31.914,4.14882,13,11,"0.17, 0.21, 0.26","1.3077, 1.6154, 2.0",0.75,True,notch filtered flattened channel
