image,setting,t_hi,t_lo,lacuna_count,interior_count,roots_per_cell,ring30_per_cell,field_density,bridges,roots_per_cell_pct,ring30_per_cell_pct,field_density_pct,lacuna_count_pct,bridges_pct
542_WT_2_z06c1-2,default,0.6467830882352941,0.107421875,16,13,8.6154,361.4615,0.03465004,17,0.0,0.0,0.0,0.0,0.0
542_WT_2_z06c1-2,t_hi x0.8,0.5174264705882353,0.107421875,11,9,10.4444,417.6667,0.03436762,17,21.22942637602434,15.549429192320616,-0.815063994154115,-31.25,0.0
542_WT_2_z06c1-2,t_lo x0.8,0.6467830882352941,0.0859375,16,13,8.8462,385.1538,0.03724056,8,2.678923787636098,6.554584651477401,7.476239565668608,0.0,-52.94117647058823
542_WT_2_z06c1-2,both x0.8,0.5174264705882353,0.0859375,11,9,11.2222,450.3333,0.0369979,8,30.257445968846508,24.586795550840133,6.775922913797503,-31.25,-52.94117647058823
542_WT_2_z06c1-2,t_hi x0.9,0.5821047794117646,0.107421875,13,11,9.2727,373.8182,0.03464319,17,7.629361376140412,3.418538350557387,-0.019769096947659187,-18.75,0.0
542_WT_2_z06c1-2,t_lo x0.9,0.6467830882352941,0.0966796875,16,13,8.6923,370.0769,0.03586205,14,0.8925876918076955,2.383490357894277,3.497860319930365,0.0,-17.647058823529413
542_WT_2_z06c1-2,both x0.9,0.5821047794117646,0.0966796875,13,11,9.1818,381.1818,0.03585227,14,6.5742739745107786,5.455712434104326,3.4696352442883143,-18.75,-17.647058823529413
542_WT_2_z06c1-2,t_hi x1.1,0.7114613970588235,0.107421875,16,13,7.9231,325.0769,0.03471341,17,-8.035610650695261,-10.065968298145163,0.18288579176243402,0.0,0.0
542_WT_2_z06c1-2,t_lo x1.1,0.6467830882352941,0.11816406250000001,16,13,8.2308,346.9231,0.03339739,8,-4.464099171251468,-4.022115771665868,-3.6151473418212534,0.0,-52.94117647058823
542_WT_2_z06c1-2,both x1.1,0.7114613970588235,0.11816406250000001,16,13,7.6923,310.4615,0.03345069,8,-10.714534438331349,-14.109386476844698,-3.4613235655716466,0.0,-52.94117647058823
542_WT_2_z06c1-2,t_hi x1.2,0.7761397058823528,0.107421875,16,13,7.8462,303.0,0.03477925,18,-8.928198342502956,-16.173645049334436,0.3729000024242329,0.0,5.882352941176471
542_WT_2_z06c1-2,t_lo x1.2,0.6467830882352941,0.12890625,16,13,7.7692,339.9231,0.03238655,12,-9.821946746523663,-5.958698229272004,-6.5324311313926335,0.0,-29.41176470588235
542_WT_2_z06c1-2,both x1.2,0.7761397058823528,0.12890625,16,13,7.0769,283.4615,0.03250068,12,-17.857557397218926,-21.579061670468363,-6.203052002248779,0.0,-29.41176470588235
542_WT_2_z06c1-2,t_hi pooled,0.6001225490196078,0.107421875,14,11,9.2727,374.7273,0.03464462,17,7.629361376140412,3.6700450808730705,-0.015642117584854266,-12.5,0.0
542_WT_2_z06c1-2,t_lo pooled,0.6467830882352941,0.06422956084305997,16,13,9.6923,422.3846,0.04071706,11,12.49970982194675,16.85465810328347,17.50941701654601,0.0,-35.294117647058826
542_WT_2_z06c1-2,both pooled,0.6001225490196078,0.06422956084305997,14,11,11.2727,441.3636,0.04073235,12,30.843605636418523,22.105286455127313,17.553543949732816,-12.5,-29.41176470588235
542_WT_2_z18c1-2,default,0.6385569852941176,0.095703125,12,11,8.2727,357.0909,0.03407276,14,0.0,0.0,0.0,0.0,0.0
542_WT_2_z18c1-2,t_hi x0.8,0.5108455882352941,0.095703125,13,10,8.5,381.9,0.03385678,14,2.7475914755762885,6.947558730844163,-0.6338787934995509,8.333333333333334,0.0
542_WT_2_z18c1-2,t_lo x0.8,0.6385569852941176,0.0765625,12,11,9.2727,392.5455,0.03687501,9,12.087951938303092,9.928732431994215,8.224311737587444,0.0,-35.714285714285715
542_WT_2_z18c1-2,both x0.8,0.5108455882352941,0.0765625,13,10,9.6,416.0,0.03664721,10,16.044338607709687,16.496947975991556,7.5557424758076515,8.333333333333334,-28.571428571428573
542_WT_2_z18c1-2,t_hi x0.9,0.5747012867647059,0.095703125,12,9,8.8889,376.0,0.03399206,15,7.448595984382356,5.2953183629154434,-0.23684609054271796,0.0,7.142857142857143
542_WT_2_z18c1-2,t_lo x0.9,0.6385569852941176,0.0861328125,12,11,8.7273,372.5455,0.03541582,13,5.495182951152577,4.327917625456159,3.941741144538922,0.0,-7.142857142857143
542_WT_2_z18c1-2,both x0.9,0.5747012867647059,0.0861328125,12,9,9.4444,390.6667,0.03530294,13,14.163453286109728,9.402591889068027,3.6104501073584805,0.0,-7.142857142857143
542_WT_2_z18c1-2,t_hi x1.1,0.7024126838235295,0.095703125,12,11,7.3636,328.2727,0.03412126,14,-10.989157107111348,-8.070270062888746,0.1423424459891125,0.0,0.0
542_WT_2_z18c1-2,t_lo x1.1,0.6385569852941176,0.10527343750000001,12,11,8.0,341.0,0.03284783,3,-3.296384493575258,-4.5061075485261535,-3.5950419044421382,0.0,-78.57142857142857
542_WT_2_z18c1-2,both x1.1,0.7024126838235295,0.10527343750000001,12,11,6.7273,313.0909,0.03289512,3,-18.68072092545361,-12.321792574383721,-3.4562506823632737,0.0,-78.57142857142857
542_WT_2_z18c1-2,t_hi x1.2,0.7662683823529411,0.095703125,11,10,7.3,338.1,0.03417519,14,-11.757950850387425,-5.318225695474165,0.30062137613742057,-8.333333333333334,0.0
542_WT_2_z18c1-2,t_lo x1.2,0.6385569852941176,0.11484375,12,11,7.7273,330.2727,0.03184029,20,-6.592768987150516,-7.510188582234941,-6.552066812315763,0.0,42.857142857142854
542_WT_2_z18c1-2,both x1.2,0.7662683823529411,0.11484375,11,10,6.5,312.4,0.03189875,21,-21.428312401029896,-12.51527272187558,-6.380492804222505,-8.333333333333334,50.0
542_WT_2_z18c1-2,t_hi pooled,0.6001225490196078,0.095703125,12,10,9.6,389.1,0.03400856,14,16.044338607709687,8.963852061197876,-0.18842030994847606,0.0,0.0
542_WT_2_z18c1-2,t_lo pooled,0.6385569852941176,0.06821237904834809,12,11,9.8182,404.5455,0.03847219,17,18.681929720647414,13.289221315917048,12.911868601193454,0.0,21.428571428571427
542_WT_2_z18c1-2,both pooled,0.6001225490196078,0.06821237904834809,12,10,11.4,441.9,0.0384135,17,37.802652096655265,23.75000315045833,12.73961956706766,0.0,21.428571428571427
543-2,default,0.5969362745098039,0.087890625,12,12,7.5833,306.5833,0.04470139,21,0.0,0.0,0.0,0.0,0.0
543-2,t_hi x0.8,0.47754901960784313,0.087890625,13,13,9.4615,380.6923,0.04467474,21,24.767581395962164,24.172549515906436,-0.05961783291303259,8.333333333333334,0.0
543-2,t_lo x0.8,0.5969362745098039,0.0703125,12,12,8.1667,343.6667,0.04993551,14,7.693220629541231,12.095701233563597,11.709076608132325,0.0,-33.333333333333336
543-2,both x0.8,0.47754901960784313,0.0703125,13,13,10.2308,427.1538,0.04995269,14,34.91224137248955,39.32715839381988,11.747509417492388,8.333333333333334,-33.333333333333336
543-2,t_hi x0.9,0.5372426470588235,0.087890625,12,12,7.9167,340.75,0.04475375,21,4.396502841770723,11.144344783293803,0.11713282293906586,0.0,0.0
543-2,t_lo x0.9,0.5969362745098039,0.0791015625,12,12,7.6667,321.25,0.04706705,20,1.0997850540002274,4.783920063486821,5.292139685141779,0.0,-4.761904761904762
543-2,both x0.9,0.5372426470588235,0.0791015625,12,12,8.0833,356.0,0.04711314,20,6.59343557554098,16.11852308980952,5.395246098611245,0.0,-4.761904761904762
543-2,t_hi x1.1,0.6566299019607843,0.087890625,12,12,6.9167,281.1667,0.04462713,22,-8.79036830931126,-8.290275432484423,-0.16612458807209263,0.0,4.761904761904762
543-2,t_lo x1.1,0.5969362745098039,0.09667968750000001,12,12,7.1667,290.3333,0.04273896,22,-5.493650521540764,-5.300353933172485,-4.390087198630739,0.0,4.761904761904762
543-2,both x1.1,0.6566299019607843,0.09667968750000001,12,12,6.6667,265.4167,0.04266721,22,-12.087086097081755,-13.427541552328524,-4.550596748781198,0.0,4.761904761904762
543-2,t_hi x1.2,0.7163235294117647,0.087890625,11,11,6.5455,272.1818,0.04462184,22,-13.68533488059289,-11.220930820432814,-0.1779586719786514,-8.333333333333334,4.761904761904762
543-2,t_lo x1.2,0.5969362745098039,0.10546875,12,12,6.5833,272.0,0.04100402,25,-13.186871151081982,-11.280229549359019,-8.271264047941235,0.0,19.047619047619047
543-2,both x1.2,0.7163235294117647,0.10546875,11,11,5.4545,241.3636,0.04093434,25,-28.072211306423323,-21.27307651786644,-8.427142869606516,-8.333333333333334,19.047619047619047
543-2,t_hi pooled,0.6001225490196078,0.087890625,12,12,7.5,304.25,0.04468377,21,-1.098466366885134,-0.7610655896782402,-0.0394171187965361,0.0,0.0
543-2,t_lo pooled,0.5969362745098039,0.13933345525750604,12,12,5.8333,232.3333,0.03626197,16,-23.077024514393468,-24.218540279265046,-18.879547146073094,0.0,-23.80952380952381
543-2,both pooled,0.6001225490196078,0.13933345525750604,12,12,5.8333,231.0833,0.03625359,16,-23.077024514393468,-24.626259812586007,-18.898293766703894,0.0,-23.80952380952381
543_3,default,0.5798483455882353,0.083984375,10,9,6.8889,313.5556,0.04513983,14,0.0,0.0,0.0,0.0,0.0
543_3,t_hi x0.8,0.4638786764705882,0.083984375,14,13,8.2308,346.9231,0.04520678,14,19.479162130383674,10.641653346328354,0.14831690770657116,40.0,0.0
543_3,t_lo x0.8,0.5798483455882353,0.0671875,10,9,7.2222,346.1111,0.05029464,17,4.8382180028741955,10.382688110178862,11.419648678340177,0.0,21.428571428571427
543_3,both x0.8,0.4638786764705882,0.0671875,14,13,8.3846,388.5385,0.05040641,17,21.71173917461425,23.913749268072383,11.667257054357536,40.0,21.428571428571427
543_3,t_hi x0.9,0.5218635110294118,0.083984375,12,11,7.7273,325.6364,0.04516127,14,12.170302951124274,3.852841409944505,0.04749685588094708,20.0,0.0
543_3,t_lo x0.9,0.5798483455882353,0.0755859375,10,9,6.8889,327.5556,0.04738905,17,0.0,4.464917864646653,4.982783497412381,0.0,21.428571428571427
543_3,both x0.9,0.5218635110294118,0.0755859375,12,11,8.0909,342.1818,0.04744994,17,17.44835895425975,9.129545126924851,5.117675454249615,20.0,21.428571428571427
543_3,t_hi x1.1,0.6378331801470588,0.083984375,9,9,5.1111,274.6667,0.04506237,14,-25.806732569786167,-12.402553167604097,-0.1716001145773066,-10.0,0.0
543_3,t_lo x1.1,0.5798483455882353,0.09238281250000001,10,9,6.7778,299.4444,0.04310455,26,-1.6127393342913896,-4.500382069400149,-4.508833994279554,0.0,85.71428571428571
543_3,both x1.1,0.6378331801470588,0.09238281250000001,9,9,5.0,261.7778,0.04302618,26,-27.419471904077568,-16.513116015150107,-4.682450066825687,-10.0,85.71428571428571
543_3,t_hi x1.2,0.6958180147058823,0.083984375,8,8,4.5,266.25,0.04504729,15,-34.67752471366981,-15.086829895559202,-0.20500741806072834,-20.0,7.142857142857143
543_3,t_lo x1.2,0.5798483455882353,0.10078125,10,9,6.5556,290.5556,0.04147867,18,-4.838218002874182,-7.335222206205215,-8.110708436429638,0.0,28.571428571428573
543_3,both x1.2,0.6958180147058823,0.10078125,8,8,3.375,243.0,0.04139069,18,-51.008143535252366,-22.50178277791882,-8.305613911261958,-20.0,28.571428571428573
543_3,t_hi pooled,0.6001225490196078,0.083984375,10,9,6.1111,295.8889,0.04509974,14,-11.29062695060168,-5.634311745668088,-0.088812917549755,0.0,0.0
543_3,t_lo pooled,0.5798483455882353,0.13480415609024543,10,9,4.5556,236.7778,0.03627523,23,-33.87042924124316,-24.48618363059056,-19.638089022488565,0.0,64.28571428571429
543_3,both pooled,0.6001225490196078,0.13480415609024543,10,9,4.1111,222.3333,0.03624253,23,-40.32283818897065,-29.09286263743974,-19.710530589060696,0.0,64.28571428571429
543_z13c1-2,default,0.6033088235294118,0.072265625,11,11,6.7273,302.9091,0.04380241,19,0.0,0.0,0.0,0.0,0.0
543_z13c1-2,t_hi x0.8,0.4826470588235295,0.072265625,14,14,7.9286,346.5714,0.04363534,18,17.857089768555003,14.414324297289172,-0.3814173695008981,27.272727272727273,-5.2631578947368425
543_z13c1-2,t_lo x0.8,0.6033088235294118,0.0578125,11,11,7.3636,336.0,0.04827769,12,9.458475168343917,10.924366418836533,10.216972079846744,0.0,-36.8421052631579
543_z13c1-2,both x0.8,0.4826470588235295,0.0578125,14,14,8.4286,385.5714,0.04812626,15,25.289492069626746,27.289473970904126,9.871260508268831,27.272727272727273,-21.05263157894737
543_z13c1-2,t_hi x0.9,0.5429779411764707,0.072265625,12,12,7.0833,330.0,0.04378524,18,5.2918704383631,8.94357416135731,-0.03919875641545045,9.090909090909092,-5.2631578947368425
543_z13c1-2,t_lo x0.9,0.6033088235294118,0.06503906250000001,11,11,7.3636,316.1818,0.04585865,16,9.458475168343917,4.3817435659740775,4.694353575522444,0.0,-15.789473684210526
543_z13c1-2,both x0.9,0.5429779411764707,0.06503906250000001,12,12,7.3333,347.8333,0.04585052,16,9.008071588898977,14.830917922241351,4.675792952944824,9.090909090909092,-15.789473684210526
543_z13c1-2,t_hi x1.1,0.6636397058823531,0.072265625,11,11,6.0,268.2727,0.04372641,19,-10.811172387138965,-11.434585491158911,-0.17350643491990436,0.0,0.0
543_z13c1-2,t_lo x1.1,0.6033088235294118,0.0794921875,11,11,6.4545,291.0909,0.04211288,14,-4.055118695464738,-3.901566509556843,-3.8571621972398358,0.0,-26.31578947368421
543_z13c1-2,both x1.1,0.6636397058823531,0.0794921875,11,11,5.4545,257.9091,0.04204619,14,-18.919923297608243,-14.85594193109418,-4.0094140938820555,0.0,-26.31578947368421
543_z13c1-2,t_hi x1.2,0.7239705882352941,0.072265625,10,10,5.5,258.8,0.04373089,18,-18.243574688210717,-14.56182729406281,-0.1632786871772547,-9.090909090909092,-5.2631578947368425
543_z13c1-2,t_lo x1.2,0.6033088235294118,0.08671875,11,11,6.3636,279.3636,0.04048171,25,-5.406329433799589,-7.773124016412845,-7.5810897162964395,0.0,31.57894736842105
543_z13c1-2,both x1.2,0.7239705882352941,0.08671875,10,10,4.5,238.5,0.04038845,25,-33.10837929035422,-21.263507765200853,-7.7940003757784115,-9.090909090909092,31.57894736842105
543_z13c1-2,t_hi pooled,0.6001225490196078,0.072265625,11,11,6.7273,302.9091,0.04380241,19,0.0,0.0,0.0,0.0,0.0
543_z13c1-2,t_lo pooled,0.6033088235294118,0.11104697397219512,11,11,5.0,242.0909,0.03616984,21,-25.67597698928247,-20.078036612303826,-17.42500013127131,0.0,10.526315789473685
543_z13c1-2,both pooled,0.6001225490196078,0.11104697397219512,11,11,5.0,242.0909,0.03616984,21,-25.67597698928247,-20.078036612303826,-17.42500013127131,0.0,10.526315789473685
682_z08c1-2,default,0.6252833946078431,0.083984375,10,8,10.0,396.75,0.03464652,24,0.0,0.0,0.0,0.0,0.0
682_z08c1-2,t_hi x0.8,0.5002267156862745,0.083984375,15,10,9.4,385.1,0.03421565,24,-5.9999999999999964,-2.9363579080025146,-1.2436169635507401,50.0,0.0
682_z08c1-2,t_lo x0.8,0.6252833946078431,0.0671875,10,8,10.75,421.0,0.03880602,18,7.5,6.112161310649023,12.005534755005687,0.0,-25.0
682_z08c1-2,both x0.8,0.5002267156862745,0.0671875,15,10,10.1,415.8,0.03836312,17,0.9999999999999964,4.801512287334597,10.727195689494934,50.0,-29.166666666666668
682_z08c1-2,t_hi x0.9,0.5627550551470588,0.083984375,12,9,9.8889,404.5556,0.03446604,24,-1.1110000000000042,1.9673850031506053,-0.5209181181832887,20.0,0.0
682_z08c1-2,t_lo x0.9,0.6252833946078431,0.0755859375,10,8,10.25,408.5,0.0366182,19,2.5,2.9615626969124134,5.690845718415577,0.0,-20.833333333333332
682_z08c1-2,both x0.9,0.5627550551470588,0.0755859375,12,9,10.2222,417.1111,0.03645657,18,2.2220000000000084,5.131972274732204,5.224334218847956,20.0,-25.0
682_z08c1-2,t_hi x1.1,0.6878117340686275,0.083984375,10,8,10.125,388.375,0.03470926,24,1.25,-2.1109010712035285,0.18108600806083447,0.0,0.0
682_z08c1-2,t_lo x1.1,0.6252833946078431,0.09238281250000001,10,8,9.75,383.375,0.03298035,23,-2.5,-3.3711405166981727,-4.809054415854757,0.0,-4.166666666666667
682_z08c1-2,both x1.1,0.6878117340686275,0.09238281250000001,10,8,10.0,372.75,0.03301471,23,0.0,-6.049149338374291,-4.709881396457703,0.0,-4.166666666666667
682_z08c1-2,t_hi x1.2,0.7503400735294117,0.083984375,9,8,9.125,368.5,0.03478891,24,-8.75,-7.120352867044739,0.4109792267737111,-10.0,0.0
682_z08c1-2,t_lo x1.2,0.6252833946078431,0.10078125,10,8,9.625,375.625,0.03135447,23,-3.75,-5.324511657214871,-9.501820096217449,0.0,-4.166666666666667
682_z08c1-2,both x1.2,0.7503400735294117,0.10078125,9,8,8.5,345.75,0.03146772,23,-15.0,-12.854442344045369,-9.174947440608761,-10.0,-4.166666666666667
682_z08c1-2,t_hi pooled,0.6001225490196078,0.083984375,11,8,9.75,403.875,0.03462896,24,-2.5,1.7958412098298677,-0.05068330094912793,10.0,0.0
682_z08c1-2,t_lo pooled,0.6252833946078431,0.07831592737046288,10,8,10.0,405.5,0.03593543,21,0.0,2.205419029615627,3.7201716074226137,0.0,-12.5
682_z08c1-2,both pooled,0.6001225490196078,0.07831592737046288,11,8,9.75,413.5,0.03592486,21,-2.5,4.221802142407057,3.6896634928991507,10.0,-12.5
682_z23c-2,default,0.5421262254901961,0.080078125,14,11,6.7273,283.3636,0.03829817,19,0.0,0.0,0.0,0.0,0.0
682_z23c-2,t_hi x0.8,0.4337009803921569,0.080078125,16,11,7.6364,311.6364,0.03813395,20,13.51359386380867,9.977569454933505,-0.4287933339895866,14.285714285714286,5.2631578947368425
682_z23c-2,t_lo x0.8,0.5421262254901961,0.06406250000000001,14,11,6.9091,315.4545,0.04264837,18,2.702421476669689,11.324990224573648,11.358767272692138,0.0,-5.2631578947368425
682_z23c-2,both x0.8,0.4337009803921569,0.06406250000000001,16,11,8.5455,343.1818,0.04246456,18,27.02718772761734,21.110050832216977,10.878822669594914,14.285714285714286,-5.2631578947368425
682_z23c-2,t_hi x0.9,0.48791360294117647,0.080078125,16,11,7.2727,299.4545,0.03819712,19,8.10726443000908,5.678534575365353,-0.2638507270712892,14.285714285714286,0.0
682_z23c-2,t_lo x0.9,0.5421262254901961,0.0720703125,14,11,6.8182,299.1818,0.04031145,27,1.351210738334851,5.582297796894164,5.256856920317601,0.0,42.10526315789474
682_z23c-2,both x0.9,0.48791360294117647,0.0720703125,16,11,7.3636,318.9091,0.04022911,26,9.458475168343917,12.544130579933343,5.0418597024348655,14.285714285714286,36.8421052631579
682_z23c-2,t_hi x1.1,0.5963388480392158,0.080078125,13,11,6.0909,271.4545,0.038399,20,-9.459961648804114,-4.2027628107491655,0.2632762870915324,-7.142857142857143,5.2631578947368425
682_z23c-2,t_lo x1.1,0.5421262254901961,0.0880859375,14,11,6.2727,271.5455,0.03660952,20,-6.757540172134426,-4.17064859424429,-4.409218508351704,0.0,5.2631578947368425
682_z23c-2,both x1.1,0.5963388480392158,0.0880859375,13,11,5.8182,259.3636,0.0366921,21,-13.513593863808655,-8.469683473812443,-4.193594628672861,-7.142857142857143,10.526315789473685
682_z23c-2,t_hi x1.2,0.6505514705882353,0.080078125,12,11,6.0,254.6364,0.03841603,19,-10.811172387138965,-10.137928795371039,0.3077431637072931,-14.285714285714286,0.0
682_z23c-2,t_lo x1.2,0.5421262254901961,0.09609374999999999,14,11,6.0909,261.0909,0.03492381,23,-9.459961648804114,-7.8601132961326154,-8.810760409701038,0.0,21.05263157894737
682_z23c-2,both x1.2,0.6505514705882353,0.09609374999999999,12,11,5.6364,232.9091,0.03500454,23,-16.216015340478343,-17.805568534561257,-8.599967048033884,-14.285714285714286,21.05263157894737
682_z23c-2,t_hi pooled,0.6001225490196078,0.080078125,13,11,6.2727,273.9091,0.03836967,20,-6.757540172134426,-3.3365259334649884,0.18669299342501774,-7.142857142857143,5.2631578947368425
682_z23c-2,t_lo pooled,0.5421262254901961,0.07850368191657092,14,11,6.8182,286.3636,0.03868049,17,1.351210738334851,1.0587104342265554,0.9982722412062992,0.0,-10.526315789473685
682_z23c-2,both pooled,0.6001225490196078,0.07850368191657092,13,11,6.3636,276.6364,0.03875476,18,-5.406329433799589,-2.374052277709642,1.1921979561947733,-7.142857142857143,-5.2631578947368425
682_z29c1-3,default,0.5234375,0.068359375,13,11,5.5455,250.2727,0.03748464,17,0.0,0.0,0.0,0.0,0.0
682_z29c1-3,t_hi x0.8,0.41875,0.068359375,15,10,7.0,282.3,0.03717349,18,26.228473537102165,12.796961074859553,-0.8300733313698707,15.384615384615385,5.882352941176471
682_z29c1-3,t_lo x0.8,0.5234375,0.0546875,13,11,5.7273,280.7273,0.04156058,17,3.27833378414931,12.168566527631672,10.873627171022585,0.0,0.0
682_z29c1-3,both x0.8,0.41875,0.0546875,15,10,8.2,319.9,0.04124081,18,47.86764042917681,27.820573318624046,10.020557753789294,15.384615384615385,5.882352941176471
682_z29c1-3,t_hi x0.9,0.47109375000000003,0.068359375,13,11,6.6364,276.6364,0.0374656,17,19.671805968803543,10.533989524226971,-0.050794138612503544,0.0,0.0
682_z29c1-3,t_lo x0.9,0.5234375,0.0615234375,13,11,5.8182,266.0909,0.03941807,16,4.917500676223972,6.320385723253072,5.157926019831056,0.0,-5.882352941176471
682_z29c1-3,both x0.9,0.47109375000000003,0.0615234375,13,11,7.2727,295.2727,0.03941374,17,31.145974213326138,17.98038699386709,5.146374621711728,0.0,0.0
682_z29c1-3,t_hi x1.1,0.57578125,0.068359375,11,9,5.1111,254.6667,0.03752457,17,-7.833378414931013,1.7556848989122689,0.10652363207970124,-15.384615384615385,0.0
682_z29c1-3,t_lo x1.1,0.5234375,0.0751953125,13,11,5.2727,238.9091,0.03573292,29,-4.919303940131625,-4.540487236522399,-4.673167462726061,0.0,70.58823529411765
682_z29c1-3,both x1.1,0.57578125,0.0751953125,11,9,5.1111,242.6667,0.03578178,29,-7.833378414931013,-3.0390849661189554,-4.542820739374849,-15.384615384615385,70.58823529411765
682_z29c1-3,t_hi x1.2,0.6281249999999999,0.068359375,11,9,4.6667,230.5556,0.03754288,17,-15.84708322062934,-7.878246408817257,0.15537030634414808,-15.384615384615385,0.0
682_z29c1-3,t_lo x1.2,0.5234375,0.08203125,13,11,5.0909,224.0,0.034117,23,-8.197637724280936,-10.497629186083815,-8.984053201524674,0.0,35.294117647058826
682_z29c1-3,both x1.2,0.6281249999999999,0.08203125,11,9,4.5556,205.3333,0.03418011,23,-17.85050942205391,-17.956173406048674,-8.815690906995505,-15.384615384615385,35.294117647058826
682_z29c1-3,t_hi pooled,0.6001225490196078,0.068359375,10,8,5.5,249.875,0.03754512,17,-0.8204850779911578,-0.15890666461023764,0.16134608735738598,-23.076923076923077,0.0
682_z29c1-3,t_lo pooled,0.5234375,0.06975842621627068,13,11,5.5455,249.6364,0.03718568,22,0.0,-0.25424267209327156,-0.797553344516583,0.0,29.41176470588235
682_z29c1-3,both pooled,0.6001225490196078,0.06975842621627068,10,8,5.5,250.25,0.03725362,22,-0.8204850779911578,-0.009070106328011876,-0.6163057721776132,-23.076923076923077,29.41176470588235
