old_path,new_path
figures_out/INDEX.md,archive/old-indexes/INDEX.md
figures_out/README.md,archive/old-indexes/README.md
figures_out/_thumbs/Fig01_contact_sheet.png,archive/old-indexes/_thumbs/Fig01_contact_sheet.png
figures_out/_thumbs/Fig02_network_overlay_543-2.png,archive/old-indexes/_thumbs/Fig02_network_overlay_543-2.png
figures_out/_thumbs/Fig03_threshold_sensitivity.png,archive/old-indexes/_thumbs/Fig03_threshold_sensitivity.png
figures_out/_thumbs/Fig04_per_field.png,archive/old-indexes/_thumbs/Fig04_per_field.png
figures_out/_thumbs/Fig04_per_field_merged.png,archive/old-indexes/_thumbs/Fig04_per_field_merged.png
figures_out/_thumbs/S01_switch_examples.png,archive/old-indexes/_thumbs/S01_switch_examples.png
figures_out/_thumbs/S02_contact_sheet_with_rejected_candidates.png,archive/old-indexes/_thumbs/S02_contact_sheet_with_rejected_candidates.png
figures_out/_thumbs/S03_contact_sheet_coded.png,archive/old-indexes/_thumbs/S03_contact_sheet_coded.png
figures_out/_thumbs/gallery_542_z06.png,archive/old-indexes/_thumbs/gallery_542_z06.png
figures_out/_thumbs/gallery_542_z18.png,archive/old-indexes/_thumbs/gallery_542_z18.png
figures_out/_thumbs/gallery_543-2.png,archive/old-indexes/_thumbs/gallery_543-2.png
figures_out/_thumbs/gallery_543_3.png,archive/old-indexes/_thumbs/gallery_543_3.png
figures_out/_thumbs/gallery_543_z13.png,archive/old-indexes/_thumbs/gallery_543_z13.png
figures_out/_thumbs/gallery_682_z08.png,archive/old-indexes/_thumbs/gallery_682_z08.png
figures_out/_thumbs/gallery_682_z23.png,archive/old-indexes/_thumbs/gallery_682_z23.png
figures_out/_thumbs/gallery_682_z29.png,archive/old-indexes/_thumbs/gallery_682_z29.png
figures_out/_thumbs/network_542_z06.png,archive/old-indexes/_thumbs/network_542_z06.png
figures_out/_thumbs/network_542_z18.png,archive/old-indexes/_thumbs/network_542_z18.png
figures_out/_thumbs/network_543-2.png,archive/old-indexes/_thumbs/network_543-2.png
figures_out/_thumbs/network_543_3.png,archive/old-indexes/_thumbs/network_543_3.png
figures_out/_thumbs/network_543_z13.png,archive/old-indexes/_thumbs/network_543_z13.png
figures_out/_thumbs/network_682_z08.png,archive/old-indexes/_thumbs/network_682_z08.png
figures_out/_thumbs/network_682_z23.png,archive/old-indexes/_thumbs/network_682_z23.png
figures_out/_thumbs/network_682_z29.png,archive/old-indexes/_thumbs/network_682_z29.png
figures_out/_thumbs/overview_542_z06.png,archive/old-indexes/_thumbs/overview_542_z06.png
figures_out/_thumbs/overview_542_z18.png,archive/old-indexes/_thumbs/overview_542_z18.png
figures_out/_thumbs/overview_543-2.png,archive/old-indexes/_thumbs/overview_543-2.png
figures_out/_thumbs/overview_543_3.png,archive/old-indexes/_thumbs/overview_543_3.png
figures_out/_thumbs/overview_543_z13.png,archive/old-indexes/_thumbs/overview_543_z13.png
figures_out/_thumbs/overview_682_z08.png,archive/old-indexes/_thumbs/overview_682_z08.png
figures_out/_thumbs/overview_682_z23.png,archive/old-indexes/_thumbs/overview_682_z23.png
figures_out/_thumbs/overview_682_z29.png,archive/old-indexes/_thumbs/overview_682_z29.png
results/542_WT_2_z06c1-2/lacunae_overlay.png,results/542_z06/1_lacunae/542_z06_lacunae_outlines.png
results/542_WT_2_z06c1-2/lacunae.json,results/542_z06/1_lacunae/542_z06_lacunae_results.json
results/542_WT_2_z06c1-2/lacunae.xlsx,results/542_z06/1_lacunae/542_z06_lacunae_results.xlsx
results/542_WT_2_z06c1-2/canaliculi_mask.png,results/542_z06/2_canaliculi/542_z06_canaliculi_mask.png
results/542_WT_2_z06c1-2/canaliculi_measurements.json,results/542_z06/2_canaliculi/542_z06_canaliculi_results.json
results/542_WT_2_z06c1-2/canaliculi_measurements.xlsx,results/542_z06/2_canaliculi/542_z06_canaliculi_results.xlsx
results/542_WT_2_z06c1-2/canaliculi_skeleton.png,results/542_z06/2_canaliculi/542_z06_canaliculi_skeleton.png
figures_out/per_image/542_z06/gallery.pdf,results/542_z06/3_publication_figures/542_z06_figure_cell_gallery.pdf
figures_out/per_image/542_z06/gallery.png,results/542_z06/3_publication_figures/542_z06_figure_cell_gallery.png
figures_out/per_image/542_z06/gallery_check.json,results/542_z06/3_publication_figures/542_z06_figure_cell_gallery_checks.json
figures_out/per_image/542_z06/inset.json,results/542_z06/3_publication_figures/542_z06_figure_inset_choice.json
figures_out/per_image/542_z06/network.pdf,results/542_z06/3_publication_figures/542_z06_figure_network.pdf
figures_out/per_image/542_z06/network.png,results/542_z06/3_publication_figures/542_z06_figure_network.png
figures_out/per_image/542_z06/network_check.json,results/542_z06/3_publication_figures/542_z06_figure_network_checks.json
figures_out/per_image/542_z06/overview.pdf,results/542_z06/3_publication_figures/542_z06_figure_overview.pdf
figures_out/per_image/542_z06/overview.png,results/542_z06/3_publication_figures/542_z06_figure_overview.png
results/542_WT_2_z06c1-2/canaliculi_verification.png,results/542_z06/2_canaliculi/542_z06_canaliculi_verification.png
figures_out/per_image/542_z06/display_variants/gallery_image_window.png,results/542_z06/4_archive_not_used/variants_per_image_brightness/542_z06_figure_cell_gallery_per_image_brightness.png
figures_out/per_image/542_z06/display_variants/network_image_window.png,results/542_z06/4_archive_not_used/variants_per_image_brightness/542_z06_figure_network_per_image_brightness.png
figures_out/per_image/542_z06/display_variants/overview_image_window.png,results/542_z06/4_archive_not_used/variants_per_image_brightness/542_z06_figure_overview_per_image_brightness.png
figures_out/per_image/542_z06/display_variants/display_window.json,results/542_z06/4_archive_not_used/variants_per_image_brightness/display_window_this_image.json
results/542_WT_2_z18c1-2/lacunae_overlay.png,results/542_z18/1_lacunae/542_z18_lacunae_outlines.png
results/542_WT_2_z18c1-2/lacunae.json,results/542_z18/1_lacunae/542_z18_lacunae_results.json
results/542_WT_2_z18c1-2/lacunae.xlsx,results/542_z18/1_lacunae/542_z18_lacunae_results.xlsx
results/542_WT_2_z18c1-2/canaliculi_mask.png,results/542_z18/2_canaliculi/542_z18_canaliculi_mask.png
results/542_WT_2_z18c1-2/canaliculi_measurements.json,results/542_z18/2_canaliculi/542_z18_canaliculi_results.json
results/542_WT_2_z18c1-2/canaliculi_measurements.xlsx,results/542_z18/2_canaliculi/542_z18_canaliculi_results.xlsx
results/542_WT_2_z18c1-2/canaliculi_skeleton.png,results/542_z18/2_canaliculi/542_z18_canaliculi_skeleton.png
figures_out/per_image/542_z18/gallery.pdf,results/542_z18/3_publication_figures/542_z18_figure_cell_gallery.pdf
figures_out/per_image/542_z18/gallery.png,results/542_z18/3_publication_figures/542_z18_figure_cell_gallery.png
figures_out/per_image/542_z18/gallery_check.json,results/542_z18/3_publication_figures/542_z18_figure_cell_gallery_checks.json
figures_out/per_image/542_z18/inset.json,results/542_z18/3_publication_figures/542_z18_figure_inset_choice.json
figures_out/per_image/542_z18/network.pdf,results/542_z18/3_publication_figures/542_z18_figure_network.pdf
figures_out/per_image/542_z18/network.png,results/542_z18/3_publication_figures/542_z18_figure_network.png
figures_out/per_image/542_z18/network_check.json,results/542_z18/3_publication_figures/542_z18_figure_network_checks.json
figures_out/per_image/542_z18/overview.pdf,results/542_z18/3_publication_figures/542_z18_figure_overview.pdf
figures_out/per_image/542_z18/overview.png,results/542_z18/3_publication_figures/542_z18_figure_overview.png
results/542_WT_2_z18c1-2/canaliculi_verification.png,results/542_z18/2_canaliculi/542_z18_canaliculi_verification.png
figures_out/per_image/542_z18/display_variants/gallery_image_window.png,results/542_z18/4_archive_not_used/variants_per_image_brightness/542_z18_figure_cell_gallery_per_image_brightness.png
figures_out/per_image/542_z18/display_variants/network_image_window.png,results/542_z18/4_archive_not_used/variants_per_image_brightness/542_z18_figure_network_per_image_brightness.png
figures_out/per_image/542_z18/display_variants/overview_image_window.png,results/542_z18/4_archive_not_used/variants_per_image_brightness/542_z18_figure_overview_per_image_brightness.png
figures_out/per_image/542_z18/display_variants/display_window.json,results/542_z18/4_archive_not_used/variants_per_image_brightness/display_window_this_image.json
results/543-2/lacunae_overlay.png,results/543-2/1_lacunae/543-2_lacunae_outlines.png
results/543-2/lacunae.json,results/543-2/1_lacunae/543-2_lacunae_results.json
results/543-2/lacunae.xlsx,results/543-2/1_lacunae/543-2_lacunae_results.xlsx
results/543-2/canaliculi_mask.png,results/543-2/2_canaliculi/543-2_canaliculi_mask.png
results/543-2/canaliculi_measurements.json,results/543-2/2_canaliculi/543-2_canaliculi_results.json
results/543-2/canaliculi_measurements.xlsx,results/543-2/2_canaliculi/543-2_canaliculi_results.xlsx
results/543-2/canaliculi_skeleton.png,results/543-2/2_canaliculi/543-2_canaliculi_skeleton.png
figures_out/per_image/543-2/gallery.pdf,results/543-2/3_publication_figures/543-2_figure_cell_gallery.pdf
figures_out/per_image/543-2/gallery.png,results/543-2/3_publication_figures/543-2_figure_cell_gallery.png
figures_out/per_image/543-2/gallery_check.json,results/543-2/3_publication_figures/543-2_figure_cell_gallery_checks.json
figures_out/per_image/543-2/inset.json,results/543-2/3_publication_figures/543-2_figure_inset_choice.json
figures_out/main/Fig02_network_overlay_543-2.pdf,results/543-2/3_publication_figures/543-2_figure_network.pdf
figures_out/main/Fig02_network_overlay_543-2.png,results/543-2/3_publication_figures/543-2_figure_network.png
figures_out/per_image/543-2/network_check.json,results/543-2/3_publication_figures/543-2_figure_network_checks.json
figures_out/per_image/543-2/overview.pdf,results/543-2/3_publication_figures/543-2_figure_overview.pdf
figures_out/per_image/543-2/overview.png,results/543-2/3_publication_figures/543-2_figure_overview.png
results/543-2/canaliculi_verification.png,results/543-2/2_canaliculi/543-2_canaliculi_verification.png
figures_out/per_image/543-2/display_variants/gallery_image_window.png,results/543-2/4_archive_not_used/variants_per_image_brightness/543-2_figure_cell_gallery_per_image_brightness.png
figures_out/per_image/543-2/display_variants/network_image_window.png,results/543-2/4_archive_not_used/variants_per_image_brightness/543-2_figure_network_per_image_brightness.png
figures_out/per_image/543-2/display_variants/overview_image_window.png,results/543-2/4_archive_not_used/variants_per_image_brightness/543-2_figure_overview_per_image_brightness.png
figures_out/per_image/543-2/display_variants/display_window.json,results/543-2/4_archive_not_used/variants_per_image_brightness/display_window_this_image.json
results/543_3/lacunae_overlay.png,results/543_3/1_lacunae/543_3_lacunae_outlines.png
results/543_3/lacunae.json,results/543_3/1_lacunae/543_3_lacunae_results.json
results/543_3/lacunae.xlsx,results/543_3/1_lacunae/543_3_lacunae_results.xlsx
results/543_3/canaliculi_mask.png,results/543_3/2_canaliculi/543_3_canaliculi_mask.png
results/543_3/canaliculi_measurements.json,results/543_3/2_canaliculi/543_3_canaliculi_results.json
results/543_3/canaliculi_measurements.xlsx,results/543_3/2_canaliculi/543_3_canaliculi_results.xlsx
results/543_3/canaliculi_skeleton.png,results/543_3/2_canaliculi/543_3_canaliculi_skeleton.png
figures_out/per_image/543_3/gallery.pdf,results/543_3/3_publication_figures/543_3_figure_cell_gallery.pdf
figures_out/per_image/543_3/gallery.png,results/543_3/3_publication_figures/543_3_figure_cell_gallery.png
figures_out/per_image/543_3/gallery_check.json,results/543_3/3_publication_figures/543_3_figure_cell_gallery_checks.json
figures_out/per_image/543_3/inset.json,results/543_3/3_publication_figures/543_3_figure_inset_choice.json
figures_out/per_image/543_3/network.pdf,results/543_3/3_publication_figures/543_3_figure_network.pdf
figures_out/per_image/543_3/network.png,results/543_3/3_publication_figures/543_3_figure_network.png
figures_out/per_image/543_3/network_check.json,results/543_3/3_publication_figures/543_3_figure_network_checks.json
figures_out/per_image/543_3/overview.pdf,results/543_3/3_publication_figures/543_3_figure_overview.pdf
figures_out/per_image/543_3/overview.png,results/543_3/3_publication_figures/543_3_figure_overview.png
figures_out/per_image/543_3/overview_low_cut_layer.pdf,results/543_3/4_archive_not_used/543_3_figure_overview_low_cut_layer.pdf
figures_out/per_image/543_3/overview_low_cut_layer.png,results/543_3/4_archive_not_used/543_3_figure_overview_low_cut_layer.png
results/543_3/canaliculi_verification.png,results/543_3/2_canaliculi/543_3_canaliculi_verification.png
figures_out/per_image/543_3/display_variants/gallery_image_window.png,results/543_3/4_archive_not_used/variants_per_image_brightness/543_3_figure_cell_gallery_per_image_brightness.png
figures_out/per_image/543_3/display_variants/network_image_window.png,results/543_3/4_archive_not_used/variants_per_image_brightness/543_3_figure_network_per_image_brightness.png
figures_out/per_image/543_3/display_variants/overview_image_window.png,results/543_3/4_archive_not_used/variants_per_image_brightness/543_3_figure_overview_per_image_brightness.png
figures_out/per_image/543_3/display_variants/display_window.json,results/543_3/4_archive_not_used/variants_per_image_brightness/display_window_this_image.json
results/543_z13c1-2/lacunae_overlay.png,results/543_z13/1_lacunae/543_z13_lacunae_outlines.png
results/543_z13c1-2/lacunae.json,results/543_z13/1_lacunae/543_z13_lacunae_results.json
results/543_z13c1-2/lacunae.xlsx,results/543_z13/1_lacunae/543_z13_lacunae_results.xlsx
results/543_z13c1-2/canaliculi_mask.png,results/543_z13/2_canaliculi/543_z13_canaliculi_mask.png
results/543_z13c1-2/canaliculi_measurements.json,results/543_z13/2_canaliculi/543_z13_canaliculi_results.json
results/543_z13c1-2/canaliculi_measurements.xlsx,results/543_z13/2_canaliculi/543_z13_canaliculi_results.xlsx
results/543_z13c1-2/canaliculi_skeleton.png,results/543_z13/2_canaliculi/543_z13_canaliculi_skeleton.png
figures_out/per_image/543_z13/gallery.pdf,results/543_z13/3_publication_figures/543_z13_figure_cell_gallery.pdf
figures_out/per_image/543_z13/gallery.png,results/543_z13/3_publication_figures/543_z13_figure_cell_gallery.png
figures_out/per_image/543_z13/gallery_check.json,results/543_z13/3_publication_figures/543_z13_figure_cell_gallery_checks.json
figures_out/per_image/543_z13/inset.json,results/543_z13/3_publication_figures/543_z13_figure_inset_choice.json
figures_out/per_image/543_z13/network.pdf,results/543_z13/3_publication_figures/543_z13_figure_network.pdf
figures_out/per_image/543_z13/network.png,results/543_z13/3_publication_figures/543_z13_figure_network.png
figures_out/per_image/543_z13/network_check.json,results/543_z13/3_publication_figures/543_z13_figure_network_checks.json
figures_out/per_image/543_z13/overview.pdf,results/543_z13/3_publication_figures/543_z13_figure_overview.pdf
figures_out/per_image/543_z13/overview.png,results/543_z13/3_publication_figures/543_z13_figure_overview.png
results/543_z13c1-2/canaliculi_verification.png,results/543_z13/2_canaliculi/543_z13_canaliculi_verification.png
figures_out/per_image/543_z13/display_variants/gallery_image_window.png,results/543_z13/4_archive_not_used/variants_per_image_brightness/543_z13_figure_cell_gallery_per_image_brightness.png
figures_out/per_image/543_z13/display_variants/network_image_window.png,results/543_z13/4_archive_not_used/variants_per_image_brightness/543_z13_figure_network_per_image_brightness.png
figures_out/per_image/543_z13/display_variants/overview_image_window.png,results/543_z13/4_archive_not_used/variants_per_image_brightness/543_z13_figure_overview_per_image_brightness.png
figures_out/per_image/543_z13/display_variants/display_window.json,results/543_z13/4_archive_not_used/variants_per_image_brightness/display_window_this_image.json
results/682_z08c1-2/lacunae_overlay.png,results/682_z08/1_lacunae/682_z08_lacunae_outlines.png
results/682_z08c1-2/lacunae.json,results/682_z08/1_lacunae/682_z08_lacunae_results.json
results/682_z08c1-2/lacunae.xlsx,results/682_z08/1_lacunae/682_z08_lacunae_results.xlsx
results/682_z08c1-2/canaliculi_mask.png,results/682_z08/2_canaliculi/682_z08_canaliculi_mask.png
results/682_z08c1-2/canaliculi_measurements.json,results/682_z08/2_canaliculi/682_z08_canaliculi_results.json
results/682_z08c1-2/canaliculi_measurements.xlsx,results/682_z08/2_canaliculi/682_z08_canaliculi_results.xlsx
results/682_z08c1-2/canaliculi_skeleton.png,results/682_z08/2_canaliculi/682_z08_canaliculi_skeleton.png
figures_out/per_image/682_z08/gallery.pdf,results/682_z08/3_publication_figures/682_z08_figure_cell_gallery.pdf
figures_out/per_image/682_z08/gallery.png,results/682_z08/3_publication_figures/682_z08_figure_cell_gallery.png
figures_out/per_image/682_z08/gallery_check.json,results/682_z08/3_publication_figures/682_z08_figure_cell_gallery_checks.json
figures_out/per_image/682_z08/inset.json,results/682_z08/3_publication_figures/682_z08_figure_inset_choice.json
figures_out/per_image/682_z08/network.pdf,results/682_z08/3_publication_figures/682_z08_figure_network.pdf
figures_out/per_image/682_z08/network.png,results/682_z08/3_publication_figures/682_z08_figure_network.png
figures_out/per_image/682_z08/network_check.json,results/682_z08/3_publication_figures/682_z08_figure_network_checks.json
figures_out/per_image/682_z08/overview.pdf,results/682_z08/3_publication_figures/682_z08_figure_overview.pdf
figures_out/per_image/682_z08/overview.png,results/682_z08/3_publication_figures/682_z08_figure_overview.png
results/682_z08c1-2/canaliculi_verification.png,results/682_z08/2_canaliculi/682_z08_canaliculi_verification.png
figures_out/per_image/682_z08/display_variants/gallery_image_window.png,results/682_z08/4_archive_not_used/variants_per_image_brightness/682_z08_figure_cell_gallery_per_image_brightness.png
figures_out/per_image/682_z08/display_variants/network_image_window.png,results/682_z08/4_archive_not_used/variants_per_image_brightness/682_z08_figure_network_per_image_brightness.png
figures_out/per_image/682_z08/display_variants/overview_image_window.png,results/682_z08/4_archive_not_used/variants_per_image_brightness/682_z08_figure_overview_per_image_brightness.png
figures_out/per_image/682_z08/display_variants/display_window.json,results/682_z08/4_archive_not_used/variants_per_image_brightness/display_window_this_image.json
results/682_z23c-2/lacunae_overlay.png,results/682_z23/1_lacunae/682_z23_lacunae_outlines.png
results/682_z23c-2/lacunae.json,results/682_z23/1_lacunae/682_z23_lacunae_results.json
results/682_z23c-2/lacunae.xlsx,results/682_z23/1_lacunae/682_z23_lacunae_results.xlsx
results/682_z23c-2/canaliculi_mask.png,results/682_z23/2_canaliculi/682_z23_canaliculi_mask.png
results/682_z23c-2/canaliculi_measurements.json,results/682_z23/2_canaliculi/682_z23_canaliculi_results.json
results/682_z23c-2/canaliculi_measurements.xlsx,results/682_z23/2_canaliculi/682_z23_canaliculi_results.xlsx
results/682_z23c-2/canaliculi_skeleton.png,results/682_z23/2_canaliculi/682_z23_canaliculi_skeleton.png
figures_out/per_image/682_z23/gallery.pdf,results/682_z23/3_publication_figures/682_z23_figure_cell_gallery.pdf
figures_out/per_image/682_z23/gallery.png,results/682_z23/3_publication_figures/682_z23_figure_cell_gallery.png
figures_out/per_image/682_z23/gallery_check.json,results/682_z23/3_publication_figures/682_z23_figure_cell_gallery_checks.json
figures_out/per_image/682_z23/inset.json,results/682_z23/3_publication_figures/682_z23_figure_inset_choice.json
figures_out/per_image/682_z23/network.pdf,results/682_z23/3_publication_figures/682_z23_figure_network.pdf
figures_out/per_image/682_z23/network.png,results/682_z23/3_publication_figures/682_z23_figure_network.png
figures_out/per_image/682_z23/network_check.json,results/682_z23/3_publication_figures/682_z23_figure_network_checks.json
figures_out/per_image/682_z23/overview.pdf,results/682_z23/3_publication_figures/682_z23_figure_overview.pdf
figures_out/per_image/682_z23/overview.png,results/682_z23/3_publication_figures/682_z23_figure_overview.png
results/682_z23c-2/canaliculi_verification.png,results/682_z23/2_canaliculi/682_z23_canaliculi_verification.png
figures_out/per_image/682_z23/display_variants/gallery_image_window.png,results/682_z23/4_archive_not_used/variants_per_image_brightness/682_z23_figure_cell_gallery_per_image_brightness.png
figures_out/per_image/682_z23/display_variants/network_image_window.png,results/682_z23/4_archive_not_used/variants_per_image_brightness/682_z23_figure_network_per_image_brightness.png
figures_out/per_image/682_z23/display_variants/overview_image_window.png,results/682_z23/4_archive_not_used/variants_per_image_brightness/682_z23_figure_overview_per_image_brightness.png
figures_out/per_image/682_z23/display_variants/display_window.json,results/682_z23/4_archive_not_used/variants_per_image_brightness/display_window_this_image.json
results/682_z29c1-3/lacunae_overlay.png,results/682_z29/1_lacunae/682_z29_lacunae_outlines.png
results/682_z29c1-3/lacunae.json,results/682_z29/1_lacunae/682_z29_lacunae_results.json
results/682_z29c1-3/lacunae.xlsx,results/682_z29/1_lacunae/682_z29_lacunae_results.xlsx
results/682_z29c1-3/canaliculi_mask.png,results/682_z29/2_canaliculi/682_z29_canaliculi_mask.png
results/682_z29c1-3/canaliculi_measurements.json,results/682_z29/2_canaliculi/682_z29_canaliculi_results.json
results/682_z29c1-3/canaliculi_measurements.xlsx,results/682_z29/2_canaliculi/682_z29_canaliculi_results.xlsx
results/682_z29c1-3/canaliculi_skeleton.png,results/682_z29/2_canaliculi/682_z29_canaliculi_skeleton.png
figures_out/per_image/682_z29/gallery.pdf,results/682_z29/3_publication_figures/682_z29_figure_cell_gallery.pdf
figures_out/per_image/682_z29/gallery.png,results/682_z29/3_publication_figures/682_z29_figure_cell_gallery.png
figures_out/per_image/682_z29/gallery_check.json,results/682_z29/3_publication_figures/682_z29_figure_cell_gallery_checks.json
figures_out/per_image/682_z29/inset.json,results/682_z29/3_publication_figures/682_z29_figure_inset_choice.json
figures_out/per_image/682_z29/network.pdf,results/682_z29/3_publication_figures/682_z29_figure_network.pdf
figures_out/per_image/682_z29/network.png,results/682_z29/3_publication_figures/682_z29_figure_network.png
figures_out/per_image/682_z29/network_check.json,results/682_z29/3_publication_figures/682_z29_figure_network_checks.json
figures_out/per_image/682_z29/overview.pdf,results/682_z29/3_publication_figures/682_z29_figure_overview.pdf
figures_out/per_image/682_z29/overview.png,results/682_z29/3_publication_figures/682_z29_figure_overview.png
results/682_z29c1-3/canaliculi_verification.png,results/682_z29/2_canaliculi/682_z29_canaliculi_verification.png
figures_out/per_image/682_z29/display_variants/gallery_image_window.png,results/682_z29/4_archive_not_used/variants_per_image_brightness/682_z29_figure_cell_gallery_per_image_brightness.png
figures_out/per_image/682_z29/display_variants/network_image_window.png,results/682_z29/4_archive_not_used/variants_per_image_brightness/682_z29_figure_network_per_image_brightness.png
figures_out/per_image/682_z29/display_variants/overview_image_window.png,results/682_z29/4_archive_not_used/variants_per_image_brightness/682_z29_figure_overview_per_image_brightness.png
figures_out/per_image/682_z29/display_variants/display_window.json,results/682_z29/4_archive_not_used/variants_per_image_brightness/display_window_this_image.json
figures_out/supplement/S03_contact_sheet_coded.pdf,results/all_images/archive_not_used/S03_contact_sheet_coded.pdf
figures_out/supplement/S03_contact_sheet_coded.png,results/all_images/archive_not_used/S03_contact_sheet_coded.png
figures_out/display_window.json,results/all_images/figures/display_window.json
figures_out/main/Fig01_contact_sheet.pdf,results/all_images/figures/main/Fig01_contact_sheet.pdf
figures_out/main/Fig01_contact_sheet.png,results/all_images/figures/main/Fig01_contact_sheet.png
figures_out/per_image/543-2/network.pdf,results/all_images/figures/main/Fig02_network_overlay_543-2.pdf
figures_out/per_image/543-2/network.png,results/all_images/figures/main/Fig02_network_overlay_543-2.png
figures_out/main/Fig03_threshold_sensitivity.pdf,results/all_images/figures/main/Fig03_threshold_sensitivity.pdf
figures_out/main/Fig03_threshold_sensitivity.png,results/all_images/figures/main/Fig03_threshold_sensitivity.png
figures_out/main/Fig03_threshold_sensitivity_counts.json,results/all_images/figures/main/Fig03_threshold_sensitivity_counts.json
figures_out/main/Fig04_per_field.pdf,results/all_images/figures/main/Fig04_per_field.pdf
figures_out/main/Fig04_per_field.png,results/all_images/figures/main/Fig04_per_field.png
figures_out/main/Fig04_per_field_merged.pdf,results/all_images/figures/main/Fig04_per_field_merged.pdf
figures_out/main/Fig04_per_field_merged.png,results/all_images/figures/main/Fig04_per_field_merged.png
figures_out/main/Fig04_per_field_merged_values.json,results/all_images/figures/main/Fig04_per_field_merged_values.json
figures_out/main/Fig04_per_field_values.json,results/all_images/figures/main/Fig04_per_field_values.json
figures_out/supplement/S01_switch_examples.pdf,results/all_images/figures/supplement/S01_switch_examples.pdf
figures_out/supplement/S01_switch_examples.png,results/all_images/figures/supplement/S01_switch_examples.png
figures_out/supplement/S01_switch_examples_values.json,results/all_images/figures/supplement/S01_switch_examples_values.json
figures_out/supplement/S02_contact_sheet_with_rejected_candidates.pdf,results/all_images/figures/supplement/S02_contact_sheet_with_rejected_candidates.pdf
figures_out/supplement/S02_contact_sheet_with_rejected_candidates.png,results/all_images/figures/supplement/S02_contact_sheet_with_rejected_candidates.png
results/summary_table.csv,results/all_images/summary_all_images.csv
results/summary_table.xlsx,results/all_images/summary_all_images.xlsx
figures_out/validation_tiles/README.md,results/validation_tiles/README.md
figures_out/validation_tiles/T001.png,results/validation_tiles/T001.png
figures_out/validation_tiles/T002.png,results/validation_tiles/T002.png
figures_out/validation_tiles/T003.png,results/validation_tiles/T003.png
figures_out/validation_tiles/T004.png,results/validation_tiles/T004.png
figures_out/validation_tiles/T005.png,results/validation_tiles/T005.png
figures_out/validation_tiles/T006.png,results/validation_tiles/T006.png
figures_out/validation_tiles/T007.png,results/validation_tiles/T007.png
figures_out/validation_tiles/T008.png,results/validation_tiles/T008.png
figures_out/validation_tiles/T009.png,results/validation_tiles/T009.png
figures_out/validation_tiles/T010.png,results/validation_tiles/T010.png
figures_out/validation_tiles/T011.png,results/validation_tiles/T011.png
figures_out/validation_tiles/T012.png,results/validation_tiles/T012.png
figures_out/validation_tiles/T013.png,results/validation_tiles/T013.png
figures_out/validation_tiles/T014.png,results/validation_tiles/T014.png
figures_out/validation_tiles/T015.png,results/validation_tiles/T015.png
figures_out/validation_tiles/T016.png,results/validation_tiles/T016.png
figures_out/validation_tiles/T017.png,results/validation_tiles/T017.png
figures_out/validation_tiles/T018.png,results/validation_tiles/T018.png
figures_out/validation_tiles/T019.png,results/validation_tiles/T019.png
figures_out/validation_tiles/T020.png,results/validation_tiles/T020.png
figures_out/validation_tiles/T021.png,results/validation_tiles/T021.png
figures_out/validation_tiles/T022.png,results/validation_tiles/T022.png
figures_out/validation_tiles/T023.png,results/validation_tiles/T023.png
figures_out/validation_tiles/T024.png,results/validation_tiles/T024.png
figures_out/validation_tiles/T025.png,results/validation_tiles/T025.png
figures_out/validation_tiles/T026.png,results/validation_tiles/T026.png
figures_out/validation_tiles/T027.png,results/validation_tiles/T027.png
figures_out/validation_tiles/T028.png,results/validation_tiles/T028.png
figures_out/validation_tiles/T029.png,results/validation_tiles/T029.png
figures_out/validation_tiles/T030.png,results/validation_tiles/T030.png
figures_out/validation_tiles/T031.png,results/validation_tiles/T031.png
figures_out/validation_tiles/T032.png,results/validation_tiles/T032.png
figures_out/validation_tiles/T033.png,results/validation_tiles/T033.png
figures_out/validation_tiles/T034.png,results/validation_tiles/T034.png
figures_out/validation_tiles/T035.png,results/validation_tiles/T035.png
figures_out/validation_tiles/T036.png,results/validation_tiles/T036.png
figures_out/validation_tiles/T037.png,results/validation_tiles/T037.png
figures_out/validation_tiles/T038.png,results/validation_tiles/T038.png
figures_out/validation_tiles/T039.png,results/validation_tiles/T039.png
figures_out/validation_tiles/T040.png,results/validation_tiles/T040.png
figures_out/validation_tiles/T041.png,results/validation_tiles/T041.png
figures_out/validation_tiles/T042.png,results/validation_tiles/T042.png
figures_out/validation_tiles/T043.png,results/validation_tiles/T043.png
figures_out/validation_tiles/T044.png,results/validation_tiles/T044.png
figures_out/validation_tiles/T045.png,results/validation_tiles/T045.png
figures_out/validation_tiles/T046.png,results/validation_tiles/T046.png
figures_out/validation_tiles/T047.png,results/validation_tiles/T047.png
figures_out/validation_tiles/T048.png,results/validation_tiles/T048.png
figures_out/validation_tiles/T049.png,results/validation_tiles/T049.png
figures_out/validation_tiles/T050.png,results/validation_tiles/T050.png
figures_out/validation_tiles/T051.png,results/validation_tiles/T051.png
figures_out/validation_tiles/T052.png,results/validation_tiles/T052.png
figures_out/validation_tiles/T053.png,results/validation_tiles/T053.png
figures_out/validation_tiles/T054.png,results/validation_tiles/T054.png
figures_out/validation_tiles/T055.png,results/validation_tiles/T055.png
figures_out/validation_tiles/T056.png,results/validation_tiles/T056.png
figures_out/validation_tiles/T057.png,results/validation_tiles/T057.png
figures_out/validation_tiles/T058.png,results/validation_tiles/T058.png
figures_out/validation_tiles/T059.png,results/validation_tiles/T059.png
figures_out/validation_tiles/T060.png,results/validation_tiles/T060.png
figures_out/validation_tiles/T061.png,results/validation_tiles/T061.png
figures_out/validation_tiles/T062.png,results/validation_tiles/T062.png
figures_out/validation_tiles/T063.png,results/validation_tiles/T063.png
figures_out/validation_tiles/T064.png,results/validation_tiles/T064.png
figures_out/validation_tiles/T065.png,results/validation_tiles/T065.png
figures_out/validation_tiles/T066.png,results/validation_tiles/T066.png
figures_out/validation_tiles/T067.png,results/validation_tiles/T067.png
figures_out/validation_tiles/T068.png,results/validation_tiles/T068.png
figures_out/validation_tiles/T069.png,results/validation_tiles/T069.png
figures_out/validation_tiles/T070.png,results/validation_tiles/T070.png
figures_out/validation_tiles/T071.png,results/validation_tiles/T071.png
figures_out/validation_tiles/T072.png,results/validation_tiles/T072.png
figures_out/validation_tiles/T073.png,results/validation_tiles/T073.png
figures_out/validation_tiles/T074.png,results/validation_tiles/T074.png
figures_out/validation_tiles/T075.png,results/validation_tiles/T075.png
figures_out/validation_tiles/T076.png,results/validation_tiles/T076.png
figures_out/validation_tiles/T077.png,results/validation_tiles/T077.png
figures_out/validation_tiles/T078.png,results/validation_tiles/T078.png
figures_out/validation_tiles/T079.png,results/validation_tiles/T079.png
figures_out/validation_tiles/T080.png,results/validation_tiles/T080.png
figures_out/validation_tiles/T081.png,results/validation_tiles/T081.png
figures_out/validation_tiles/T082.png,results/validation_tiles/T082.png
figures_out/validation_tiles/T083.png,results/validation_tiles/T083.png
figures_out/validation_tiles/T084.png,results/validation_tiles/T084.png
figures_out/validation_tiles/T085.png,results/validation_tiles/T085.png
figures_out/validation_tiles/T086.png,results/validation_tiles/T086.png
figures_out/validation_tiles/annotation_template.csv,results/validation_tiles/annotation_template.csv
