image,channel,profile,period_px,power_over_local_median,noise_expected_max,period4_power_over_local_median,detrended_sd_grey,fold4_x_pp_grey,fold4_y_pp_grey,fold2_x_pp_grey,fold2_y_pp_grey,bin_x4_power_over_local_median,bin_y4_power_over_local_median,bin_x2_power_over_local_median,bin_y2_power_over_local_median
542_z06,raw_red,row_means,4.53,15.1,9.0,10.0,2.952,0.163,0.038,0.105,0.007,25.6,7.7,489.9,0.1
542_z06,raw_red,column_means,4.0,16.9,9.0,16.9,4.48,0.163,0.038,0.105,0.007,25.6,7.7,489.9,0.1
542_z06,preprocessed,row_means,2.0,8.7,9.0,4.3,2.873,0.051,0.024,0.008,0.003,8.3,2.2,9.0,0.3
542_z06,preprocessed,column_means,4.0,12.1,9.0,12.1,2.281,0.051,0.024,0.008,0.003,8.3,2.2,9.0,0.3
542_z18,raw_red,row_means,3.34,10.6,9.0,7.7,2.555,0.156,0.026,0.106,0.001,29.6,6.6,362.3,1.0
542_z18,raw_red,column_means,4.0,28.8,9.0,28.8,3.24,0.156,0.026,0.106,0.001,29.6,6.6,362.3,1.0
542_z18,preprocessed,row_means,3.32,20.3,9.0,1.6,2.644,0.035,0.012,0.013,0.0,8.0,3.3,13.1,1.2
542_z18,preprocessed,column_means,2.16,7.3,9.0,4.0,1.79,0.035,0.012,0.013,0.0,8.0,3.3,13.1,1.2
543-2,raw_red,row_means,4.0,18.7,9.0,18.7,1.259,0.136,0.032,0.098,0.012,9.7,12.0,297.2,0.0
543-2,raw_red,column_means,4.0,14.6,9.0,14.6,1.638,0.136,0.032,0.098,0.012,9.7,12.0,297.2,0.0
543-2,preprocessed,row_means,3.37,9.0,9.0,3.3,2.187,0.073,0.02,0.016,0.005,6.2,3.6,43.6,1.6
543-2,preprocessed,column_means,4.97,11.4,9.0,9.2,1.679,0.073,0.02,0.016,0.005,6.2,3.6,43.6,1.6
543_3,raw_red,row_means,3.54,27.1,9.0,5.8,1.396,0.149,0.028,0.114,0.007,10.7,5.1,360.5,0.0
543_3,raw_red,column_means,37.93,12.2,9.0,9.9,1.513,0.149,0.028,0.114,0.007,10.7,5.1,360.5,0.0
543_3,preprocessed,row_means,20.08,10.4,9.0,1.3,2.51,0.049,0.027,0.026,0.003,3.2,0.8,50.0,0.7
543_3,preprocessed,column_means,9.85,8.0,9.0,2.9,1.73,0.049,0.027,0.026,0.003,3.2,0.8,50.0,0.7
543_z13,raw_red,row_means,8.19,10.8,9.0,4.8,1.417,0.153,0.024,0.105,0.004,12.8,2.4,292.7,2.0
543_z13,raw_red,column_means,4.0,38.6,9.0,38.6,1.65,0.153,0.024,0.105,0.004,12.8,2.4,292.7,2.0
543_z13,preprocessed,row_means,2.01,20.1,9.0,1.1,2.108,0.053,0.016,0.016,0.003,5.4,2.3,35.1,0.8
543_z13,preprocessed,column_means,4.0,20.8,9.0,20.8,1.305,0.053,0.016,0.016,0.003,5.4,2.3,35.1,0.8
682_z08,raw_red,row_means,2.03,13.0,9.0,3.1,2.532,0.146,0.031,0.101,0.017,23.4,3.8,533.1,0.4
682_z08,raw_red,column_means,4.0,36.8,9.0,36.8,1.994,0.146,0.031,0.101,0.017,23.4,3.8,533.1,0.4
682_z08,preprocessed,row_means,3.19,13.8,9.0,1.0,1.571,0.033,0.017,0.017,0.008,1.0,1.9,30.0,1.4
682_z08,preprocessed,column_means,4.68,12.9,9.0,8.7,2.204,0.033,0.017,0.017,0.008,1.0,1.9,30.0,1.4
682_z23,raw_red,row_means,2.01,6.9,9.0,5.5,2.307,0.152,0.044,0.105,0.006,18.7,2.2,871.4,0.4
682_z23,raw_red,column_means,28.44,26.9,9.0,14.7,2.009,0.152,0.044,0.105,0.006,18.7,2.2,871.4,0.4
682_z23,preprocessed,row_means,7.47,7.3,9.0,5.4,1.32,0.034,0.03,0.007,0.005,7.1,3.1,8.3,0.4
682_z23,preprocessed,column_means,28.44,26.2,9.0,1.3,2.303,0.034,0.03,0.007,0.005,7.1,3.1,8.3,0.4
682_z29,raw_red,row_means,8.13,11.1,9.0,5.1,1.853,0.154,0.032,0.107,0.001,18.7,0.5,756.1,1.0
682_z29,raw_red,column_means,4.0,22.2,9.0,22.2,1.903,0.154,0.032,0.107,0.001,18.7,0.5,756.1,1.0
682_z29,preprocessed,row_means,8.13,12.5,9.0,1.6,1.146,0.028,0.024,0.01,0.005,5.3,3.2,17.1,0.0
682_z29,preprocessed,column_means,34.13,7.2,9.0,3.4,1.885,0.028,0.024,0.01,0.005,5.3,3.2,17.1,0.0
