region,period_px,wave_angle_deg,power_over_local_median
lattice raw,31.14,85.3,17.8
lattice raw,19.23,90.0,17.5
lattice raw,4.54,74.1,16.2
lattice raw,2.68,62.7,15.1
lattice raw,2.74,102.5,14.6
control raw,1.76,142.1,15.9
control raw,1.86,127.3,14.0
control raw,9.09,49.8,13.7
control raw,2.97,26.9,13.5
control raw,2.03,16.0,12.8
lattice preprocessed,1.57,141.5,17.7
lattice preprocessed,1.78,42.1,15.1
lattice preprocessed,1.77,120.0,14.8
lattice preprocessed,1.64,127.3,14.2
lattice preprocessed,3.03,79.0,13.9
control preprocessed,2.16,2.0,16.7
control preprocessed,2.94,10.8,14.4
control preprocessed,9.09,49.8,14.3
control preprocessed,1.77,131.2,13.4
control preprocessed,1.98,134.6,13.2
