image,tile_x0,tile_y0,skeleton_px,axis_run_px,diag_run_px,share_axis_hv,share_diag
542_z06,0,0,402,105,0,0.26119402985074625,0.0
542_z06,128,0,453,100,16,0.22075055187637968,0.03532008830022075
542_z06,256,0,466,53,29,0.11373390557939914,0.06223175965665236
542_z06,384,0,433,91,8,0.21016166281755197,0.018475750577367205
542_z06,512,0,570,111,8,0.19473684210526315,0.014035087719298246
542_z06,640,0,628,133,8,0.21178343949044587,0.012738853503184714
542_z06,768,0,636,109,36,0.17138364779874213,0.05660377358490566
542_z06,896,0,655,202,0,0.3083969465648855,0.0
542_z06,0,128,267,56,0,0.20973782771535582,0.0
542_z06,128,128,571,139,22,0.2434325744308231,0.03852889667250438
542_z06,256,128,485,102,8,0.21030927835051547,0.016494845360824743
542_z06,384,128,655,110,10,0.16793893129770993,0.015267175572519083
542_z06,512,128,558,95,8,0.17025089605734767,0.014336917562724014
542_z06,640,128,698,185,12,0.26504297994269344,0.017191977077363897
542_z06,768,128,543,98,12,0.18047882136279927,0.022099447513812154
542_z06,896,128,707,206,9,0.2913719943422914,0.01272984441301273
542_z06,0,256,377,93,0,0.246684350132626,0.0
542_z06,128,256,474,105,16,0.22151898734177214,0.03375527426160337
542_z06,256,256,526,95,38,0.1806083650190114,0.07224334600760456
542_z06,384,256,599,116,39,0.19365609348914858,0.0651085141903172
542_z06,512,256,424,83,0,0.1957547169811321,0.0
542_z06,640,256,554,127,0,0.2292418772563177,0.0
542_z06,768,256,684,176,18,0.2573099415204678,0.02631578947368421
542_z06,896,256,750,214,9,0.2853333333333333,0.012
542_z06,0,384,280,34,0,0.12142857142857143,0.0
542_z06,128,384,505,140,8,0.27722772277227725,0.015841584158415842
542_z06,256,384,543,114,8,0.20994475138121546,0.014732965009208104
542_z06,384,384,661,130,9,0.19667170953101362,0.01361573373676248
542_z06,512,384,479,99,10,0.20668058455114824,0.020876826722338204
542_z06,640,384,640,247,0,0.3859375,0.0
542_z06,768,384,679,208,10,0.30633284241531666,0.014727540500736377
542_z06,896,384,870,239,0,0.2747126436781609,0.0
542_z06,0,512,579,96,14,0.16580310880829016,0.024179620034542316
542_z06,128,512,583,172,22,0.2950257289879931,0.03773584905660377
542_z06,256,512,497,82,0,0.16498993963782696,0.0
542_z06,384,512,543,108,22,0.19889502762430938,0.040515653775322284
542_z06,512,512,652,139,12,0.21319018404907975,0.018404907975460124
542_z06,640,512,407,89,28,0.21867321867321868,0.0687960687960688
542_z06,768,512,571,115,16,0.20140105078809106,0.028021015761821366
542_z06,896,512,591,85,0,0.14382402707275804,0.0
542_z06,0,640,521,127,9,0.2437619961612284,0.01727447216890595
542_z06,128,640,254,26,28,0.10236220472440945,0.11023622047244094
542_z06,256,640,651,144,8,0.22119815668202766,0.01228878648233487
542_z06,384,640,465,108,9,0.23225806451612904,0.01935483870967742
542_z06,512,640,503,176,12,0.3499005964214712,0.02385685884691849
542_z06,640,640,593,121,26,0.20404721753794267,0.04384485666104553
542_z06,768,640,743,195,2,0.26244952893674295,0.0026917900403768506
542_z06,896,640,782,230,18,0.29411764705882354,0.023017902813299233
542_z06,0,768,474,89,2,0.1877637130801688,0.004219409282700422
542_z06,128,768,497,112,39,0.22535211267605634,0.07847082494969819
542_z06,256,768,514,92,9,0.17898832684824903,0.017509727626459144
542_z06,384,768,566,152,10,0.26855123674911663,0.0176678445229682
542_z06,512,768,590,204,29,0.34576271186440677,0.04915254237288136
542_z06,640,768,428,86,0,0.20093457943925233,0.0
542_z06,768,768,608,64,56,0.10526315789473684,0.09210526315789473
542_z06,896,768,463,105,26,0.2267818574514039,0.056155507559395246
542_z06,0,896,334,32,50,0.09580838323353294,0.1497005988023952
542_z06,128,896,588,107,22,0.18197278911564627,0.03741496598639456
542_z06,256,896,584,109,16,0.18664383561643835,0.0273972602739726
542_z06,384,896,496,181,8,0.3649193548387097,0.016129032258064516
542_z06,512,896,567,181,16,0.31922398589065254,0.02821869488536155
542_z06,640,896,482,150,0,0.3112033195020747,0.0
542_z06,768,896,640,149,30,0.2328125,0.046875
542_z06,896,896,426,92,16,0.215962441314554,0.03755868544600939
542_z18,0,0,150,25,0,0.16666666666666666,0.0
542_z18,128,0,556,82,24,0.1474820143884892,0.04316546762589928
542_z18,256,0,468,64,19,0.13675213675213677,0.0405982905982906
542_z18,384,0,489,117,0,0.2392638036809816,0.0
542_z18,512,0,474,62,0,0.1308016877637131,0.0
542_z18,640,0,617,106,12,0.17179902755267423,0.019448946515397084
542_z18,768,0,789,175,19,0.2217997465145754,0.024081115335868188
542_z18,896,0,585,146,9,0.24957264957264957,0.015384615384615385
542_z18,0,128,434,114,11,0.2626728110599078,0.02534562211981567
542_z18,128,128,537,113,31,0.21042830540037244,0.05772811918063315
542_z18,256,128,312,43,8,0.13782051282051283,0.02564102564102564
542_z18,384,128,600,117,16,0.195,0.02666666666666667
542_z18,512,128,517,121,20,0.23404255319148937,0.03868471953578337
542_z18,640,128,715,181,0,0.25314685314685315,0.0
542_z18,768,128,478,43,11,0.0899581589958159,0.02301255230125523
542_z18,896,128,696,188,8,0.27011494252873564,0.011494252873563218
542_z18,0,256,344,48,9,0.13953488372093023,0.02616279069767442
542_z18,128,256,808,188,2,0.23267326732673269,0.0024752475247524753
542_z18,256,256,646,90,17,0.1393188854489164,0.02631578947368421
542_z18,384,256,508,94,16,0.18503937007874016,0.031496062992125984
542_z18,512,256,650,96,16,0.1476923076923077,0.024615384615384615
542_z18,640,256,586,122,19,0.20819112627986347,0.032423208191126277
542_z18,768,256,662,197,31,0.297583081570997,0.04682779456193353
542_z18,896,256,759,162,33,0.2134387351778656,0.043478260869565216
542_z18,0,384,291,32,18,0.10996563573883161,0.061855670103092786
542_z18,128,384,490,120,0,0.24489795918367346,0.0
542_z18,256,384,553,51,17,0.0922242314647378,0.03074141048824593
542_z18,384,384,573,127,9,0.22164048865619546,0.015706806282722512
542_z18,512,384,521,156,0,0.29942418426103645,0.0
542_z18,640,384,677,172,26,0.25406203840472674,0.03840472673559823
542_z18,768,384,601,146,17,0.24292845257903495,0.028286189683860232
542_z18,896,384,749,175,9,0.2336448598130841,0.012016021361815754
542_z18,0,512,392,147,11,0.375,0.02806122448979592
542_z18,128,512,500,118,13,0.236,0.026
542_z18,256,512,484,58,16,0.11983471074380166,0.03305785123966942
542_z18,384,512,523,74,19,0.14149139579349904,0.036328871892925434
542_z18,512,512,632,182,24,0.2879746835443038,0.0379746835443038
542_z18,640,512,530,136,18,0.25660377358490566,0.033962264150943396
542_z18,768,512,555,123,0,0.22162162162162163,0.0
542_z18,896,512,458,100,0,0.2183406113537118,0.0
542_z18,0,640,494,115,9,0.23279352226720648,0.018218623481781375
542_z18,128,640,476,41,5,0.0861344537815126,0.01050420168067227
542_z18,256,640,374,60,17,0.16042780748663102,0.045454545454545456
542_z18,384,640,575,160,18,0.2782608695652174,0.03130434782608696
542_z18,512,640,651,178,1,0.27342549923195086,0.0015360983102918587
542_z18,640,640,389,119,8,0.3059125964010283,0.02056555269922879
542_z18,768,640,692,206,16,0.2976878612716763,0.023121387283236993
542_z18,896,640,758,136,17,0.17941952506596306,0.022427440633245383
542_z18,0,768,428,111,10,0.25934579439252337,0.02336448598130841
542_z18,128,768,390,68,14,0.17435897435897435,0.035897435897435895
542_z18,256,768,662,98,27,0.14803625377643503,0.04078549848942598
542_z18,384,768,478,112,18,0.23430962343096234,0.03765690376569038
542_z18,512,768,650,137,36,0.21076923076923076,0.055384615384615386
542_z18,640,768,506,118,9,0.233201581027668,0.017786561264822136
542_z18,768,768,668,149,20,0.22305389221556887,0.029940119760479042
542_z18,896,768,618,123,16,0.19902912621359223,0.025889967637540454
542_z18,0,896,476,108,17,0.226890756302521,0.03571428571428571
542_z18,128,896,466,101,13,0.2167381974248927,0.027896995708154508
542_z18,256,896,310,49,18,0.15806451612903225,0.05806451612903226
542_z18,384,896,399,67,21,0.16791979949874686,0.05263157894736842
542_z18,512,896,607,162,26,0.26688632619439867,0.042833607907743
542_z18,640,896,508,137,8,0.26968503937007876,0.015748031496062992
542_z18,768,896,428,106,9,0.24766355140186916,0.02102803738317757
542_z18,896,896,413,76,11,0.18401937046004843,0.026634382566585957
543-2,0,0,662,91,8,0.13746223564954682,0.012084592145015106
543-2,128,0,716,123,0,0.1717877094972067,0.0
543-2,256,0,822,97,10,0.11800486618004866,0.012165450121654502
543-2,384,0,768,202,17,0.2630208333333333,0.022135416666666668
543-2,512,0,832,154,0,0.18509615384615385,0.0
543-2,640,0,806,231,29,0.2866004962779156,0.03598014888337469
543-2,768,0,851,259,24,0.30434782608695654,0.0282021151586369
543-2,896,0,970,333,0,0.34329896907216495,0.0
543-2,0,128,559,118,17,0.2110912343470483,0.03041144901610018
543-2,128,128,731,122,17,0.16689466484268126,0.023255813953488372
543-2,256,128,833,132,8,0.15846338535414164,0.009603841536614645
543-2,384,128,727,116,38,0.15955983493810177,0.052269601100412656
543-2,512,128,454,102,1,0.22466960352422907,0.0022026431718061676
543-2,640,128,601,212,0,0.3527454242928453,0.0
543-2,768,128,770,252,10,0.32727272727272727,0.012987012987012988
543-2,896,128,708,149,8,0.21045197740112995,0.011299435028248588
543-2,0,256,506,102,21,0.2015810276679842,0.041501976284584984
543-2,128,256,781,144,8,0.18437900128040974,0.010243277848911651
543-2,256,256,738,127,16,0.17208672086720866,0.02168021680216802
543-2,384,256,741,158,17,0.21322537112010798,0.022941970310391364
543-2,512,256,613,88,28,0.14355628058727568,0.04567699836867863
543-2,640,256,502,48,0,0.09561752988047809,0.0
543-2,768,256,549,158,14,0.2877959927140255,0.025500910746812388
543-2,896,256,845,87,38,0.10295857988165681,0.04497041420118343
543-2,0,384,422,82,0,0.1943127962085308,0.0
543-2,128,384,590,141,0,0.23898305084745763,0.0
543-2,256,384,606,110,18,0.18151815181518152,0.0297029702970297
543-2,384,384,515,112,21,0.2174757281553398,0.040776699029126215
543-2,512,384,616,91,8,0.14772727272727273,0.012987012987012988
543-2,640,384,383,38,24,0.09921671018276762,0.06266318537859007
543-2,768,384,861,229,28,0.2659698025551684,0.032520325203252036
543-2,896,384,832,130,19,0.15625,0.02283653846153846
543-2,0,512,550,174,0,0.31636363636363635,0.0
543-2,128,512,572,73,20,0.12762237762237763,0.03496503496503497
543-2,256,512,840,176,16,0.20952380952380953,0.01904761904761905
543-2,384,512,821,152,10,0.1851400730816078,0.012180267965895249
543-2,512,512,775,122,20,0.15741935483870967,0.025806451612903226
543-2,640,512,929,155,0,0.1668460710441335,0.0
543-2,768,512,518,83,17,0.16023166023166024,0.032818532818532815
543-2,896,512,939,189,23,0.2012779552715655,0.024494142705005325
543-2,0,640,662,121,0,0.18277945619335348,0.0
543-2,128,640,567,134,9,0.23633156966490299,0.015873015873015872
543-2,256,640,672,79,9,0.11755952380952381,0.013392857142857142
543-2,384,640,696,170,36,0.2442528735632184,0.05172413793103448
543-2,512,640,632,138,25,0.21835443037974683,0.03955696202531646
543-2,640,640,716,122,0,0.17039106145251395,0.0
543-2,768,640,706,208,8,0.29461756373937675,0.0113314447592068
543-2,896,640,883,218,0,0.24688561721404303,0.0
543-2,0,768,716,108,50,0.15083798882681565,0.06983240223463687
543-2,128,768,713,90,13,0.12622720897615708,0.0182328190743338
543-2,256,768,494,85,0,0.1720647773279352,0.0
543-2,384,768,708,118,31,0.16666666666666666,0.043785310734463276
543-2,512,768,797,188,16,0.23588456712672523,0.020075282308657464
543-2,640,768,979,217,19,0.2216547497446374,0.01940755873340143
543-2,768,768,812,182,9,0.22413793103448276,0.011083743842364532
543-2,896,768,699,92,28,0.13161659513590845,0.04005722460658083
543-2,0,896,633,201,9,0.3175355450236967,0.014218009478672985
543-2,128,896,646,114,2,0.17647058823529413,0.0030959752321981426
543-2,256,896,812,154,13,0.1896551724137931,0.01600985221674877
543-2,384,896,845,213,4,0.25207100591715975,0.004733727810650888
543-2,512,896,876,241,16,0.2751141552511416,0.0182648401826484
543-2,640,896,972,229,29,0.23559670781893005,0.029835390946502057
543-2,768,896,859,184,43,0.21420256111757857,0.050058207217694994
543-2,896,896,836,164,25,0.19617224880382775,0.029904306220095694
543_3,0,0,518,61,9,0.11776061776061776,0.017374517374517374
543_3,128,0,759,56,13,0.07378129117259552,0.017127799736495388
543_3,256,0,504,70,10,0.1388888888888889,0.01984126984126984
543_3,384,0,741,89,15,0.12010796221322537,0.020242914979757085
543_3,512,0,696,105,24,0.15086206896551724,0.034482758620689655
543_3,640,0,928,212,0,0.22844827586206898,0.0
543_3,768,0,940,191,9,0.20319148936170212,0.009574468085106383
543_3,896,0,954,275,16,0.2882599580712788,0.016771488469601678
543_3,0,128,822,130,24,0.15815085158150852,0.029197080291970802
543_3,128,128,794,115,0,0.14483627204030228,0.0
543_3,256,128,818,186,17,0.2273838630806846,0.02078239608801956
543_3,384,128,783,169,16,0.21583652618135377,0.020434227330779056
543_3,512,128,745,105,16,0.14093959731543623,0.021476510067114093
543_3,640,128,542,147,2,0.27121771217712176,0.0036900369003690036
543_3,768,128,691,185,0,0.26772793053545585,0.0
543_3,896,128,636,88,8,0.13836477987421383,0.012578616352201259
543_3,0,256,537,196,0,0.3649906890130354,0.0
543_3,128,256,616,100,8,0.16233766233766234,0.012987012987012988
543_3,256,256,572,151,29,0.263986013986014,0.050699300699300696
543_3,384,256,624,132,16,0.21153846153846154,0.02564102564102564
543_3,512,256,830,143,18,0.172289156626506,0.021686746987951807
543_3,640,256,546,94,18,0.17216117216117216,0.03296703296703297
543_3,768,256,683,151,0,0.22108345534407028,0.0
543_3,896,256,939,141,17,0.1501597444089457,0.01810436634717785
543_3,0,384,660,131,33,0.1984848484848485,0.05
543_3,128,384,696,150,8,0.21551724137931033,0.011494252873563218
543_3,256,384,700,151,9,0.21571428571428572,0.012857142857142857
543_3,384,384,545,81,8,0.14862385321100918,0.014678899082568808
543_3,512,384,629,117,4,0.18600953895071543,0.006359300476947536
543_3,640,384,591,62,25,0.10490693739424704,0.04230118443316413
543_3,768,384,965,192,9,0.19896373056994818,0.00932642487046632
543_3,896,384,897,163,43,0.18171683389074694,0.04793756967670011
543_3,0,512,695,143,19,0.20575539568345325,0.027338129496402876
543_3,128,512,551,72,0,0.1306715063520871,0.0
543_3,256,512,744,153,9,0.2056451612903226,0.012096774193548387
543_3,384,512,840,239,0,0.2845238095238095,0.0
543_3,512,512,762,95,4,0.12467191601049869,0.005249343832020997
543_3,640,512,705,151,29,0.21418439716312057,0.04113475177304964
543_3,768,512,641,126,16,0.19656786271450857,0.0249609984399376
543_3,896,512,1020,181,39,0.17745098039215687,0.03823529411764706
543_3,0,640,415,121,0,0.29156626506024097,0.0
543_3,128,640,573,150,0,0.2617801047120419,0.0
543_3,256,640,712,139,19,0.1952247191011236,0.026685393258426966
543_3,384,640,621,137,0,0.22061191626409019,0.0
543_3,512,640,572,103,16,0.18006993006993008,0.027972027972027972
543_3,640,640,700,208,8,0.29714285714285715,0.011428571428571429
543_3,768,640,728,132,26,0.1813186813186813,0.03571428571428571
543_3,896,640,866,170,29,0.19630484988452657,0.03348729792147806
543_3,0,768,823,146,8,0.17739975698663427,0.009720534629404616
543_3,128,768,746,185,20,0.2479892761394102,0.02680965147453083
543_3,256,768,574,81,5,0.14111498257839722,0.008710801393728223
543_3,384,768,513,110,24,0.21442495126705652,0.04678362573099415
543_3,512,768,924,220,0,0.23809523809523808,0.0
543_3,640,768,929,243,4,0.26157158234660927,0.004305705059203444
543_3,768,768,756,147,25,0.19444444444444445,0.03306878306878307
543_3,896,768,861,68,26,0.07897793263646923,0.030197444831591175
543_3,0,896,745,153,0,0.20536912751677852,0.0
543_3,128,896,797,188,10,0.23588456712672523,0.012547051442910916
543_3,256,896,868,164,8,0.1889400921658986,0.009216589861751152
543_3,384,896,534,101,0,0.1891385767790262,0.0
543_3,512,896,799,180,11,0.22528160200250313,0.01376720901126408
543_3,640,896,740,179,14,0.2418918918918919,0.01891891891891892
543_3,768,896,849,261,31,0.30742049469964666,0.03651354534746761
543_3,896,896,916,185,6,0.2019650655021834,0.006550218340611353
543_z13,0,0,532,16,4,0.03007518796992481,0.007518796992481203
543_z13,128,0,653,55,38,0.08422664624808576,0.05819295558958652
543_z13,256,0,842,90,8,0.10688836104513064,0.009501187648456057
543_z13,384,0,761,244,26,0.32063074901445465,0.03416557161629435
543_z13,512,0,880,113,31,0.12840909090909092,0.035227272727272725
543_z13,640,0,876,189,26,0.21575342465753425,0.02968036529680365
543_z13,768,0,765,173,13,0.2261437908496732,0.01699346405228758
543_z13,896,0,1035,265,18,0.2560386473429952,0.017391304347826087
543_z13,0,128,679,141,9,0.20765832106038293,0.013254786450662739
543_z13,128,128,669,105,19,0.15695067264573992,0.028400597907324365
543_z13,256,128,814,172,9,0.2113022113022113,0.011056511056511056
543_z13,384,128,656,98,18,0.14939024390243902,0.027439024390243903
543_z13,512,128,764,143,8,0.18717277486910994,0.010471204188481676
543_z13,640,128,783,129,0,0.16475095785440613,0.0
543_z13,768,128,712,142,0,0.199438202247191,0.0
543_z13,896,128,726,141,17,0.19421487603305784,0.023415977961432508
543_z13,0,256,582,108,11,0.18556701030927836,0.018900343642611683
543_z13,128,256,623,131,17,0.2102728731942215,0.027287319422150885
543_z13,256,256,645,109,0,0.16899224806201552,0.0
543_z13,384,256,963,167,27,0.17341640706126688,0.028037383177570093
543_z13,512,256,669,105,17,0.15695067264573992,0.025411061285500747
543_z13,640,256,578,79,13,0.13667820069204153,0.02249134948096886
543_z13,768,256,654,189,8,0.2889908256880734,0.012232415902140673
543_z13,896,256,747,90,19,0.12048192771084337,0.025435073627844713
543_z13,0,384,600,142,27,0.23666666666666666,0.045
543_z13,128,384,519,136,0,0.26204238921001927,0.0
543_z13,256,384,578,160,0,0.2768166089965398,0.0
543_z13,384,384,630,165,8,0.2619047619047619,0.012698412698412698
543_z13,512,384,565,150,3,0.26548672566371684,0.005309734513274336
543_z13,640,384,689,94,10,0.13642960812772134,0.01451378809869376
543_z13,768,384,878,213,0,0.24259681093394078,0.0
543_z13,896,384,909,162,17,0.1782178217821782,0.0187018701870187
543_z13,0,512,489,90,24,0.18404907975460122,0.049079754601226995
543_z13,128,512,485,54,8,0.11134020618556702,0.016494845360824743
543_z13,256,512,506,64,16,0.12648221343873517,0.03162055335968379
543_z13,384,512,853,253,0,0.2966002344665885,0.0
543_z13,512,512,764,171,48,0.2238219895287958,0.06282722513089005
543_z13,640,512,851,152,27,0.17861339600470036,0.03172737955346651
543_z13,768,512,464,84,8,0.1810344827586207,0.017241379310344827
543_z13,896,512,831,135,16,0.1624548736462094,0.019253910950661854
543_z13,0,640,661,124,17,0.1875945537065053,0.025718608169440244
543_z13,128,640,566,118,28,0.20848056537102475,0.04946996466431095
543_z13,256,640,779,144,8,0.18485237483953787,0.010269576379974325
543_z13,384,640,630,206,0,0.326984126984127,0.0
543_z13,512,640,731,255,10,0.3488372093023256,0.013679890560875513
543_z13,640,640,711,94,37,0.13220815752461323,0.052039381153305204
543_z13,768,640,725,266,8,0.36689655172413793,0.011034482758620689
543_z13,896,640,855,166,0,0.19415204678362574,0.0
543_z13,0,768,553,98,8,0.17721518987341772,0.014466546112115732
543_z13,128,768,639,159,10,0.24882629107981222,0.01564945226917058
543_z13,256,768,504,80,17,0.15873015873015872,0.03373015873015873
543_z13,384,768,700,128,12,0.18285714285714286,0.017142857142857144
543_z13,512,768,878,210,25,0.23917995444191345,0.02847380410022779
543_z13,640,768,805,213,17,0.2645962732919255,0.02111801242236025
543_z13,768,768,655,128,0,0.19541984732824427,0.0
543_z13,896,768,747,159,8,0.21285140562248997,0.0107095046854083
543_z13,0,896,460,44,8,0.09565217391304348,0.017391304347826087
543_z13,128,896,754,209,0,0.27718832891246686,0.0
543_z13,256,896,942,244,23,0.25902335456475584,0.024416135881104035
543_z13,384,896,849,207,9,0.24381625441696114,0.01060070671378092
543_z13,512,896,737,171,4,0.23202170963364993,0.005427408412483039
543_z13,640,896,706,158,8,0.2237960339943343,0.0113314447592068
543_z13,768,896,591,127,0,0.21489001692047377,0.0
543_z13,896,896,636,94,18,0.14779874213836477,0.02830188679245283
682_z08,0,0,843,276,0,0.3274021352313167,0.0
682_z08,128,0,865,310,8,0.3583815028901734,0.009248554913294798
682_z08,256,0,559,238,0,0.4257602862254025,0.0
682_z08,384,0,340,119,0,0.35,0.0
682_z08,512,0,349,81,0,0.23209169054441262,0.0
682_z08,640,0,132,2,0,0.015151515151515152,0.0
682_z08,768,0,0,0,0,,
682_z08,896,0,0,0,0,,
682_z08,0,128,734,214,8,0.29155313351498635,0.010899182561307902
682_z08,128,128,785,226,8,0.2878980891719745,0.01019108280254777
682_z08,256,128,813,264,5,0.3247232472324723,0.006150061500615006
682_z08,384,128,696,167,0,0.23994252873563218,0.0
682_z08,512,128,660,167,41,0.25303030303030305,0.06212121212121212
682_z08,640,128,638,149,0,0.2335423197492163,0.0
682_z08,768,128,160,48,0,0.3,0.0
682_z08,896,128,0,0,0,,
682_z08,0,256,590,158,0,0.2677966101694915,0.0
682_z08,128,256,1041,318,10,0.30547550432276654,0.009606147934678195
682_z08,256,256,829,244,5,0.2943305186972256,0.006031363088057901
682_z08,384,256,779,265,0,0.34017971758664955,0.0
682_z08,512,256,764,144,8,0.18848167539267016,0.010471204188481676
682_z08,640,256,726,154,0,0.21212121212121213,0.0
682_z08,768,256,414,84,0,0.2028985507246377,0.0
682_z08,896,256,144,17,0,0.11805555555555555,0.0
682_z08,0,384,818,293,0,0.3581907090464548,0.0
682_z08,128,384,513,149,0,0.290448343079922,0.0
682_z08,256,384,810,178,8,0.21975308641975308,0.009876543209876543
682_z08,384,384,823,258,9,0.3134872417982989,0.010935601458080195
682_z08,512,384,739,113,16,0.15290933694181327,0.02165087956698241
682_z08,640,384,464,70,27,0.15086206896551724,0.05818965517241379
682_z08,768,384,450,86,9,0.19111111111111112,0.02
682_z08,896,384,191,50,3,0.2617801047120419,0.015706806282722512
682_z08,0,512,767,190,10,0.24771838331160365,0.01303780964797914
682_z08,128,512,740,228,13,0.3081081081081081,0.01756756756756757
682_z08,256,512,707,204,0,0.28854314002828857,0.0
682_z08,384,512,629,193,0,0.3068362480127186,0.0
682_z08,512,512,360,19,9,0.05277777777777778,0.025
682_z08,640,512,695,128,9,0.1841726618705036,0.012949640287769784
682_z08,768,512,542,138,8,0.25461254612546125,0.014760147601476014
682_z08,896,512,298,37,16,0.12416107382550336,0.053691275167785234
682_z08,0,640,713,174,25,0.24403927068723702,0.03506311360448808
682_z08,128,640,593,186,9,0.3136593591905565,0.01517706576728499
682_z08,256,640,612,145,11,0.2369281045751634,0.017973856209150325
682_z08,384,640,768,205,7,0.2669270833333333,0.009114583333333334
682_z08,512,640,626,122,29,0.19488817891373802,0.0463258785942492
682_z08,640,640,648,105,24,0.16203703703703703,0.037037037037037035
682_z08,768,640,516,35,33,0.06782945736434108,0.06395348837209303
682_z08,896,640,536,50,35,0.09328358208955224,0.06529850746268656
682_z08,0,768,680,180,20,0.2647058823529412,0.029411764705882353
682_z08,128,768,755,222,16,0.29403973509933773,0.02119205298013245
682_z08,256,768,747,140,19,0.18741633199464525,0.025435073627844713
682_z08,384,768,617,126,13,0.20421393841166938,0.02106969205834684
682_z08,512,768,554,73,30,0.13176895306859207,0.05415162454873646
682_z08,640,768,427,70,9,0.16393442622950818,0.02107728337236534
682_z08,768,768,205,27,0,0.13170731707317074,0.0
682_z08,896,768,217,29,0,0.1336405529953917,0.0
682_z08,0,896,176,58,0,0.32954545454545453,0.0
682_z08,128,896,543,156,0,0.287292817679558,0.0
682_z08,256,896,528,105,0,0.19886363636363635,0.0
682_z08,384,896,546,97,13,0.17765567765567766,0.023809523809523808
682_z08,512,896,694,140,11,0.2017291066282421,0.01585014409221902
682_z08,640,896,454,97,23,0.21365638766519823,0.05066079295154185
682_z08,768,896,374,43,1,0.11497326203208556,0.00267379679144385
682_z08,896,896,331,61,0,0.18429003021148035,0.0
682_z23,0,0,526,140,9,0.2661596958174905,0.017110266159695818
682_z23,128,0,874,374,3,0.4279176201372998,0.003432494279176201
682_z23,256,0,612,173,0,0.2826797385620915,0.0
682_z23,384,0,534,146,8,0.27340823970037453,0.0149812734082397
682_z23,512,0,634,119,15,0.18769716088328076,0.02365930599369085
682_z23,640,0,664,150,12,0.22590361445783133,0.018072289156626505
682_z23,768,0,920,172,34,0.18695652173913044,0.03695652173913044
682_z23,896,0,888,153,33,0.17229729729729729,0.037162162162162164
682_z23,0,128,756,211,10,0.2791005291005291,0.013227513227513227
682_z23,128,128,790,297,6,0.3759493670886076,0.007594936708860759
682_z23,256,128,820,316,0,0.3853658536585366,0.0
682_z23,384,128,711,214,11,0.3009845288326301,0.015471167369901548
682_z23,512,128,712,186,9,0.2612359550561798,0.012640449438202247
682_z23,640,128,844,192,0,0.22748815165876776,0.0
682_z23,768,128,650,128,8,0.19692307692307692,0.012307692307692308
682_z23,896,128,525,67,18,0.12761904761904763,0.03428571428571429
682_z23,0,256,675,170,0,0.2518518518518518,0.0
682_z23,128,256,663,152,9,0.22926093514328807,0.013574660633484163
682_z23,256,256,841,324,0,0.38525564803804996,0.0
682_z23,384,256,890,294,0,0.3303370786516854,0.0
682_z23,512,256,605,130,10,0.21487603305785125,0.01652892561983471
682_z23,640,256,760,173,6,0.22763157894736843,0.007894736842105263
682_z23,768,256,687,86,19,0.12518195050946143,0.027656477438136828
682_z23,896,256,738,161,19,0.2181571815718157,0.025745257452574527
682_z23,0,384,730,268,0,0.36712328767123287,0.0
682_z23,128,384,297,83,0,0.27946127946127947,0.0
682_z23,256,384,663,155,0,0.23378582202111614,0.0
682_z23,384,384,762,226,8,0.29658792650918636,0.010498687664041995
682_z23,512,384,687,158,0,0.22998544395924309,0.0
682_z23,640,384,487,32,26,0.06570841889117043,0.053388090349075976
682_z23,768,384,666,116,0,0.17417417417417416,0.0
682_z23,896,384,606,89,10,0.14686468646864687,0.0165016501650165
682_z23,0,512,411,125,8,0.30413625304136255,0.019464720194647202
682_z23,128,512,728,131,16,0.17994505494505494,0.02197802197802198
682_z23,256,512,793,220,0,0.27742749054224464,0.0
682_z23,384,512,387,78,0,0.20155038759689922,0.0
682_z23,512,512,591,180,8,0.30456852791878175,0.01353637901861252
682_z23,640,512,664,120,8,0.18072289156626506,0.012048192771084338
682_z23,768,512,551,79,17,0.14337568058076225,0.030852994555353903
682_z23,896,512,571,141,0,0.2469352014010508,0.0
682_z23,0,640,532,170,8,0.31954887218045114,0.015037593984962405
682_z23,128,640,613,97,19,0.15823817292006526,0.03099510603588907
682_z23,256,640,700,194,18,0.27714285714285714,0.025714285714285714
682_z23,384,640,625,146,25,0.2336,0.04
682_z23,512,640,707,127,27,0.17963224893917965,0.03818953323903819
682_z23,640,640,576,93,21,0.16145833333333334,0.036458333333333336
682_z23,768,640,393,100,17,0.2544529262086514,0.043256997455470736
682_z23,896,640,524,40,34,0.07633587786259542,0.0648854961832061
682_z23,0,768,507,104,10,0.20512820512820512,0.01972386587771203
682_z23,128,768,603,152,8,0.25207296849087896,0.013266998341625208
682_z23,256,768,632,146,25,0.2310126582278481,0.03955696202531646
682_z23,384,768,771,192,30,0.2490272373540856,0.038910505836575876
682_z23,512,768,556,85,32,0.1528776978417266,0.05755395683453238
682_z23,640,768,416,51,16,0.12259615384615384,0.038461538461538464
682_z23,768,768,549,81,0,0.14754098360655737,0.0
682_z23,896,768,421,73,28,0.17339667458432304,0.0665083135391924
682_z23,0,896,121,6,0,0.049586776859504134,0.0
682_z23,128,896,286,41,0,0.14335664335664336,0.0
682_z23,256,896,477,52,41,0.1090146750524109,0.0859538784067086
682_z23,384,896,582,77,19,0.1323024054982818,0.03264604810996564
682_z23,512,896,445,42,36,0.09438202247191012,0.08089887640449438
682_z23,640,896,449,30,18,0.066815144766147,0.0400890868596882
682_z23,768,896,528,66,21,0.125,0.03977272727272727
682_z23,896,896,242,56,0,0.23140495867768596,0.0
682_z29,0,0,442,116,22,0.26244343891402716,0.049773755656108594
682_z29,128,0,743,267,8,0.35935397039030953,0.010767160161507403
682_z29,256,0,816,343,0,0.42034313725490197,0.0
682_z29,384,0,599,169,9,0.28213689482470783,0.015025041736227046
682_z29,512,0,688,223,0,0.3241279069767442,0.0
682_z29,640,0,613,190,9,0.3099510603588907,0.01468189233278956
682_z29,768,0,819,106,20,0.12942612942612944,0.02442002442002442
682_z29,896,0,848,165,8,0.1945754716981132,0.009433962264150943
682_z29,0,128,680,165,20,0.2426470588235294,0.029411764705882353
682_z29,128,128,868,326,18,0.37557603686635943,0.020737327188940093
682_z29,256,128,757,326,8,0.43064729194187584,0.010568031704095112
682_z29,384,128,676,193,1,0.28550295857988167,0.0014792899408284023
682_z29,512,128,866,286,10,0.3302540415704388,0.011547344110854504
682_z29,640,128,698,236,8,0.33810888252148996,0.011461318051575931
682_z29,768,128,795,229,17,0.2880503144654088,0.021383647798742137
682_z29,896,128,539,104,52,0.19294990723562153,0.09647495361781076
682_z29,0,256,750,131,25,0.17466666666666666,0.03333333333333333
682_z29,128,256,782,296,9,0.37851662404092073,0.011508951406649617
682_z29,256,256,937,325,9,0.3468516542155816,0.0096051227321238
682_z29,384,256,786,205,1,0.2608142493638677,0.001272264631043257
682_z29,512,256,670,212,0,0.3164179104477612,0.0
682_z29,640,256,803,146,18,0.18181818181818182,0.0224159402241594
682_z29,768,256,840,153,29,0.18214285714285713,0.034523809523809526
682_z29,896,256,657,186,19,0.2831050228310502,0.0289193302891933
682_z29,0,384,751,181,0,0.24101198402130491,0.0
682_z29,128,384,514,125,0,0.24319066147859922,0.0
682_z29,256,384,743,201,19,0.27052489905787347,0.02557200538358008
682_z29,384,384,847,220,14,0.2597402597402597,0.01652892561983471
682_z29,512,384,678,188,9,0.27728613569321536,0.01327433628318584
682_z29,640,384,542,78,0,0.14391143911439114,0.0
682_z29,768,384,576,135,25,0.234375,0.043402777777777776
682_z29,896,384,480,71,9,0.14791666666666667,0.01875
682_z29,0,512,342,53,0,0.15497076023391812,0.0
682_z29,128,512,704,109,10,0.15482954545454544,0.014204545454545454
682_z29,256,512,623,135,8,0.21669341894060995,0.012841091492776886
682_z29,384,512,368,77,8,0.20923913043478262,0.021739130434782608
682_z29,512,512,622,175,8,0.28135048231511256,0.012861736334405145
682_z29,640,512,571,71,37,0.1243432574430823,0.0647985989492119
682_z29,768,512,490,110,20,0.22448979591836735,0.04081632653061224
682_z29,896,512,573,120,8,0.2094240837696335,0.013961605584642234
682_z29,0,640,627,109,9,0.17384370015948963,0.014354066985645933
682_z29,128,640,480,88,0,0.18333333333333332,0.0
682_z29,256,640,668,230,19,0.344311377245509,0.02844311377245509
682_z29,384,640,680,134,28,0.19705882352941176,0.041176470588235294
682_z29,512,640,351,77,25,0.21937321937321938,0.07122507122507123
682_z29,640,640,625,99,12,0.1584,0.0192
682_z29,768,640,369,55,0,0.14905149051490515,0.0
682_z29,896,640,487,27,17,0.055441478439425054,0.03490759753593429
682_z29,0,768,468,88,0,0.18803418803418803,0.0
682_z29,128,768,527,123,0,0.2333965844402277,0.0
682_z29,256,768,697,146,0,0.20946915351506457,0.0
682_z29,384,768,592,70,8,0.11824324324324324,0.013513513513513514
682_z29,512,768,538,68,28,0.12639405204460966,0.05204460966542751
682_z29,640,768,497,92,25,0.1851106639839034,0.05030181086519115
682_z29,768,768,389,49,8,0.12596401028277635,0.02056555269922879
682_z29,896,768,478,119,23,0.2489539748953975,0.04811715481171548
682_z29,0,896,148,33,0,0.22297297297297297,0.0
682_z29,128,896,315,80,0,0.25396825396825395,0.0
682_z29,256,896,338,78,0,0.23076923076923078,0.0
682_z29,384,896,448,71,0,0.15848214285714285,0.0
682_z29,512,896,440,75,20,0.17045454545454544,0.045454545454545456
682_z29,640,896,385,40,33,0.1038961038961039,0.08571428571428572
682_z29,768,896,479,100,25,0.20876826722338204,0.05219206680584551
682_z29,896,896,246,21,8,0.08536585365853659,0.032520325203252036
