image,variant,skeleton_px_default,skeleton_px,skeleton_px_changed,max_abs_change_grey,bin_x2_after,bin_x4_after,lacuna_count,lacuna_count_pct,roots_per_cell,roots_per_cell_pct,ring30_per_cell_px,ring30_per_cell_px_pct,field_density_per_px,field_density_per_px_pct,bridges,bridges_pct
682_z08,notch_network_only,35267,35258,381,0.17234570958740647,0.1,0.0,10,0.0,10.0,0.0,396.875,0.0315059861373661,0.03463767389815789,-0.02553243974318629,21,-12.5
682_z08,notch_both_stages,35267,35268,431,0.17234570958740647,0.1,0.0,10,0.0,10.0,0.0,396.5,-0.0630119722747322,0.03464215483082629,-0.012599156203015466,21,-12.5
682_z23,notch_network_only,39168,39159,183,0.10893217621536985,0.4,0.2,14,0.0,6.7272727272727275,0.0,284.0,0.22457491177413816,0.03828937178795203,-0.022972930685635436,17,-10.526315789473685
682_z23,notch_both_stages,39168,39159,183,0.10893217621536985,0.4,0.2,14,0.0,6.7272727272727275,0.0,284.0,0.22457491177413816,0.03828937178795203,-0.022972930685635436,17,-10.526315789473685
682_z29,notch_network_only,38368,38387,163,0.13045646947969308,0.0,0.1,13,0.0,5.545454545454546,0.0,250.45454545454547,0.07264802034144775,0.037503199598267235,0.04951254238332205,19,11.764705882352942
682_z29,notch_both_stages,38368,38387,163,0.13045646947969308,0.0,0.1,13,0.0,5.545454545454546,0.0,250.45454545454547,0.07264802034144775,0.037503199598267235,0.04951254238332205,19,11.764705882352942
542_z06,notch_network_only,34964,34980,188,0.14356753040340675,1.4,0.3,16,0.0,8.615384615384615,0.0,362.0,0.148967865503301,0.03466589234942189,0.045749873367796845,17,0.0
542_z06,notch_both_stages,34964,34976,206,0.14356753040340675,1.4,0.3,16,0.0,8.538461538461538,-0.8928571428571397,361.7692307692308,0.0851244945733171,0.0346617565154311,0.033813858313302005,17,0.0
542_z18,notch_network_only,34325,34322,289,0.13327134409129637,0.9,0.3,12,0.0,8.272727272727273,0.0,357.0,-0.025458248472497856,0.034069781408234835,-0.008741856442405459,13,-7.142857142857143
542_z18,notch_both_stages,34325,34322,289,0.13327134409129637,0.9,0.3,12,0.0,8.272727272727273,0.0,357.0,-0.025458248472497856,0.034069781408234835,-0.008741856442405459,13,-7.142857142857143
543-2,notch_network_only,45785,45800,363,0.09088960380347483,0.2,0.0,12,0.0,7.583333333333333,0.0,306.8333333333333,0.08154389779831477,0.04471603851046775,0.03276969791711276,20,-4.761904761904762
543-2,notch_both_stages,45785,45800,363,0.09088960380347483,0.2,0.0,12,0.0,7.583333333333333,0.0,306.8333333333333,0.08154389779831477,0.04471603851046775,0.03276969791711276,20,-4.761904761904762
543_3,notch_network_only,46420,46441,439,0.10293364777600428,0.0,0.1,10,0.0,6.888888888888889,0.0,313.8888888888889,0.10630758327428566,0.0451602551635614,0.04524864972109568,13,-7.142857142857143
543_3,notch_both_stages,46420,46435,447,0.10293364777600428,0.0,0.1,10,0.0,6.888888888888889,0.0,314.55555555555554,0.3189227498228207,0.045159251154874784,0.04302443069631685,13,-7.142857142857143
543_z13,notch_network_only,45033,45022,509,0.11514804537968604,0.1,0.1,11,0.0,6.818181818181818,1.3513513513513502,302.8181818181818,-0.030012004801931003,0.04379171554352034,-0.02441522391041548,17,-10.526315789473685
543_z13,notch_both_stages,45033,45022,509,0.11514804537968604,0.1,0.1,11,0.0,6.818181818181818,1.3513513513513502,302.8181818181818,-0.030012004801931003,0.04379171554352034,-0.02441522391041548,17,-10.526315789473685
