image,lacuna_id,at_xy,on_border,area_px2,component_area_px2,kept_lacunae_in_component,component_minus_kept_px2,missing_pct_of_component,dropped_pieces_in_component,dropped_px2,unlabelled_by_watershed_px2,adjacent_dropped_px2,adjacent_pct_of_area,adjacent_pieces
542_z06,1,"(909,17)",True,1381,1404,1,23,1.6381766381766383,0,0,23,0,0.0,
542_z06,2,"(555,149)",False,445,1247,1,802,64.31435445068163,3,802,0,107,24.04494382022472,107 (area)
542_z06,3,"(106,67)",False,556,956,1,400,41.84100418410042,2,400,0,82,14.748201438848922,82 (area)
542_z06,4,"(635,143)",False,895,895,1,0,0.0,0,0,0,0,0.0,
542_z06,5,"(381,180)",False,2450,2450,1,0,0.0,0,0,0,0,0.0,
542_z06,6,"(870,202)",False,4645,4645,1,0,0.0,0,0,0,0,0.0,
542_z06,7,"(625,304)",False,2177,2177,1,0,0.0,0,0,0,0,0.0,
542_z06,8,"(67,423)",False,3251,3251,1,0,0.0,0,0,0,0,0.0,
542_z06,9,"(573,482)",False,3239,3239,1,0,0.0,0,0,0,0,0.0,
542_z06,10,"(391,530)",False,3188,3188,1,0,0.0,0,0,0,0,0.0,
542_z06,11,"(913,595)",False,3013,3013,1,0,0.0,0,0,0,0,0.0,
542_z06,12,"(783,581)",False,3414,3414,1,0,0.0,0,0,0,0,0.0,
542_z06,13,"(247,723)",False,4647,4647,1,0,0.0,0,0,0,0,0.0,
542_z06,14,"(724,817)",False,1123,1123,1,0,0.0,0,0,0,0,0.0,
542_z06,15,"(400,952)",True,3750,3750,1,0,0.0,0,0,0,0,0.0,
542_z06,16,"(948,985)",True,1341,1341,1,0,0.0,0,0,0,0,0.0,
542_z18,1,"(914,16)",True,602,602,1,0,0.0,0,0,0,0,0.0,
542_z18,2,"(639,130)",False,5924,5924,1,0,0.0,0,0,0,0,0.0,
542_z18,3,"(383,173)",False,4438,4438,1,0,0.0,0,0,0,0,0.0,
542_z18,4,"(874,210)",False,4342,4342,1,0,0.0,0,0,0,0,0.0,
542_z18,5,"(80,369)",False,5254,5254,1,0,0.0,0,0,0,0,0.0,
542_z18,6,"(401,532)",False,3405,3405,1,0,0.0,0,0,0,0,0.0,
542_z18,7,"(924,589)",False,4133,4133,1,0,0.0,0,0,0,0,0.0,
542_z18,8,"(785,570)",False,2572,2572,1,0,0.0,0,0,0,0,0.0,
542_z18,9,"(248,739)",False,3684,3684,1,0,0.0,0,0,0,0,0.0,
542_z18,10,"(733,814)",False,3421,3421,1,0,0.0,0,0,0,0,0.0,
542_z18,11,"(408,945)",False,2890,2890,1,0,0.0,0,0,0,0,0.0,
542_z18,12,"(938,990)",False,508,743,1,235,31.628532974427994,1,235,0,235,46.25984251968504,235 (area)
543-2,1,"(271,88)",False,2494,2494,1,0,0.0,0,0,0,0,0.0,
543-2,2,"(919,208)",False,3004,3004,1,0,0.0,0,0,0,0,0.0,
543-2,3,"(341,257)",False,1698,1698,1,0,0.0,0,0,0,0,0.0,
543-2,4,"(39,297)",False,1631,1631,1,0,0.0,0,0,0,0,0.0,
543-2,5,"(365,394)",False,1204,1204,1,0,0.0,0,0,0,0,0.0,
543-2,6,"(746,472)",False,2066,2066,1,0,0.0,0,0,0,0,0.0,
543-2,7,"(485,459)",False,1233,1233,1,0,0.0,0,0,0,0,0.0,
543-2,8,"(878,550)",False,2066,2066,1,0,0.0,0,0,0,0,0.0,
543-2,9,"(193,643)",False,2656,2656,1,0,0.0,0,0,0,0,0.0,
543-2,10,"(634,728)",False,2113,2113,1,0,0.0,0,0,0,0,0.0,
543-2,11,"(480,787)",False,2173,2173,1,0,0.0,0,0,0,0,0.0,
543-2,12,"(288,859)",False,1997,1997,1,0,0.0,0,0,0,0,0.0,
543_3,1,"(271,79)",False,2174,2174,1,0,0.0,0,0,0,0,0.0,
543_3,2,"(917,197)",False,3447,3447,1,0,0.0,0,0,0,0,0.0,
543_3,3,"(340,251)",False,1883,1883,1,0,0.0,0,0,0,0,0.0,
543_3,4,"(370,389)",False,2052,2052,1,0,0.0,0,0,0,0,0.0,
543_3,5,"(745,473)",False,2266,2266,1,0,0.0,0,0,0,0,0.0,
543_3,6,"(877,545)",False,1344,1468,1,124,8.446866485013624,1,124,0,124,9.226190476190476,124 (area)
543_3,7,"(198,635)",False,1683,1683,1,0,0.0,0,0,0,0,0.0,
543_3,8,"(635,734)",False,2203,2203,1,0,0.0,0,0,0,0,0.0,
543_3,9,"(481,781)",False,2633,2633,1,0,0.0,0,0,0,0,0.0,
543_3,10,"(185,1012)",True,531,531,1,0,0.0,0,0,0,0,0.0,
543_z13,1,"(270,98)",False,2019,2019,1,0,0.0,0,0,0,0,0.0,
543_z13,2,"(828,131)",False,839,839,1,0,0.0,0,0,0,0,0.0,
543_z13,3,"(919,219)",False,1736,1736,1,0,0.0,0,0,0,0,0.0,
543_z13,4,"(340,263)",False,1138,1138,1,0,0.0,0,0,0,0,0.0,
543_z13,5,"(481,460)",False,2267,2267,1,0,0.0,0,0,0,0,0.0,
543_z13,6,"(748,475)",False,860,860,1,0,0.0,0,0,0,0,0.0,
543_z13,7,"(874,547)",False,2150,2150,1,0,0.0,0,0,0,0,0.0,
543_z13,8,"(188,643)",False,3069,3069,1,0,0.0,0,0,0,0,0.0,
543_z13,9,"(630,732)",False,1616,1616,1,0,0.0,0,0,0,0,0.0,
543_z13,10,"(478,793)",False,1438,1438,1,0,0.0,0,0,0,0,0.0,
543_z13,11,"(288,855)",False,3350,3350,1,0,0.0,0,0,0,0,0.0,
682_z08,1,"(428,32)",True,9321,9321,1,0,0.0,0,0,0,0,0.0,
682_z08,2,"(88,343)",False,2563,2563,1,0,0.0,0,0,0,0,0.0,
682_z08,3,"(702,434)",False,3496,3496,1,0,0.0,0,0,0,0,0.0,
682_z08,4,"(210,434)",False,4123,4123,1,0,0.0,0,0,0,0,0.0,
682_z08,5,"(557,521)",False,1521,1521,1,0,0.0,0,0,0,0,0.0,
682_z08,6,"(438,545)",False,862,862,1,0,0.0,0,0,0,0,0.0,
682_z08,7,"(1013,673)",True,547,547,1,0,0.0,0,0,0,0,0.0,
682_z08,8,"(152,714)",False,3601,3601,1,0,0.0,0,0,0,0,0.0,
682_z08,9,"(829,724)",False,1853,1853,1,0,0.0,0,0,0,0,0.0,
682_z08,10,"(727,909)",False,2780,2780,1,0,0.0,0,0,0,0,0.0,
682_z23,1,"(107,13)",True,510,510,1,0,0.0,0,0,0,0,0.0,
682_z23,2,"(363,7)",True,448,448,1,0,0.0,0,0,0,0,0.0,
682_z23,3,"(472,61)",False,1379,1379,1,0,0.0,0,0,0,0,0.0,
682_z23,4,"(920,135)",False,1062,1062,1,0,0.0,0,0,0,0,0.0,
682_z23,5,"(214,432)",False,4132,4132,1,0,0.0,0,0,0,0,0.0,
682_z23,6,"(704,442)",False,1032,1032,1,0,0.0,0,0,0,0,0.0,
682_z23,7,"(477,535)",False,2868,2868,1,0,0.0,0,0,0,0,0.0,
682_z23,8,"(349,558)",False,980,980,1,0,0.0,0,0,0,0,0.0,
682_z23,9,"(48,592)",True,2962,2962,1,0,0.0,0,0,0,0,0.0,
682_z23,10,"(172,714)",False,2810,2810,1,0,0.0,0,0,0,0,0.0,
682_z23,11,"(851,726)",False,1297,1297,1,0,0.0,0,0,0,0,0.0,
682_z23,12,"(113,837)",False,1519,1519,1,0,0.0,0,0,0,0,0.0,
682_z23,13,"(752,905)",False,2083,2083,1,0,0.0,0,0,0,0,0.0,
682_z23,14,"(300,920)",False,2782,2782,1,0,0.0,0,0,0,0,0.0,
682_z29,1,"(99,13)",True,2083,2083,1,0,0.0,0,0,0,0,0.0,
682_z29,2,"(921,135)",False,2213,2213,1,0,0.0,0,0,0,0,0.0,
682_z29,3,"(449,250)",False,446,446,1,0,0.0,0,0,0,0,0.0,
682_z29,4,"(220,431)",False,3140,3140,1,0,0.0,0,0,0,0,0.0,
682_z29,5,"(493,532)",False,2837,2837,1,0,0.0,0,0,0,0,0.0,
682_z29,6,"(357,555)",False,1634,1634,1,0,0.0,0,0,0,0,0.0,
682_z29,7,"(55,590)",True,3781,3781,1,0,0.0,0,0,0,0,0.0,
682_z29,8,"(182,716)",False,1399,1399,1,0,0.0,0,0,0,0,0.0,
682_z29,9,"(76,831)",False,513,1643,2,0,0.0,0,0,0,0,0.0,
682_z29,10,"(125,842)",False,1130,1643,2,0,0.0,0,0,0,0,0.0,
682_z29,11,"(761,905)",False,1244,1244,1,0,0.0,0,0,0,0,0.0,
682_z29,12,"(307,920)",False,2966,2966,1,0,0.0,0,0,0,0,0.0,
682_z29,13,"(438,978)",False,1624,1624,1,0,0.0,0,0,0,0,0.0,
