image,component,piece_a_xy,piece_b_xy,area_a,area_b,adjacent,peak_a,peak_b,ratio_straight,ratio_widest,merged_default,merged_widest,a_kept_default,b_kept_default,mid_x,mid_y
542_z06,11,"(584,53)","(555,149)",409,445,False,5.0,5.1,0.0,0.5657,False,True,False,True,569.2414713881487,100.72916678113238
542_z06,121,"(230,275)","(230,311)",666,429,True,9.49,9.49,0.9718,0.9718,True,True,False,False,230.34228984228986,292.75497700497704
542_z06,121,"(230,275)","(220,350)",666,603,False,9.49,8.25,0.2425,0.6063,True,True,False,False,225.0246066962485,312.6522679395814
542_z06,121,"(230,311)","(220,350)",429,603,True,9.49,8.25,0.3638,0.6063,True,True,False,False,224.90143107307287,330.59192962924305
542_z06,167,"(67,399)","(66,451)",1720,1531,True,17.0,17.0,0.9701,0.9701,True,True,True,True,66.54544491364513,424.9579266857047
542_z06,288,"(727,800)","(721,840)",647,476,True,9.0,9.22,0.5556,0.6479,True,True,True,True,723.9585903913343,820.3051283882951
542_z18,211,"(251,703)","(245,769)",1659,2025,True,16.12,16.12,0.9303,0.9806,True,True,True,True,247.8121487732458,736.1797557654097
543_3,32,"(873,528)","(881,566)",722,622,False,11.05,11.05,0.9099,0.9793,True,True,True,True,877.1430022000338,546.6041653677263
543_3,38,"(481,759)","(482,798)",1199,1434,True,19.03,19.03,0.9986,0.9986,True,True,True,True,481.4365623724094,778.8303022742105
543_z13,22,"(188,626)","(189,672)",1971,1098,True,18.03,18.03,0.9829,0.9829,True,True,True,True,188.3731005314769,649.1936875680981
543_z13,28,"(631,718)","(630,749)",895,721,True,14.04,14.04,0.9975,0.9975,True,True,True,True,630.1798758707257,733.2162623296322
543_z13,30,"(477,776)","(479,806)",622,816,True,12.37,12.37,0.9701,0.9735,True,True,True,True,478.2460339039153,791.0809572221171
543_z13,31,"(289,837)","(287,881)",1994,1356,True,22.02,22.02,0.9917,0.999,True,True,True,True,287.98662543678233,859.0343042401541
682_z23,175,"(762,903)","(736,908)",1301,782,True,20.62,20.62,0.9894,0.9988,True,True,True,True,748.9651905577256,905.7989702982754
682_z29,174,"(76,831)","(125,842)",513,1130,True,8.0,11.66,0.0,0.559,False,True,True,True,100.41195639048456,836.4286687712397
