image,lacuna_id,at_xy,on_border,area,aspect,perimeter,solidity,r2_area_lost_pct,r2_aspect,r2_perimeter_change_pct,r2_solidity,r2_lost,r2_below_400,r3_area_lost_pct,r3_aspect,r3_perimeter_change_pct,r3_solidity,r3_lost,r3_below_400,r4_area_lost_pct,r4_aspect,r4_perimeter_change_pct,r4_solidity,r4_lost,r4_below_400
542_z06,1,"(909,17)",True,1381,1.2437329528599264,215.23149339882605,0.6569933396764985,2.606806661839247,1.243047832419893,-10.174856193573705,0.7505580357142857,False,False,4.634322954380884,1.3101220236901443,-17.465791134189942,0.8094652735095267,False,False,5.720492396813903,1.333036745690763,-20.061037001520507,0.8438107582631238,False,False
542_z06,2,"(555,149)",False,445,4.939772447082658,126.46803743153546,0.7672413793103449,1.1235955056179776,4.864394531031481,-2.044616560944682,0.7692307692307693,False,False,5.393258426966292,4.655190176101009,-5.591189644018519,0.7724770642201835,False,False,19.325842696629213,4.182675125551572,-19.360845531815798,0.8013392857142857,False,True
542_z06,3,"(106,67)",False,556,1.7273532295581033,160.63961030678928,0.5265151515151515,22.48201438848921,1.4966301187142859,-47.59463993762215,0.9035639412997903,False,False,24.820143884892087,1.4994451015662238,-48.99070948910841,0.920704845814978,False,False,26.618705035971225,1.5013145067672882,-50.449344595376836,0.9230769230769231,False,False
542_z06,4,"(635,143)",False,895,1.7074926055820543,151.78174593052023,0.7955555555555556,2.122905027932961,1.6403665156539098,-7.13420909633168,0.8319088319088319,False,False,4.804469273743017,1.616567676400279,-10.475235239348121,0.8614762386248737,False,False,7.374301675977653,1.5661907653589102,-14.654358171173698,0.8791092258748674,False,False
542_z06,5,"(381,180)",False,2450,4.597143649586429,322.04267658086917,0.6618044300378174,1.3877551020408163,4.818284313335251,-5.964149529841395,0.7521793275217933,False,False,3.3469387755102042,4.866791550772777,-11.384500741688424,0.8433048433048433,False,False,4.489795918367347,4.821764023622846,-14.125884963952895,0.8660251665433013,False,False
542_z06,6,"(870,202)",False,4645,2.5924533784050787,438.5168106668145,0.7200434041233917,2.8202368137782563,2.5391083541295116,-15.193811360767446,0.7979494431677567,False,False,5.532831001076426,2.470405912403865,-26.347702626886896,0.8730600875447672,False,False,6.20021528525296,2.4738742724214817,-28.57278478463669,0.900206611570248,False,False
542_z06,7,"(625,304)",False,2177,2.2737894927241085,211.92388155425118,0.8958847736625515,0.7349563619660082,2.2591098123055433,-2.9931245615109336,0.910661609776654,False,False,1.0105649977032614,2.2661274243006124,-2.5547916179456642,0.9123624047417442,False,False,1.7455213596692696,2.2545076739572156,-4.9950889725078005,0.925974025974026,False,False
542_z06,8,"(67,423)",False,3251,3.0391363174286967,359.19090885901,0.6389544025157232,1.353429713934174,3.101322115317216,-6.6339171000843375,0.6777261200338124,False,False,4.429406336511843,3.2439325598972704,-17.59058055917405,0.7946291560102302,False,False,4.92156259612427,3.2501295025638153,-19.097916471313827,0.8140637345272583,False,False
542_z06,9,"(573,482)",False,3239,3.7558547401090583,302.45079348883235,0.9113674732695555,0.18524235875270145,3.7411808988043993,-0.5810397428980688,0.9148273910582909,False,False,0.40135844396418646,3.7280412785671584,-0.9351693517215364,0.915177304964539,False,False,1.1423278789749922,3.673351939926794,-3.3865477980627157,0.9211737629459148,False,False
542_z06,10,"(391,530)",False,3188,3.6284607199314802,309.5218613006978,0.8804197735432201,0.47051442910915936,3.609711504786873,-2.584631652957162,0.8996314148001134,False,False,0.8782936010037641,3.601923653460903,-2.9306711240835464,0.9057036400114646,False,False,2.6662484316185697,3.4686019978993827,-8.824484443265126,0.9287638431607304,False,False
542_z06,11,"(913,595)",False,3013,5.762563140534404,468.2741699796952,0.5248214596760147,2.2900763358778624,5.81718305724862,-8.166720083829855,0.5525525525525525,False,False,3.849983405243943,6.084775127237938,-11.34222252201336,0.5983064849235853,False,False,6.140059741121806,6.363179010783069,-15.134308537274602,0.655388180764774,False,False
542_z06,12,"(783,581)",False,3414,4.490627076655383,422.97770542341357,0.8294460641399417,0.6736965436438196,4.450128295090247,-2.5838080939028187,0.8435323383084578,False,False,4.569420035149385,4.447454482162753,-10.932642570565044,0.839907192575406,False,False,7.088459285295841,4.395527859683494,-17.079538651996383,0.8418259023354565,False,False
542_z06,13,"(247,723)",False,4647,3.046919250902635,379.84776310850236,0.8623121172759325,0.2582311168495804,3.0555279276353144,-1.9518908053317294,0.8756848668052144,False,False,1.4202711426726922,3.0291072605399063,-7.4462124025678635,0.9110978520286396,False,False,1.7645792984721325,3.0205426882412914,-8.6534819676428,0.913913913913914,False,False
542_z06,14,"(724,817)",False,1123,4.9407316089097515,217.92388155425118,0.6996884735202492,0.5342831700801425,4.958841085402083,-0.8064096969763502,0.7003134796238244,False,False,11.932324131789848,4.281741825613468,-22.694091060599938,0.7962962962962963,False,False,12.82279608192342,4.274370164779778,-23.88064593434066,0.7972312703583062,False,False
542_z06,15,"(400,952)",True,3750,4.389394731193433,332.8944443027283,0.8964857757590247,0.05333333333333334,4.390654721438379,-0.42482341972852083,0.9040038591413411,False,False,0.26666666666666666,4.39405964519511,-0.9225350150549957,0.9236848604593727,False,False,0.32,4.3966341756257314,-1.098502637120262,0.9238754325259516,False,False
542_z06,16,"(948,985)",True,1341,4.607122804797476,205.77564927611036,0.9110054347826086,0.44742729306487694,4.562378737665496,-1.2566046792821817,0.9118852459016393,False,False,1.0439970171513795,4.513240006134749,-2.3464521393721447,0.9095270733379027,False,False,1.7897091722595078,4.4485998621102905,-3.6030568186543266,0.9107883817427386,False,False
542_z18,1,"(914,16)",True,602,2.6510105385994267,142.8111831820431,0.6644591611479028,0.9966777408637874,2.643017538752449,-1.8106330190758166,0.6742081447963801,False,False,2.4916943521594686,2.63263825770113,-1.955654421862286,0.6849474912485414,False,False,35.38205980066445,1.4606573407560657,-41.36732372770066,0.9284009546539379,False,True
542_z18,2,"(639,130)",False,5924,3.7513186294397682,625.7249634685277,0.6750227894257065,1.5530047265361242,3.708575068741088,-8.32171814325969,0.697524219590958,False,False,4.13571910871033,3.6138195611218737,-18.553751441522028,0.7787986834887548,False,False,9.031060094530723,3.2251433713468236,-31.82031393387735,0.8364116094986808,False,False
542_z18,3,"(383,173)",False,4438,4.53283402721374,377.01933598375615,0.8989264735669434,0.04506534474988734,4.538496859106084,-0.37510372211626775,0.9041989400733795,False,False,0.47318611987381703,4.5425547675832885,-1.2540264145925786,0.9173416407061267,False,False,0.5633168093735917,4.544521815053637,-1.5647725125869436,0.918227215980025,False,False
542_z18,4,"(874,210)",False,4342,2.9140312131985056,337.7056274847714,0.893048128342246,0.5297098111469369,2.88949638972497,-3.3080801639166104,0.9067814402687382,False,False,0.8982035928143712,2.8955906230547037,-3.9424005451567923,0.9212160137015628,False,False,1.3357899585444495,2.871435012000338,-5.473785412436505,0.9258698940998488,False,False
542_z18,5,"(80,369)",False,5254,3.2130721368419124,371.8061325481598,0.9227256761503336,0.07613247049866768,3.211689318369629,-0.5379147423667087,0.9275618374558304,False,False,0.3996954701180053,3.2036764834675244,-0.983537905744133,0.936471009305655,False,False,0.9326227636086791,3.1686885449517592,-3.358008456899626,0.9424225964149918,False,False
542_z18,6,"(401,532)",False,3405,3.5146141481867126,308.5929291125633,0.8958168902920284,0.23494860499265785,3.5016312741445725,-1.0277529314668499,0.8972530375066032,False,False,0.7635829662261381,3.4717734637483524,-2.4812150659159893,0.9049276914836636,False,False,1.2334801762114538,3.442652450249695,-4.504152112811894,0.9106417546709992,False,False
542_z18,7,"(924,589)",False,4133,3.9929001668074275,382.8772003600252,0.8610416666666667,0.8468424872973627,4.041791672236049,-6.0257094938458975,0.8704333050127443,False,False,1.3549479796757804,4.053154245648572,-7.566541627768827,0.8760206274172755,False,False,1.5001209774981854,4.053564369847808,-8.088902321515901,0.8823146944083224,False,False
542_z18,8,"(785,570)",False,2572,3.944473376760697,306.492424049175,0.8307493540051679,0.8553654743390358,3.9485206359589835,-4.455853775785728,0.8255098737455487,False,False,1.5552099533437014,3.9406454111334055,-5.807318053110367,0.8334430546412114,False,False,1.8273716951788492,3.9345594170980833,-6.650988641591868,0.833883751651255,False,False
542_z18,9,"(248,739)",False,3684,4.832899190245991,437.26197667087547,0.805421950153039,2.9044516829533116,4.662287248042311,-16.184703083608916,0.8900223936302563,False,False,3.3930510314875137,4.618625968052982,-17.72335094697481,0.898283695103483,False,False,3.9087947882736156,4.569995517482759,-18.906068208289852,0.9019108280254777,False,False
542_z18,10,"(733,814)",False,3421,3.6773191593735914,326.8355697996826,0.8774044626827392,0.40923706518561825,3.662805840908253,-2.2684842922443464,0.8888599008609445,False,False,0.9938614440222158,3.639133929388422,-4.147758212000223,0.9036819637139808,False,False,1.4907921660333237,3.6219421858872636,-5.804314004165524,0.9095816464237517,False,False
542_z18,11,"(408,945)",False,2890,3.316664924962511,263.48023074035524,0.9298584298584298,0.06920415224913495,3.3128699682297023,-0.22232652369435363,0.9304123711340206,False,False,0.3460207612456747,3.3074875692436434,-0.5367437087782082,0.933246921581335,False,False,0.3460207612456747,3.3074875692436434,-0.5367437087782082,0.933246921581335,False,False
542_z18,12,"(938,990)",False,508,2.8331487120790384,108.76955262170046,0.9169675090252708,2.559055118110236,2.8073500378800538,-5.293171824384305,0.9304511278195489,False,False,5.118110236220472,2.6966771473762776,-7.354999452672111,0.9146110056925996,False,False,9.448818897637794,2.561013752863777,-12.648171277056441,0.92,False,False
543-2,1,"(271,88)",False,2494,2.4641842654308093,244.49242404917499,0.9095550692924872,0.6014434643143545,2.4678720102003386,-2.354821150500252,0.922590249348716,False,False,1.1627906976744187,2.459614856714571,-3.3302200080004707,0.9266917293233082,False,False,2.285485164394547,2.427196817116991,-7.0814907931472115,0.9376683339746056,False,False
543-2,2,"(919,208)",False,3004,1.6291576292348044,295.1198410471445,0.7720380364944744,1.4980026631158456,1.627318664661512,-7.420543077994309,0.7986504723346829,False,False,1.8308921438082557,1.6244238684978705,-7.584978438394581,0.8009234111895709,False,False,2.0639147802929427,1.6275631474978238,-8.18045155421262,0.8031668031668031,False,False
543-2,3,"(341,257)",False,1698,1.8472683372539702,172.89444430272835,0.9550056242969629,0.11778563015312132,1.849725789811128,-0.3388116026454104,0.954954954954955,False,False,0.4711425206124853,1.8527203235825498,-0.47915196355047945,0.9548022598870056,False,False,0.4711425206124853,1.8527203235825498,-0.47915196355047945,0.9548022598870056,False,False
543-2,4,"(39,297)",False,1631,2.8266497459250752,232.5512985522207,0.741026805997274,0.49049662783568365,2.837315560524805,-1.720050597396148,0.7524339360222532,False,False,1.4101778050275904,2.8349182361199046,-2.432518882805589,0.7531615925058548,False,False,1.900674432863274,2.8146226385532,-3.544439759500346,0.7532956685499058,False,False
543-2,5,"(365,394)",False,1204,1.9331047321131574,154.2670273047588,0.9176829268292683,0.4983388704318937,1.9206323583077654,-1.1391671594274162,0.9208301306687163,False,False,1.744186046511628,1.9209208169209753,-3.28720135499044,0.9337016574585635,False,False,1.744186046511628,1.9209208169209753,-3.28720135499044,0.9337016574585635,False,False
543-2,6,"(746,472)",False,2066,2.3330401724341607,231.76450198781714,0.8619107217355028,0.7260406582768635,2.311302419680179,-3.4517796864424586,0.8821505376344086,False,False,1.500484027105518,2.3160245747087074,-5.4917478527522405,0.8980582524271845,False,False,1.7909002904162634,2.3078483989778436,-6.354692774362856,0.8997782705099778,False,False
543-2,7,"(485,459)",False,1233,2.048025235957343,155.92388155425118,0.927765237020316,0.64882400648824,2.0334657495581037,-1.5027497565806631,0.9322678843226788,False,False,1.05433901054339,2.0435047207038806,-1.9695942541020872,0.9312977099236641,False,False,1.29764801297648,2.0337116786776432,-2.345281693247244,0.9339984650805833,False,False
543-2,8,"(878,550)",False,2066,3.7227049514029305,254.24978336205572,0.9017896115233522,0.484027105517909,3.7276641162750304,-1.1519900427854868,0.9013590530469092,False,False,0.7744433688286544,3.722526508096384,-1.4382919824497973,0.8991228070175439,False,False,1.2584704743465633,3.723244106065823,-2.7811499850114685,0.8947368421052632,False,False
543-2,9,"(193,643)",False,2656,3.34423287510481,277.0782104868019,0.8877005347593583,0.45180722891566266,3.3372294539236513,-1.5674800782339067,0.8884408602150538,False,False,0.7530120481927711,3.351463815278931,-1.9177648396274394,0.8969037087444709,False,False,1.2048192771084338,3.3374333775804352,-3.5728161082096985,0.8974008207934336,False,False
543-2,10,"(634,728)",False,2113,3.0425682869526858,227.6223663640862,0.9135322092520536,0.09465215333648841,3.0398431484026815,-0.25735012203938945,0.9142485924642703,False,False,0.5679129200189305,3.048755340153657,-1.4557921314658757,0.9126846220677671,False,False,0.8518693800283956,3.0396672709475245,-2.334440408411105,0.9132519616390584,False,False
543-2,11,"(480,787)",False,2173,2.6960548013358854,225.52186130069782,0.9358311800172265,0.18407731247123793,2.6926356898859285,-0.5194941494792292,0.9357204486626403,False,False,0.5982512655315232,2.704500418124797,-1.4693513435340224,0.939538929969552,False,False,0.5982512655315232,2.704500418124797,-1.4693513435340224,0.939538929969552,False,False
543-2,12,"(288,859)",False,1997,1.7857208769695545,193.7228714274745,0.9402071563088512,0.200300450676014,1.7796289091826931,-0.604767452919155,0.9414265470004723,False,False,0.8512769153730596,1.7851434354765583,-1.2829055010001829,0.9433063363506432,False,False,1.0015022533800702,1.7798374082273587,-1.887672953919338,0.9450286806883366,False,False
543_3,1,"(271,79)",False,2174,2.2946656133744527,210.06601717798213,0.9518388791593695,0.5519779208831647,2.2903857739223215,-2.0675146836472003,0.9579087284005317,False,False,0.4139834406623735,2.293746483404027,-0.67322339013782,0.9545855379188712,False,False,0.827966881324747,2.2895661940393697,-1.7886564249453298,0.9590747330960854,False,False
543_3,2,"(917,197)",False,3447,1.4131296602165917,363.445742854949,0.6740320688306609,1.0443864229765014,1.394232885514621,-5.019357371975022,0.7164461247637051,False,False,2.727008993327531,1.4071980783375322,-10.600457617674515,0.740340030911901,False,False,3.1621700029010733,1.4064130371332941,-11.862210307802206,0.7464221824686941,False,False
543_3,3,"(340,251)",False,1883,1.9863185736473696,184.79393923933998,0.9448068238835926,0.4248539564524695,1.985124523343119,-1.716275375863953,0.9546843177189409,False,False,0.849707912904939,1.983037685485936,-2.110185514017952,0.9540112416964742,False,False,1.009028146574615,1.987361074833922,-2.7441743126096627,0.9588477366255144,False,False
543_3,4,"(370,389)",False,2052,1.7553669505850389,205.96551211459382,0.911190053285968,0.29239766081871343,1.7563059623817918,-1.2554463177254096,0.9125780553077609,False,False,1.2183235867446394,1.7591841269761181,-3.6687448828325837,0.9272644098810613,False,False,1.4619883040935673,1.7564929707314316,-4.237564809637603,0.9275229357798165,False,False
543_3,5,"(745,473)",False,2266,2.478592560325763,241.9066376115481,0.9020700636942676,0.264783759929391,2.463500521702348,-1.4113765525754716,0.9047237790232185,False,False,1.0150044130626654,2.4395965252273015,-2.9230565484607216,0.9162581699346405,False,False,1.853486319505737,2.395241932780125,-5.161198343919507,0.9197684036393714,False,False
543_3,6,"(877,545)",False,1344,3.807805270138848,248.2497833620557,0.7764298093587522,46.94940476190476,1.9306200997626635,-50.70789963603623,0.8957286432160804,False,False,48.80952380952381,1.9982526169169403,-54.085455981622886,0.9222520107238605,False,False,49.479166666666664,1.992995235648996,-55.02932216300452,0.9301369863013699,False,False
543_3,7,"(198,635)",False,1683,2.263446384505298,191.9655121145938,0.9355197331851028,0.35650623885918004,2.251630940700422,-0.915455746984205,0.9394957983193277,False,False,1.1883541295306002,2.2319196402489476,-3.1996036975977247,0.9411431805319751,False,False,1.4854426619132501,2.2154455017164243,-4.241457506633016,0.9431171786120591,False,False
543_3,8,"(635,734)",False,2203,2.9042586308527416,238.10764773832474,0.929535864978903,0.5447117566954154,2.8739758327294327,-2.1719474046198064,0.9347269624573379,False,False,0.9532455742169769,2.886680740657727,-2.231641255313403,0.9324786324786325,False,False,1.5887426236949613,2.850451059359479,-3.911553697435344,0.9360967184801382,False,False
543_3,9,"(481,781)",False,2633,2.5789636190382708,242.93607486307093,0.9454219030520646,0.2278769464489176,2.5765785269484422,-0.7233834307528031,0.9449640287769784,False,False,0.6836308393467527,2.56559896407193,-1.2641464688175519,0.9495279593318809,False,False,0.8735282947208507,2.5637525246413917,-1.9875298995703667,0.9494361586031284,False,False
543_3,10,"(185,1012)",True,531,1.1596318768918243,95.39087296526012,0.9332161687170475,0.7532956685499058,1.159783219447572,-2.0966366464938098,0.9410714285714286,False,False,1.3182674199623352,1.1488504517049256,-2.351001324766182,0.9390681003584229,False,False,2.071563088512241,1.1488368390105268,-3.579182636913817,0.9454545454545454,False,False
543_z13,1,"(270,98)",False,2019,2.3782542061670884,205.03657992645927,0.9416977611940298,0.2971768202080238,2.367250813734992,-1.2611342027624384,0.9459586466165414,False,False,1.1391778107974244,2.3580090410473797,-2.877288988495438,0.9500237981913374,False,False,1.4363546310054482,2.3473448736083955,-3.8527246891481424,0.9512428298279159,False,False
543_z13,2,"(828,131)",False,839,3.452184800996478,151.29646455628165,0.906047516198704,1.430274135876043,3.332445688867295,-3.9657238638038534,0.9117971334068358,False,False,3.2181168057210967,3.2389568257157673,-6.3827362244145895,0.915445321307779,False,False,4.767580452920143,3.1340442959671755,-9.574104336621904,0.9205069124423964,False,False
543_z13,3,"(919,219)",False,1736,2.1968913453725794,205.03657992645927,0.8374336710082007,0.6912442396313364,2.196775916731691,-2.926307101958113,0.8401559454191033,False,False,1.555299539170507,2.2052143615735447,-5.183180972771421,0.8622603430877901,False,False,1.8433179723502304,2.2008627682707402,-6.04027647910061,0.8654139156932453,False,False
543_z13,4,"(340,263)",False,1138,1.480952185421846,139.6812408671319,0.9252032520325203,0.70298769771529,1.4729622133588485,-2.8636629909415645,0.9456066945606695,False,False,1.5817223198594024,1.4687862745884936,-3.6304573043485457,0.9435551811288964,False,False,1.8453427065026362,1.4771166111668323,-4.469204775362383,0.9514480408858603,False,False
543_z13,5,"(481,460)",False,2267,2.641061673584422,223.82337649086284,0.9473464270789803,0.4411116012351125,2.628312651532262,-1.678716214449609,0.9503157894736842,False,False,0.7498897220996912,2.6295906927128105,-2.2656560236783365,0.9517766497461929,False,False,0.9263343625937362,2.6275220931357484,-2.7890923571042343,0.9529062367416207,False,False
543_z13,6,"(748,475)",False,860,1.7175593346141282,141.3380951166243,0.8540218470705064,1.0465116279069768,1.7226601103792705,-1.8295042362735083,0.8535606820461384,False,False,3.372093023255814,1.7228689977794913,-6.589666070778472,0.8906752411575563,False,False,4.3023255813953485,1.7522241513662304,-8.41917030705196,0.9043956043956044,False,False
543_z13,7,"(874,547)",False,2150,3.7745449611987607,254.93607486307093,0.9231429798196651,0.18604651162790697,3.76137535243126,-0.45955554775174606,0.923010752688172,False,False,0.8372093023255814,3.733001946207715,-1.6641978540691165,0.9281671745755333,False,False,1.7209302325581395,3.6817238057448725,-3.138041567595677,0.9287912087912088,False,False
543_z13,8,"(188,643)",False,3069,2.948940361189554,278.5929291125633,0.909872517047139,0.2606712284131639,2.943043159572164,-0.8410643292245588,0.9099286563614745,False,False,0.6190941674812642,2.9317070071880456,-1.2255205375272178,0.9142685851318945,False,False,0.6516780710329098,2.9298872849923985,-1.4357866198333524,0.9142428785607196,False,False
543_z13,9,"(630,732)",False,1616,2.6085827832440316,195.7228714274745,0.9244851258581236,0.3712871287128713,2.599554894927035,-1.321146792282302,0.936046511627907,False,False,0.7425742574257426,2.597588910639243,-1.9923552664904847,0.9380116959064327,False,False,1.4232673267326732,2.563669188654222,-3.313502058772787,0.9381625441696113,False,False
543_z13,10,"(478,793)",False,1438,2.839409421737345,184.99494936611666,0.9235709698137444,0.4172461752433936,2.837474000807431,-1.3977605585920398,0.9304743339831059,False,False,1.043115438108484,2.825042437100891,-1.5289212675469197,0.9294578706727629,False,False,1.7385257301808066,2.7925185511035187,-2.9266818261389593,0.9314436387607119,False,False
543_z13,11,"(288,855)",False,3350,2.4218303477172816,301.8061325481597,0.847457627118644,0.3283582089552239,2.413607738691804,-1.7135413490739955,0.8537458450524162,False,False,0.8059701492537313,2.408431389174596,-2.891896856988191,0.8604350077679959,False,False,1.0149253731343284,2.4073273414295144,-3.4741777066327266,0.8621944877795111,False,False
682_z08,1,"(428,32)",True,9321,3.0209050365377816,769.541197284454,0.6839594951570297,0.5686085183993134,3.023718258030871,-3.3248104881081937,0.6833296468332964,False,False,2.360261774487716,2.975889370313435,-13.749904950563806,0.7520866044128585,False,False,3.3258234095054178,2.969359061006187,-17.47379320380045,0.7618363205951978,False,False
682_z08,2,"(88,343)",False,2563,2.4514691351511764,234.89444430272832,0.9143774527292187,0.19508388607101054,2.4443989161585375,-1.4535097126319823,0.9224666426253155,False,False,1.0144362075692548,2.429721133959352,-3.0103171800659503,0.934438305709024,False,False,1.6777214202106907,2.4021935729672728,-5.315273169316744,0.9406494960806271,False,False
682_z08,3,"(702,434)",False,3496,2.7975901751705514,313.9482681718907,0.8551859099804305,0.7151029748283753,2.807610630479103,-3.481125171281657,0.8829814296616637,False,False,1.4588100686498855,2.788833946684343,-5.064367779186638,0.8962018730489074,False,False,2.030892448512586,2.7848251984092958,-7.162097598171049,0.9029791721592407,False,False
682_z08,4,"(210,434)",False,4123,4.368988635621147,456.9604614807105,0.7865318580694391,1.3824884792626728,4.342283881594141,-6.799509023425022,0.8200887454618798,False,False,6.13630851321853,3.9808869318692817,-21.132800457616884,0.8761602897894498,False,False,6.791171477079796,3.945382868461217,-23.01169090030552,0.885483870967742,False,False
682_z08,5,"(557,521)",False,1521,2.9743624921316365,233.23759005323592,0.640960809102402,1.5121630506245891,3.011455216411405,-4.789782329985447,0.6738641475483581,False,False,2.5641025641025643,3.04435140809835,-6.21052608669654,0.6961014560826679,False,False,4.076265614727153,3.016499823933255,-9.03416460745288,0.7137964774951077,False,False
682_z08,6,"(438,545)",False,862,2.868252150017504,166.12489168102783,0.7077175697865353,3.0162412993039442,2.723379451684141,-6.8708629073415555,0.7886792452830189,False,False,5.220417633410673,2.7165704544035503,-4.5663153551920255,0.7886100386100386,False,False,18.677494199535964,1.9727338623714117,-30.5360151317716,0.9235836627140975,False,False
682_z08,7,"(1013,673)",True,547,2.9541240021225303,122.60407640085654,0.8115727002967359,0.0,2.9541240021225303,0.0,0.8115727002967359,False,False,1.4625228519195612,2.9485186650135597,-1.3513859393021146,0.8305084745762712,False,False,2.1937842778793417,2.932322198378475,-2.3069601009827636,0.8346333853354134,False,False
682_z08,8,"(152,714)",False,3601,3.454380597392952,329.5218613006978,0.8908955962394854,0.1666203832268814,3.4404603064262473,-0.7847086161204011,0.8916170634920635,False,False,0.8053318522632602,3.402431268693528,-2.2499914066725397,0.8992950654582075,False,False,1.3051930019439044,3.365464984647771,-3.893042808786474,0.904786150712831,False,False
682_z08,9,"(829,724)",False,1853,3.3888554159953035,222.75230867899737,0.9155138339920948,0.32379924446842956,3.3821631306924456,-0.7889297863184863,0.9179920477137177,False,False,0.37776578521316784,3.3847715674722485,0.0,0.9134092033646709,False,False,1.6729627630868862,3.2938290593809,-3.219527967087688,0.9174219536757301,False,False
682_z08,10,"(727,909)",False,2780,2.391907520884928,245.9655121145938,0.9260493004663558,0.5035971223021583,2.37386588979678,-2.340718120757674,0.9316268103738633,False,False,1.0071942446043165,2.3610781385474513,-3.0143305452184053,0.9338310145911096,False,False,2.050359712230216,2.3231478689722325,-6.1681707914341555,0.9418886198547215,False,False
682_z23,1,"(107,13)",True,510,1.7538734949809824,105.1543289325507,0.8095238095238095,1.1764705882352942,1.741118498512387,-3.2468597318167114,0.8275862068965517,False,False,1.5686274509803921,1.7568944636095372,-2.8867417411600913,0.8229508196721311,False,False,1.5686274509803921,1.7568944636095372,-2.8867417411600913,0.8229508196721311,False,False
682_z23,2,"(363,7)",True,448,2.202615402067331,132.84671708797583,0.676737160120846,0.8928571428571429,2.1858974289239823,-1.505494485554753,0.6778625954198473,False,False,12.276785714285714,2.3873347905429014,-15.785533288406137,0.7345794392523365,False,True,25.0,2.99754158063639,-30.947470342817596,0.8215158924205379,False,True
682_z23,3,"(472,61)",False,1379,4.191820803705941,219.6812408671319,0.7971098265895954,0.580130529369108,4.181843072596782,-1.8208200136757644,0.8088495575221238,False,False,5.656272661348804,3.9492230003210413,-13.408447624588604,0.9015939015939016,False,False,6.453952139231327,3.8998210363655725,-14.852163466111925,0.9078114004222378,False,False
682_z23,4,"(920,135)",False,1062,4.352244623593382,210.24368670764582,0.6923076923076923,2.1657250470809792,4.459480241664872,-6.675840842464791,0.7567370721048798,False,False,4.990583804143126,4.441812398807632,-10.827176941081845,0.8196588139723802,False,False,10.357815442561206,4.241522483016179,-18.8314254339971,0.84472049689441,False,False
682_z23,5,"(214,432)",False,4132,3.4603006862576984,335.4213562373095,0.9008066274253325,0.1936108422071636,3.454076874525121,-1.1925299106983556,0.9087703834288233,False,False,0.7260406582768635,3.4445339145933507,-2.776718991141213,0.9255415162454874,False,False,0.9438528557599225,3.4303493035111066,-3.5476259085282678,0.9262276533152297,False,False
682_z23,6,"(704,442)",False,1032,3.0362881049863106,167.23759005323595,0.8417618270799347,0.7751937984496124,3.0052873512500917,-2.3918067694749294,0.8490878938640133,False,False,2.0348837209302326,2.958372400041602,-4.578428956704666,0.8488664987405542,False,False,2.2286821705426356,2.9517496172102584,-4.928700948450316,0.8543607112616427,False,False
682_z23,7,"(477,535)",False,2868,2.2378988670597444,243.52186130069782,0.9165867689357622,0.1394700139470014,2.236295720168919,-0.4810955653000464,0.9191270860077022,False,False,0.8019525801952581,2.2182601565711253,-2.7627589676847486,0.9361632115827575,False,False,1.080892608089261,2.2107219213677927,-3.8245882522572727,0.940026507620941,False,False
682_z23,8,"(349,558)",False,980,2.4631570329098555,167.92388155425118,0.7644305772230889,1.2244897959183674,2.472471518841181,-3.079712562255795,0.7857142857142857,False,False,2.857142857142857,2.491851299371495,-4.0065308156804855,0.8060965283657917,False,False,7.346938775510204,2.524145743240129,-13.330311390889563,0.8566037735849057,False,False
682_z23,9,"(48,592)",True,2962,3.153201071301777,282.8944443027283,0.9170278637770898,0.0675219446320054,3.1555884182056047,-0.20706890835934458,0.9164086687306502,False,False,0.7089804186360568,3.129697739915106,-1.5854964509090108,0.9286390906220398,False,False,2.025658338960162,3.0377391859409926,-5.827361302506688,0.9343206696716033,False,False
682_z23,10,"(172,714)",False,2810,3.213354124151208,263.48023074035524,0.9201047806155861,0.21352313167259787,3.199020392070969,-0.6669795710830825,0.922671931556433,False,False,0.2846975088967972,3.203675402163106,0.0,0.9214074317658665,False,False,1.0676156583629892,3.1470720429036816,-2.499537221111996,0.9269756585528509,False,False
682_z23,11,"(851,726)",False,1297,2.458790821684879,174.50966799187808,0.9133802816901408,0.15420200462606015,2.449598136281564,-0.3356756358359222,0.91454802259887,False,False,1.1565150346954511,2.4513125765692285,-1.4241511102721545,0.9203158650394831,False,False,2.158828064764842,2.401298140493919,-3.241570690373239,0.9249271137026239,False,False
682_z23,12,"(113,837)",False,1519,3.421470436228606,210.16652224137044,0.8387631143014909,0.2633311389071758,3.436952481738936,-0.5574498082564586,0.8421345191773207,False,False,1.0533245556287032,3.4437682324405263,-0.6729014437175169,0.8534923339011925,False,False,1.9091507570770243,3.4221437376843635,-2.4607025039479784,0.8568142610695803,False,False
682_z23,13,"(752,905)",False,2083,1.4994124838054856,185.82337649086284,0.9485428051001822,0.28804608737397985,1.4990253253609813,-0.9457148750965251,0.9505720823798627,False,False,0.4800768122899664,1.4952658344134389,-1.0762908508975146,0.9517906336088154,False,False,0.7681228996639462,1.4855146457226316,-2.1525817017950293,0.956501619620546,False,False
682_z23,14,"(300,920)",False,2782,2.300134282152632,259.27922061357856,0.8762204724409449,0.5391804457225018,2.3123193927751386,-2.4464535705933996,0.8882825040128411,False,False,1.4378145219266714,2.3356114270655213,-4.269940254242526,0.9100564221705941,False,False,2.5880661394680087,2.345125371306506,-8.033203384157115,0.9245991129307404,False,False
682_z29,1,"(99,13)",True,2083,2.479026232800123,262.095454429505,0.8265873015873015,0.3840614498319731,2.476329379014491,-0.8940047264871266,0.8306645316253003,False,False,1.0081613058089294,2.478416428425475,-3.4609786848880084,0.8361719383617194,False,False,8.449351896303408,2.3604708644545154,-21.434049534336218,0.9059382422802851,False,False
682_z29,2,"(921,135)",False,2213,2.773412316680968,229.52186130069782,0.8778262594208648,0.4518752824220515,2.7710128664902105,-1.6370376623768068,0.8988168094655242,False,False,1.0393131495707184,2.783187260271872,-2.7198457923538473,0.9121199500208247,False,False,1.5815634884771803,2.7709674928061236,-4.462599174246119,0.9228813559322034,False,False
682_z29,3,"(449,250)",False,446,4.044863400881565,120.81118318204308,0.7865961199294532,3.1390134529147984,3.9095407050570072,-6.621903526882344,0.8150943396226416,False,False,10.986547085201794,3.479417896628369,-17.358130428106033,0.8340336134453782,False,True,14.798206278026905,3.3105080763357866,-21.638837510877558,0.8463251670378619,False,True
682_z29,4,"(220,431)",False,3140,3.504334518596983,309.27922061357856,0.8885116015846066,0.12738853503184713,3.496548472445363,-0.37880749729306273,0.8906560636182903,False,False,0.7643312101910829,3.4706522755244578,-2.096901745087317,0.9044992743105951,False,False,1.3375796178343948,3.4264158728140526,-3.579635188520458,0.9101057579318449,False,False
682_z29,5,"(493,532)",False,2837,2.142815535225328,235.23759005323592,0.9229017566688354,0.28198801550934083,2.1332190885986932,-1.3482423767970237,0.9251144538914323,False,False,0.4934790271413465,2.1299048571312067,-1.2023703882130792,0.9307616221562809,False,False,0.7754670426506873,2.117154461656463,-2.0525746432164507,0.9361489857000332,False,False
682_z29,6,"(357,555)",False,1634,2.526288529455014,214.16652224137044,0.821105527638191,0.7343941248470012,2.5200087737210137,-2.4147438269671806,0.8309426229508197,False,False,2.9375764993880047,2.5439793898163514,-8.74456094508135,0.8880179171332587,False,False,4.16156670746634,2.5359482733484002,-11.159304772048532,0.903114186851211,False,False
682_z29,7,"(55,590)",True,3781,2.786167218081879,322.8355697996826,0.8770586870795639,0.10579211848717271,2.782465539745603,-0.3629008030251253,0.8761308281141267,False,False,0.37027241470510447,2.7772315065784086,-0.6946696389468061,0.8882339070973827,False,False,2.1951864586088337,2.634345086027868,-6.783482672061256,0.9043775984348251,False,False
682_z29,8,"(182,716)",False,1399,3.5150382227770094,229.4802307403552,0.854090354090354,2.2158684774839172,3.515150037796941,-6.972278155891838,0.8620037807183365,False,False,4.860614724803431,3.423941522531234,-12.219628013216632,0.8699346405228758,False,False,9.220872051465332,3.1346293985235043,-19.957706040936685,0.9000708717221828,False,False
682_z29,9,"(76,831)",False,513,2.406811740205443,109.49747468305833,0.860738255033557,2.729044834307992,2.4148565005480855,-5.257983647153019,0.8723776223776224,False,False,3.508771929824561,2.3586047312729157,-4.944601305230654,0.8669001751313485,False,False,4.678362573099415,2.390875327915661,-6.7711274473074665,0.8732142857142857,False,False
682_z29,10,"(125,842)",False,1130,2.7173429848251973,161.81727983645297,0.8835027365129007,0.4424778761061947,2.6956892899263694,-1.831983640476108,0.8900316455696202,False,False,1.0619469026548674,2.694897103776455,-1.4699787679316296,0.8880063542494043,False,False,1.415929203539823,2.678601053494919,-2.1939885130205865,0.8904876099120703,False,False
682_z29,11,"(761,905)",False,1244,1.4894694720896449,147.19595949289334,0.9325337331334332,0.48231511254019294,1.479549213787003,-1.1938910000892948,0.9378787878787879,False,False,1.2861736334405145,1.4831915173658847,-3.0471497924881104,0.9446153846153846,False,False,1.607717041800643,1.4737809172212115,-3.843077125880967,0.951048951048951,False,False
682_z29,12,"(307,920)",False,2966,2.212703861552828,254.69343417595167,0.8949909474954737,0.4720161834120027,2.2038868659475375,-2.2605055884178546,0.9057993249463026,False,False,1.1800404585300068,2.2147057544176483,-3.331566595618101,0.9205402010050251,False,False,1.8880647336480108,2.2116069978404,-5.9173366053299405,0.930306905370844,False,False
682_z29,13,"(438,978)",False,1624,2.43722000137782,202.69343417595167,0.8475991649269311,0.9236453201970444,2.445372567055346,-2.1427165453901607,0.8735070575461455,False,False,2.70935960591133,2.461635652656389,-6.688104743608136,0.891647855530474,False,False,3.5098522167487687,2.4536896709163583,-8.830821288998296,0.9021301093839954,False,False
