image,lacuna_id,x,y,on_border,area_px2,minor_axis_px,major_axis_px,solidity,aspect,flagged_overlap_fraction,thickness_px,kept_after_r5_opening,mean_red
542_z06,1,909.2744,16.7227,True,1381,43.84407266905756,54.53031796609215,0.6569933396764985,1.2437329528599264,0.0,29.732137494637012,0.8957277335264301,0.9421362752197185
542_z06,2,554.791,148.6539,False,445,11.535696986890635,56.98371813373679,0.7672413793103449,4.939772447082658,1.0,10.198039027185569,0.20674157303370785,0.8126459572593082
542_z06,3,106.1025,66.9281,False,556,25.974430747549782,44.867016837713415,0.5265151515151515,1.7273532295581033,0.0,17.204650534085253,0.7014388489208633,0.897355057130766
542_z06,4,635.0603,143.3408,False,895,27.35635649550685,46.71077643174455,0.7955555555555556,1.7074926055820543,0.0,24.166091947189145,0.8502793296089386,0.9017373206265746
542_z06,5,380.6727,179.6502,False,2450,27.31908759714836,125.58977005972596,0.6618044300378174,4.597143649586429,0.0,25.059928172283335,0.9346938775510204,0.9381736694677872
542_z06,6,870.3569,201.8435,False,4645,49.45785146785116,128.21717412648732,0.7200434041233917,2.5924533784050787,0.0,48.08326112068523,0.9311087190527448,0.949664619346124
542_z06,7,624.6293,304.0032,False,2177,35.289354698874845,80.24056391931576,0.8958847736625515,2.2737894927241085,0.0,34.52535300326414,0.975654570509876,0.957255442369874
542_z06,8,66.5638,423.426,False,3251,40.95380299805122,124.46419002819772,0.6389544025157232,3.0391363174286967,0.0,34.0,0.9400184558597354,0.9066567752908608
542_z06,9,573.2766,481.7314,False,3239,33.48562589396164,125.76714673935444,0.9113674732695555,3.7558547401090583,1.0,34.0,0.9771534424205002,0.9582671969683212
542_z06,10,391.0301,529.6236,False,3188,33.73552821940949,122.40803901026732,0.8804197735432201,3.6284607199314802,0.0,34.92849839314596,0.9639272271016311,0.9543029005830688
542_z06,11,912.8118,594.9578,False,3013,29.612785166806,170.6455442908002,0.5248214596760147,5.762563140534404,0.0,24.413111231467404,0.8728841686027216,0.9097739859302499
542_z06,12,782.628,580.5811,False,3414,33.1799005935972,148.99856000634162,0.8294460641399417,4.490627076655383,0.0,33.1058907144937,0.908904510837727,0.9452025684321766
542_z06,13,247.2671,723.0331,False,4647,45.69022031657468,139.2144118605541,0.8623121172759325,3.046919250902635,0.0,46.0,0.9666451474069292,0.9614206086996883
542_z06,14,724.4328,817.2876,False,1123,18.81820702475179,92.97571027019869,0.6996884735202492,4.9407316089097515,0.0,18.439088914585774,0.8610863757791629,0.8789132750161507
542_z06,15,400.2763,952.2043,True,3750,33.09300025308934,145.25824095029333,0.8964857757590247,4.389394731193433,0.0,32.984845004941285,0.9898666666666667,0.9578760784313726
542_z06,16,948.2617,984.7517,True,1341,19.559604344077513,90.11349922641529,0.9110054347826086,4.607122804797476,0.0,20.0,0.9560029828486204,0.9241098975011334
542_z18,1,914.0415,16.2608,True,602,21.203709554517104,56.2112574864262,0.6644591611479028,2.6510105385994267,0.0,17.08800749063506,0.6810631229235881,0.8136668620936748
542_z18,2,638.6273,129.8709,False,5924,48.26108685974224,181.0427142139619,0.6750227894257065,3.7513186294397682,1.0,48.041648597857254,0.9049628629304524,0.9146350505090625
542_z18,3,382.514,173.3515,False,4438,35.448183039842306,160.6807302858982,0.8989264735669434,4.53283402721374,0.0,36.0,0.9909869310500226,0.9356793821629599
542_z18,4,874.1078,210.2996,False,4342,43.855289074119696,127.79568122582818,0.893048128342246,2.9140312131985056,0.0,44.181444068749045,0.9744357438968217,0.9337867251921496
542_z18,5,79.7008,369.2524,False,5254,46.275760916389046,148.6873580116076,0.9227256761503336,3.2130721368419124,0.0,45.69463863518345,0.9868671488389799,0.9472581114668938
542_z18,6,401.3151,532.2396,False,3405,35.45243519280991,124.60163031632223,0.8958168902920284,3.5146141481867126,0.0,36.0,0.9794419970631424,0.9197489274711353
542_z18,7,924.0489,589.0707,False,4133,37.55697504236893,149.9612519114573,0.8610416666666667,3.9929001668074275,0.0,36.05551275463989,0.9818533752721994,0.900528980041085
542_z18,8,785.133,570.0315,False,2572,30.243271057390384,119.29377751203371,0.8307493540051679,3.944473376760697,0.0,29.120439557122072,0.9731726283048211,0.8516665141951028
542_z18,9,247.5361,739.4517,False,3684,32.9691621943324,159.33663727207778,0.805421950153039,4.832899190245991,0.0,32.2490309931942,0.9522258414766558,0.8773253709735794
542_z18,10,732.5244,813.822,False,3421,34.92516770819444,128.43098835767927,0.8774044626827392,3.6773191593735914,0.0,34.92849839314596,0.9698918444899153,0.9196072699760992
542_z18,11,407.9035,944.8156,False,2890,33.40804380798826,110.80328710956564,0.9298584298584298,3.316664924962511,0.0,34.058772731852805,0.9948096885813149,0.9118366239229255
542_z18,12,937.6988,990.1555,False,508,15.669736269313539,44.394693130023846,0.9169675090252708,2.8331487120790384,0.0,16.0,0.8366141732283464,0.8571252122896403
543-2,1,271.1808,88.1403,False,2494,36.771289623125554,90.61123330890518,0.9095550692924872,2.4641842654308093,0.0,36.05551275463989,0.9683239775461107,0.8395804833561332
543-2,2,919.0333,207.7913,False,3004,52.83656935036576,86.0791000597422,0.7720380364944744,1.6291576292348044,0.0,39.293765408777,0.9707057256990679,0.7966541343568052
543-2,3,340.8051,257.4252,False,1698,34.3534784958653,63.46009309994712,0.9550056242969629,1.8472683372539702,0.0,33.94112549695428,0.9893992932862191,0.8261668860712718
543-2,4,38.7695,297.0319,False,1631,30.95598344410609,87.50172273714331,0.741026805997274,2.8266497459250752,0.0,30.0,0.9435928877988964,0.7873192195333069
543-2,5,364.613,394.2633,False,1204,28.64784348880057,55.37928181303749,0.9176829268292683,1.9331047321131574,0.0,28.284271247461902,0.967607973421927,0.7739235228975312
543-2,6,745.5315,472.2469,False,2066,34.84678697569015,81.29895389454062,0.8619107217355028,2.3330401724341607,0.0,34.23448553724738,0.9607938044530494,0.830693012926371
543-2,7,484.8297,459.3869,False,1233,27.847921287128425,57.03324556499271,0.927765237020316,2.048025235957343,0.0,26.68332812825267,0.9724249797242498,0.7684143568213985
543-2,8,877.6099,550.2623,False,2066,26.982622270492467,100.44834152819729,0.9017896115233522,3.7227049514029305,0.0,28.284271247461902,0.9762826718296225,0.76561509405311
543-2,9,193.3272,642.811,False,2656,32.5449269299785,108.83781455711795,0.8877005347593583,3.34423287510481,0.0,31.04834939252005,0.9849397590361446,0.7997800023623907
543-2,10,633.991,728.2953,False,2113,30.22878599405232,91.9731456185831,0.9135322092520536,3.0425682869526858,0.0,28.635642126552707,0.987221959299574,0.8173454710800553
543-2,11,480.0667,787.1661,False,2173,32.21488658495395,86.85309965185611,0.9358311800172265,2.6960548013358854,0.0,32.55764119219941,0.9811320754716981,0.8162294830495476
543-2,12,288.0416,859.4817,False,1997,38.384077536856296,68.5432486007824,0.9402071563088512,1.7857208769695545,0.0,38.0,0.9829744616925388,0.8177639007530904
543_3,1,270.8979,79.3965,False,2174,35.24124988161072,80.86688427566862,0.9518388791593695,2.2946656133744527,0.0,34.40930106817051,0.9898804047838087,0.8031062286920289
543_3,2,916.9017,197.0592,False,3447,63.948648754074235,90.3677322851551,0.6740320688306609,1.4131296602165917,0.0,39.59797974644666,0.9561937917029301,0.7793887267700814
543_3,3,340.47,250.8327,False,1883,34.869374825749,69.26168686785725,0.9448068238835926,1.9863185736473696,0.0,34.17601498127012,0.984599044078598,0.8095550487853135
543_3,4,369.9386,388.6706,False,2052,39.42278923361732,69.20146132057154,0.911190053285968,1.7553669505850389,0.0,38.8329756778952,0.9775828460038987,0.8144096625004779
543_3,5,745.1911,473.0499,False,2266,35.56911113928867,88.16133424724113,0.9020700636942676,2.478592560325763,0.0,36.22154055254967,0.968667255075022,0.8143588944845369
543_3,6,876.8661,545.1897,False,1344,23.02990258316773,87.69338442697034,0.7764298093587522,3.807805270138848,0.0,20.0,0.9032738095238095,0.646218487394958
543_3,7,198.3155,634.6803,False,1683,31.37352080738214,71.01228224067084,0.9355197331851028,2.263446384505298,0.0,32.2490309931942,0.976232917409388,0.6784942854147007
543_3,8,635.4403,734.3014,False,2203,31.405326414518242,91.20919029411219,0.929535864978903,2.9042586308527416,0.0,33.52610922848042,0.9745801180208806,0.7862807401671517
543_3,9,481.4953,780.5761,False,2633,36.277814905772935,93.55916482019269,0.9454219030520646,2.5789636190382708,0.0,38.05259518088089,0.9874667679453095,0.7849392700490756
543_3,10,184.8343,1012.2844,True,531,24.825212906008943,28.788108236434294,0.9332161687170475,1.1596318768918243,0.0,22.360679774997898,0.9096045197740112,0.7458365643809313
543_z13,1,270.2858,97.9678,False,2019,33.28220495564377,79.1535439262749,0.9416977611940298,2.3782542061670884,0.0,33.52610922848042,0.9811788013868251,0.8423913993532034
543_z13,2,828.4386,131.3492,False,839,17.86303579926099,61.66650068586477,0.906047516198704,3.452184800996478,0.0,18.0,0.8963051251489869,0.8054827175208581
543_z13,3,919.2483,218.8203,False,1736,33.381544717378546,73.33562668477667,0.8374336710082007,2.1968913453725794,0.0,28.071337695236398,0.9735023041474654,0.7444835998915695
543_z13,4,340.4982,263.1037,False,1138,31.622674465649347,46.831668858787005,0.9252032520325203,1.480952185421846,0.0,31.622776601683793,0.9666080843585237,0.8153037664978118
543_z13,5,481.0926,459.6211,False,2267,33.28520282803453,87.90827348660581,0.9473464270789803,2.641061673584422,0.0,32.0,0.9832377591530658,0.8550386188882259
543_z13,6,748.086,475.2209,False,860,26.47624572591651,45.47452299208532,0.8540218470705064,1.7175593346141282,0.0,22.80350850198276,0.9395348837209302,0.6664614683082535
543_z13,7,873.7344,546.6735,False,2150,27.531148994003125,103.91755971132683,0.9231429798196651,3.7745449611987607,0.0,28.071337695236398,0.9623255813953489,0.7990241678066575
543_z13,8,188.3297,642.6703,False,3069,37.08399815662939,109.35849891836344,0.909872517047139,2.948940361189554,0.0,36.05551275463989,0.9850114043662431,0.8553146902293014
543_z13,9,630.2376,731.5359,False,1616,28.376259617272172,74.02182229047907,0.9244851258581236,2.6085827832440316,0.0,28.071337695236398,0.9758663366336634,0.7973160551349253
543_z13,10,478.379,793.137,False,1438,25.536705418169543,72.5091619644817,0.9235709698137444,2.839409421737345,0.0,24.73863375370596,0.9631432545201669,0.7888625269301045
543_z13,11,288.1039,854.9167,False,3350,44.511598479422275,107.79954002287127,0.847457627118644,2.4218303477172816,0.0,44.04543109109048,0.9853731343283582,0.8526930055604331
682_z08,1,428.1616,31.8256,True,9321,69.70658893573496,210.57698559583054,0.6839594951570297,3.0209050365377816,1.0,66.57326790837296,0.946357686943461,0.9137292767122941
682_z08,2,87.595,342.6867,False,2563,36.754551850448436,90.1026494376879,0.9143774527292187,2.4514691351511764,0.0,38.0,0.9742489270386266,0.9429222801098591
682_z08,3,701.9173,434.2543,False,3496,40.71200987225943,113.89551883007948,0.8551859099804305,2.7975901751705514,0.0,42.04759208325728,0.9685354691075515,0.9364349172163146
682_z08,4,210.1004,433.9658,False,4123,36.564839208001914,159.7513669630749,0.7865318580694391,4.368988635621147,0.0,36.05551275463989,0.9226291535289838,0.9306320830539346
682_z08,5,556.9513,520.501,False,1521,30.12711876749787,89.60897205804076,0.640960809102402,2.9743624921316365,0.0,24.0,0.9072978303747534,0.9016771731703859
682_z08,6,438.1636,545.4838,False,862,21.29418986866853,61.07710587368946,0.7077175697865353,2.868252150017504,0.0,21.2602916254693,0.7529002320185615,0.8558300350302535
682_z08,7,1013.4461,672.9872,True,547,17.08742422325468,50.478370032366584,0.8115727002967359,2.9541240021225303,0.0,14.560219778561036,0.696526508226691,0.7831021256765961
682_z08,8,152.0064,713.9261,False,3601,37.04732462766986,127.97555937914083,0.8908955962394854,3.454380597392952,0.0,40.0,0.9613996112191058,0.942065112632112
682_z08,9,828.8516,723.7312,False,1853,27.174764501006994,92.09134785763446,0.9155138339920948,3.3888554159953035,0.0,28.0,0.9660010793308149,0.9136154407796578
682_z08,10,727.0924,908.6133,False,2780,39.166842845827695,93.6834659722533,0.9260493004663558,2.391907520884928,0.0,37.73592452822641,0.9766187050359713,0.9290026802087743
682_z23,1,106.8725,13.3863,True,510,20.548136716352897,36.0388323580569,0.8095238095238095,1.7538734949809824,1.0,18.0,0.9117647058823529,0.6948250672818147
682_z23,2,363.067,7.0045,True,448,19.84575428539149,43.71256405464704,0.676737160120846,2.202615402067331,1.0,12.806248474865697,0.3482142857142857,0.6431285014005602
682_z23,3,471.5932,60.8564,False,1379,21.343094158423817,89.46642610873569,0.7971098265895954,4.191820803705941,1.0,22.0,0.9202320522117476,0.7667107452117903
682_z23,4,920.3955,135.1243,False,1062,19.269721361355295,83.86654119310113,0.6923076923076923,4.352244623593382,0.0,16.492422502470642,0.8418079096045198,0.7846940659502972
682_z23,5,214.1382,431.9787,False,4132,39.42435799596051,136.42013302869134,0.9008066274253325,3.4603006862576984,0.0,40.0,0.9842691190706679,0.840835753468861
682_z23,6,703.5824,441.6357,False,1032,21.720091934892885,65.94845678112436,0.8417618270799347,3.0362881049863106,0.0,21.633307652783937,0.9147286821705426,0.7030893752849976
682_z23,7,477.113,534.7193,False,2868,40.6809370325517,91.03982289607625,0.9165867689357622,2.2378988670597444,0.0,39.84971769034255,0.9843096234309623,0.8818401837722536
682_z23,8,348.5255,557.8194,False,980,24.702353209299567,60.845775036909565,0.7644305772230889,2.4631570329098555,0.0,20.09975124224178,0.8918367346938776,0.8251380552220888
682_z23,9,47.6516,591.5142,True,2962,35.508428595086805,111.96521508627036,0.9170278637770898,3.153201071301777,0.0,38.05259518088089,0.9682646860229575,0.8435675418040276
682_z23,10,172.0897,714.1174,False,2810,33.82506624609253,108.69191612156925,0.9201047806155861,3.213354124151208,0.0,34.17601498127012,0.9786476868327402,0.7361272765333892
682_z23,11,851.2128,725.7433,False,1297,26.857706697337445,66.03748271891781,0.9133802816901408,2.458790821684879,0.0,26.076809620810597,0.9545104086353122,0.6519570048528277
682_z23,12,113.1639,837.2284,False,1519,25.181156192408192,86.15658146237952,0.8387631143014909,3.421470436228606,0.0,26.076809620810597,0.9387755102040817,0.7685267655449277
682_z23,13,752.2055,905.1709,False,2083,42.30487270737731,63.43245426324351,0.9485428051001822,1.4994124838054856,0.0,41.23105625617661,0.9894383101296207,0.8023213125864845
682_z23,14,300.2333,919.6104,False,2782,39.69105995737785,91.29476770294038,0.8762204724409449,2.300134282152632,0.0,39.293765408777,0.9690869877785766,0.871605982436109
682_z29,1,99.4023,13.4983,True,2083,34.89597586996979,86.5080396008152,0.8265873015873015,2.479026232800123,1.0,30.59411708155671,0.8881421027364378,0.7439119670912051
682_z29,2,921.2924,134.9137,False,2213,32.148642249498565,89.16144037932946,0.8778262594208648,2.773412316680968,0.0,32.31098884280702,0.9724356077722549,0.8743379141082552
682_z29,3,449.3587,249.9865,False,446,12.265840048041765,49.61364749139151,0.7865961199294532,4.044863400881565,0.0,12.165525060596439,0.7062780269058296,0.6336498725050559
682_z29,4,220.0927,431.0478,False,3140,34.41935936650031,120.61694913602142,0.8885116015846066,3.504334518596983,0.0,36.05551275463989,0.9745222929936306,0.7261458723616835
682_z29,5,493.0553,532.0427,False,2837,41.49600593763821,88.91828617297362,0.9229017566688354,2.142815535225328,0.0,42.0,0.9837856891082128,0.8298340555820495
682_z29,6,357.1867,555.4829,False,1634,30.0550787921766,75.92780080454241,0.821105527638191,2.526288529455014,0.0,28.635642126552707,0.9388004895960832,0.8328029375764994
682_z29,7,55.0987,590.4819,True,3781,43.608817354351174,121.50145733201339,0.8770586870795639,2.786167218081879,0.0,46.04345773288535,0.9661465220841048,0.7847566003391572
682_z29,8,181.5704,716.1351,False,1399,23.191790100096537,81.52002865646077,0.854090354090354,3.5150382227770094,0.0,23.40939982143925,0.8763402430307362,0.616353417707326
682_z29,9,75.5867,830.5653,False,513,17.384377971240202,41.840924997349795,0.860738255033557,2.406811740205443,0.0,16.0,0.9122807017543859,0.6289187019837174
682_z29,10,125.2372,842.292,False,1130,23.668840889595227,64.31635875028537,0.8835027365129007,2.7173429848251973,0.0,23.323807579381203,0.9769911504424779,0.7214645150095437
682_z29,11,760.8071,904.5997,False,1244,33.379219534457306,49.71732849875249,0.9325337331334332,1.4894694720896449,0.0,32.55764119219941,0.9742765273311897,0.6872296828699325
682_z29,12,307.385,920.4009,False,2966,41.63339501791928,92.12237392570425,0.8949909474954737,2.212703861552828,0.0,41.23105625617661,0.9706675657451113,0.8275950973781285
682_z29,13,437.6151,978.4969,False,1624,29.765119590474995,72.54414480930845,0.8475991649269311,2.43722000137782,0.0,27.85677655436824,0.9544334975369458,0.7979571138800349
