subset,measure,pooled_rho,pooled_p,pooled_n,within_median_rho,within_min_rho,within_max_rho,within_positive,within_images,between_images_rho,between_images_p,between_images_n,rho_542_z06,rho_542_z18,rho_543-2,rho_543_3,rho_543_z13,rho_682_z08,rho_682_z23,rho_682_z29
interior,roots,0.6869876128519443,2.807767241441477e-13,86,0.5043369312156767,0.3852570642647098,0.8858797963587233,8,8,0.8383383833392813,0.009323115735056047,8,0.8858797963587233,0.41017744880383383,0.45488506907257675,0.39497192920352836,0.5537887933587765,0.8263621207201486,0.3852570642647098,0.7853220276760497
interior,roots_per_100px_perimeter,-0.13013944185519935,0.23236447555546033,86,-0.03561438561438562,-0.38181818181818183,0.4285714285714286,3,8,-0.2380952380952381,0.5701563208157683,8,-0.04395604395604395,-0.38181818181818183,0.3327500724607145,0.18333333333333335,-0.02727272727272728,0.4285714285714286,-0.36363636363636365,-0.21818181818181823
interior,ring30_px,0.6835957772737594,4.07653339496562e-13,86,0.6143101491076516,0.1138955118945513,0.8791208791208791,8,8,0.880952380952381,0.0038503204637324014,8,0.8791208791208791,0.7727272727272727,0.5429080129622184,0.5857791861290061,0.6363636363636364,0.6666666666666669,0.1138955118945513,0.5922566618516668
interior,ring_density30,0.030775181731469963,0.7784897489242104,86,0.1306800563400804,-0.39090909090909093,0.5164835164835164,4,8,-0.023809523809523815,0.9553740118158807,8,0.5164835164835164,0.4727272727272727,0.29772374904379717,0.33333333333333337,-0.39090909090909093,-0.07142857142857144,-0.21818181818181823,-0.03636363636363637
interior,ring_area30_px2,0.9426193935505783,8.789417774816388e-42,86,0.9025480660453165,0.8406593406593407,0.9761904761904763,8,8,0.8571428571428572,0.006530017254715292,8,0.8406593406593407,0.8909090909090911,0.9141870411815418,0.8833333333333333,0.9636363636363637,0.9761904761904763,0.8909090909090911,0.9636363636363637
interior,ring60_px,0.6382119574218169,3.846769143675614e-11,86,0.6577922077922078,0.25512594664379495,0.8616475560561659,8,8,0.5952380952380953,0.11952980613879262,8,0.7252747252747254,0.6727272727272727,0.8616475560561659,0.26666666666666666,0.8363636363636365,0.6428571428571429,0.25512594664379495,0.5
interior,ring_density60,-0.0575312870013807,0.598782422563489,86,0.14330669330669332,-0.5545454545454546,0.3727272727272728,5,8,-0.30952380952380953,0.4556448907375822,8,0.15934065934065936,0.3727272727272728,0.24868689626011295,-0.2833333333333333,-0.5545454545454546,0.2142857142857143,-0.4090909090909091,0.1272727272727273
interior,ring_area60_px2,0.9087075272874692,1.2833567526224817e-33,86,0.8500000000000001,0.7545454545454545,0.9761904761904763,8,8,0.8571428571428572,0.006530017254715292,8,0.8021978021978022,0.881818181818182,0.9422080999150758,0.7666666666666667,0.9636363636363637,0.9761904761904763,0.7545454545454545,0.8181818181818182
interior,perimeter_px,0.9270191096726993,1.5509367544461943e-37,86,0.8454545454545456,0.5166666666666667,0.9761904761904763,8,8,0.9285714285714287,0.0008629681828999769,8,0.8241758241758241,0.8363636363636365,0.7880922768806397,0.5166666666666667,0.952166479438449,0.9761904761904763,0.8545454545454546,0.9545454545454546
"interior, in-frame >= 0.9",roots,0.6765253174658555,1.1921742863496636e-12,85,0.5043369312156767,0.20991253953004688,0.8858797963587233,8,8,0.8622909085775464,0.005872990672297006,8,0.8858797963587233,0.20991253953004688,0.45488506907257675,0.39497192920352836,0.5537887933587765,0.8263621207201486,0.3852570642647098,0.7853220276760497
"interior, in-frame >= 0.9",roots_per_100px_perimeter,-0.1360282981072709,0.21448418311819872,85,-0.03561438561438562,-0.36363636363636365,0.4285714285714286,3,8,-0.2380952380952381,0.5701563208157683,8,-0.04395604395604395,-0.33333333333333326,0.3327500724607145,0.18333333333333335,-0.02727272727272728,0.4285714285714286,-0.36363636363636365,-0.21818181818181823
"interior, in-frame >= 0.9",ring30_px,0.6734677926596141,1.6400987998019102e-12,85,0.6143101491076516,0.1138955118945513,0.8791208791208791,8,8,0.9047619047619048,0.0020082755054294677,8,0.8791208791208791,0.6969696969696969,0.5429080129622184,0.5857791861290061,0.6363636363636364,0.6666666666666669,0.1138955118945513,0.5922566618516668
"interior, in-frame >= 0.9",ring_density30,-0.0015145667117960311,0.989023952400027,85,0.13030303030303028,-0.39090909090909093,0.5164835164835164,4,8,-0.023809523809523815,0.9553740118158807,8,0.5164835164835164,0.29696969696969694,0.29772374904379717,0.33333333333333337,-0.39090909090909093,-0.07142857142857144,-0.21818181818181823,-0.03636363636363637
"interior, in-frame >= 0.9",ring_area30_px2,0.9407264092867822,9.800051063656108e-41,85,0.9025480660453165,0.8406593406593407,0.9761904761904763,8,8,0.8571428571428572,0.006530017254715292,8,0.8406593406593407,0.8545454545454544,0.9141870411815418,0.8833333333333333,0.9636363636363637,0.9761904761904763,0.8909090909090911,0.9636363636363637
"interior, in-frame >= 0.9",ring60_px,0.6304681677946615,2.8371832756616977e-10,81,0.5850649350649351,0.1666666666666667,0.8473826084954618,8,8,0.6666666666666669,0.07098765432098751,8,0.7252747252747254,0.1666666666666667,0.8473826084954618,0.26666666666666666,0.8363636363636365,0.6428571428571429,0.25512594664379495,0.5272727272727272
"interior, in-frame >= 0.9",ring_density60,-0.10565777810567059,0.34784824273427584,81,-0.07965367965367967,-0.5545454545454546,0.2142857142857143,4,8,-0.4047619047619048,0.3198886412288162,8,0.15934065934065936,-0.2380952380952381,0.18678863950706415,-0.2833333333333333,-0.5545454545454546,0.2142857142857143,-0.4090909090909091,0.07878787878787878
"interior, in-frame >= 0.9",ring_area60_px2,0.9110597959709116,3.897837622838536e-32,81,0.8404928404928405,0.7142857142857144,0.9761904761904763,8,8,0.9285714285714287,0.0008629681828999769,8,0.8021978021978022,0.7142857142857144,0.9430548384868849,0.7666666666666667,0.9636363636363637,0.9761904761904763,0.7545454545454545,0.8787878787878788
"interior, in-frame >= 0.9",perimeter_px,0.924510326036919,1.6067207203045666e-36,85,0.8393606393606394,0.5166666666666667,0.9761904761904763,8,8,0.9285714285714287,0.0008629681828999769,8,0.8241758241758241,0.7818181818181817,0.7880922768806397,0.5166666666666667,0.952166479438449,0.9761904761904763,0.8545454545454546,0.9545454545454546
