image,lacuna_id,x,y,on_border,area_px2,perimeter_px,roots,ring30_px,ring60_px,owned_length_px,edge_count,ring_area30_px2,full_annulus30_px2,in_frame_fraction30,ring_density30,ring_area60_px2,full_annulus60_px2,in_frame_fraction60,ring_density60,roots_per_100px_perimeter
542_z06,1,909.2744,16.7227,True,1381.0,215.23149339882605,6,176,516,1032.992,33,5617,8827,0.636343038404894,0.031333452020651596,12694,23010,0.5982616253802695,0.04064912557113597,2.7876961244151857
542_z06,2,554.791,148.6539,False,445.0,126.46803743153546,4,177,487,335.0782,10,6226,6283,1.0,0.028429168005139737,14794,18199,1.0,0.03291875084493714,3.162854489748395
542_z06,3,106.1025,66.9281,False,556.0,160.63961030678928,5,218,612,292.9361,15,6976,6976,1.0,0.03125,18799,19233,0.9774346175843602,0.03255492313420927,3.112557351484486
542_z06,4,635.0603,143.3408,False,895.0,151.78174593052023,5,200,560,387.1909,14,6752,6809,1.0,0.02962085308056872,15321,19150,1.0,0.03655113895959794,3.2942037722301634
542_z06,5,380.6727,179.6502,False,2450.0,322.04267658086917,7,264,816,504.931,15,11663,11663,1.0,0.022635685501157507,28685,28685,1.0,0.0284469234791703,2.1736249599957005
542_z06,6,870.3569,201.8435,False,4645.0,438.5168106668145,11,665,1478,1337.6144,47,13901,13901,1.0,0.04783828501546651,31616,32682,1.0,0.04674848178137652,2.50845571536317
542_z06,7,624.6293,304.0032,False,2177.0,211.92388155425118,8,305,727,688.6589,19,8845,8845,1.0,0.034482758620689655,21455,23267,1.0,0.03388487532043813,3.7749402952267324
542_z06,8,66.5638,423.426,False,3251.0,359.19090885901,10,319,663,414.1198,20,12383,12383,1.0,0.02576112412177986,27034,29956,0.9024569368406997,0.024524672634460308,2.7840348275421443
542_z06,9,573.2766,481.7314,False,3239.0,302.45079348883235,10,391,962,1157.4012,33,11295,11295,1.0,0.03461708720672864,27170,28245,1.0,0.0354066985645933,3.306322950800669
542_z06,10,391.0301,529.6236,False,3188.0,309.5218613006978,8,383,1079,919.2935,20,11337,11337,1.0,0.03378318779218488,28286,28286,1.0,0.038146079332531994,2.584631652957162
542_z06,11,912.8118,594.9578,False,3013.0,468.2741699796952,13,606,1550,1771.6043,55,15363,15363,1.0,0.03944542081624683,34096,35800,1.0,0.04545987799155326,2.7761514158604332
542_z06,12,782.628,580.5811,False,3414.0,422.97770542341357,13,449,1081,955.2397,42,13165,13165,1.0,0.034105582985187996,30001,31806,1.0,0.036032132262257925,3.0734480407156695
542_z06,13,247.2671,723.0331,False,4647.0,379.84776310850236,13,471,1041,2992.182,83,13296,13296,1.0,0.035424187725631766,32108,32108,1.0,0.03242182633611561,3.422423734607222
542_z06,14,724.4328,817.2876,False,1123.0,217.92388155425118,5,251,740,1091.4012,28,8830,8830,1.0,0.028425821064552662,22986,23182,1.0,0.03219350909249108,2.2943791035381644
542_z06,15,400.2763,952.2043,True,3750.0,332.8944443027283,4,264,763,404.3919,20,10505,12212,0.8602194562725188,0.025130890052356022,23806,30063,0.7918704054818215,0.03205074351003948,1.2015820835875743
542_z06,16,948.2617,984.7517,True,1341.0,205.77564927611036,4,114,467,97.0833,6,6766,8629,0.7841001274771121,0.016848950635530595,16357,22908,0.714030033176183,0.028550467689674147,1.9438645991746033
542_z18,1,914.0415,16.2608,True,602.0,142.8111831820431,4,196,529,586.6884,26,4575,6798,0.6729920564872022,0.04284153005464481,11641,19174,0.620684259935329,0.04544283137187527,2.8009010995316475
542_z18,2,638.6273,129.8709,False,5924.0,625.7249634685277,19,574,1322,1962.1139,73,16860,17669,0.9542135944309242,0.034045077105575326,35430,39986,0.8860601210423649,0.03731301157211403,3.0364778631619433
542_z18,3,382.514,173.3515,False,4438.0,377.01933598375615,8,385,1044,1073.3646,33,13152,13152,1.0,0.029273114355231142,31926,31926,1.0,0.0327006201841759,2.121907084453801
542_z18,4,874.1078,210.2996,False,4342.0,337.7056274847714,7,431,1139,961.4773,23,12118,12118,1.0,0.03556692523518733,29514,29774,1.0,0.03859185471301755,2.0728111794096944
542_z18,5,79.7008,369.2524,False,5254.0,371.8061325481598,6,329,924,290.3503,12,13199,13199,1.0,0.024926130767482384,31872,32014,0.9955644405572562,0.028990963855421686,1.61374422710008
542_z18,6,401.3151,532.2396,False,3405.0,308.5929291125633,10,325,1007,1513.6509,48,11379,11379,1.0,0.0285613850074699,28385,28385,1.0,0.03547648405848159,3.2405149491783622
542_z18,7,924.0489,589.0707,False,4133.0,382.8772003600252,8,473,1313,928.9504,37,12760,12760,1.0,0.03706896551724138,30245,31030,1.0,0.04341213423706398,2.0894427749882936
542_z18,8,785.133,570.0315,False,2572.0,306.492424049175,7,302,892,1068.1514,33,10697,10697,1.0,0.028232214639618586,26160,26942,1.0,0.03409785932721712,2.2839063711659278
542_z18,9,247.5361,739.4517,False,3684.0,437.26197667087547,9,376,978,457.3036,17,14880,14880,1.0,0.025268817204301075,35351,35351,1.0,0.027665412576730504,2.058262661785076
542_z18,10,732.5244,813.822,False,3421.0,326.8355697996826,8,405,1142,1149.7199,35,11837,11837,1.0,0.03421475035904368,29271,29286,1.0,0.039014724471319734,2.4477140003161826
542_z18,11,407.9035,944.8156,False,2890.0,263.48023074035524,6,230,605,570.4874,16,9968,10174,0.9797523098093178,0.023073836276083465,22850,26015,0.8783394195656352,0.026477024070021882,2.2772106974176207
542_z18,12,937.6988,990.1555,False,508.0,108.76955262170046,3,98,290,723.1981,25,5218,5905,0.883657917019475,0.018781142200076657,13093,17457,0.7500143209027897,0.02214924005193615,2.7581247947520513
543-2,1,271.1808,88.1403,False,2494.0,244.49242404917499,9,366,1178,1615.5454,73,9510,9510,1.0,0.038485804416403785,23791,24637,0.9842919186589276,0.049514522298348115,3.681095655622369
543-2,2,919.0333,207.7913,False,3004.0,295.1198410471445,12,510,1353,3672.5811,146,10519,10519,1.0,0.04848369616883734,26271,26271,1.0,0.05150165581820258,4.066144776109118
543-2,3,340.8051,257.4252,False,1698.0,172.89444430272835,10,316,919,1009.4478,35,7548,7548,1.0,0.041865394806571275,18977,20741,1.0,0.04842704326289719,5.783875844206173
543-2,4,38.7695,297.0319,False,1631.0,232.5512985522207,8,305,695,1016.0925,52,8756,9145,0.9574630945872061,0.03483325719506624,18925,23871,0.792802982698672,0.03672391017173052,3.4401011947923203
543-2,5,364.613,394.2633,False,1204.0,154.2670273047588,4,256,826,509.0021,18,7010,7010,1.0,0.03651925820256776,17818,19659,1.0,0.046357615894039736,2.592906643684712
543-2,6,745.5315,472.2469,False,2066.0,231.76450198781714,7,314,898,1516.7392,50,9080,9080,1.0,0.03458149779735683,22988,23735,1.0,0.039063859404906906,3.020307225637151
543-2,7,484.8297,459.3869,False,1233.0,155.92388155425118,2,136,718,352.664,10,7017,7017,1.0,0.019381502066410147,19168,19679,1.0,0.03745826377295493,1.2826771499426357
543-2,8,877.6099,550.2623,False,2066.0,254.24978336205572,10,357,1078,3205.0836,103,9429,9429,1.0,0.0378619153674833,23720,24477,1.0,0.0454468802698145,3.933140027796933
543-2,9,193.3272,642.811,False,2656.0,277.0782104868019,6,250,940,568.7595,22,10094,10094,1.0,0.024767188428769567,25807,25807,1.0,0.03642422598519782,2.1654535697550994
543-2,10,633.991,728.2953,False,2113.0,227.6223663640862,7,288,1033,826.2397,33,8939,8939,1.0,0.03221836894507216,23523,23523,1.0,0.043914466692173616,3.075268969308302
543-2,11,480.0667,787.1661,False,2173.0,225.52186130069782,9,336,1082,3947.6004,134,8872,8872,1.0,0.03787195671776375,23390,23390,1.0,0.04625908507909363,3.990743934132363
543-2,12,288.0416,859.4817,False,1997.0,193.7228714274745,7,245,877,2008.2388,72,8132,8132,1.0,0.03012788981800295,21901,21901,1.0,0.04004383361490343,3.6134091697172903
543_3,1,270.8979,79.3965,False,2174.0,210.06601717798213,5,249,958,724.3524,25,8595,8595,1.0,0.028970331588132635,21715,22840,0.9615586690017514,0.044116969836518534,2.3802041220992267
543_3,2,916.9017,197.0592,False,3447.0,363.445742854949,9,506,1333,1420.8103,50,12097,12097,1.0,0.04182855253368604,29071,29071,1.0,0.04585325582195315,2.4762980931632192
543_3,3,340.47,250.8327,False,1883.0,184.79393923933998,7,300,926,2529.8856,80,7941,7941,1.0,0.037778617302606725,19515,21526,1.0,0.047450678964898796,3.7880030204528485
543_3,4,369.9386,388.6706,False,2052.0,205.96551211459382,10,348,934,2573.6846,94,8333,8333,1.0,0.041761670466818675,20507,22294,1.0,0.04554542351392207,4.855181771614396
543_3,5,745.1911,473.0499,False,2266.0,241.9066376115481,7,336,995,1754.8885,57,9380,9380,1.0,0.03582089552238806,23807,24399,1.0,0.04179443020960222,2.893678350091637
543_3,6,876.8661,545.1897,False,1344.0,248.2497833620557,6,277,1053,1516.2367,53,8529,8529,1.0,0.032477429944893894,21925,22518,1.0,0.048027366020524515,2.4169205381538648
543_3,7,198.3155,634.6803,False,1683.0,191.9655121145938,4,172,758,96.3553,4,7943,7943,1.0,0.021654286793402998,21525,21525,1.0,0.03521486643437863,2.0837076180705836
543_3,8,635.4403,734.3014,False,2203.0,238.10764773832474,8,348,1040,1601.526,43,9212,9212,1.0,0.0377768128528007,24077,24077,1.0,0.043194750176517006,3.3598248842438823
543_3,9,481.4953,780.5761,False,2633.0,242.93607486307093,6,286,912,698.5828,18,9386,9386,1.0,0.030470914127423823,24420,24420,1.0,0.03734643734643735,2.469785520072247
543_3,10,184.8343,1012.2844,True,531.0,95.39087296526012,1,106,451,43.2426,1,3354,5497,0.6101509914498817,0.031604054859868815,9525,16637,0.5725190839694656,0.0473490813648294,1.0483183232469049
543_z13,1,270.2858,97.9678,False,2019.0,205.03657992645927,8,331,1011,4094.9457,153,8499,8499,1.0,0.038945758324508764,22530,22643,1.0,0.04487350199733688,3.901742802610817
543_z13,2,828.4386,131.3492,False,839.0,151.29646455628165,7,310,883,1843.9941,65,6982,6982,1.0,0.04439988541965053,17707,19623,1.0,0.04986728412492235,4.626677841104495
543_z13,3,919.2483,218.8203,False,1736.0,205.03657992645927,9,343,876,915.0092,33,8219,8219,1.0,0.0417325708723689,20045,22018,1.0,0.04370167123971065,4.389460652937169
543_z13,4,340.4982,263.1037,False,1138.0,139.6812408671319,3,226,828,515.6884,14,6734,6734,1.0,0.033561033561033564,18999,19115,1.0,0.04358124111795358,2.1477472432061733
543_z13,5,481.0926,459.6211,False,2267.0,223.82337649086284,5,326,1067,4189.1934,150,8900,8900,1.0,0.036629213483146066,23453,23453,1.0,0.045495245810770475,2.2339042857769216
543_z13,6,748.086,475.2209,False,860.0,141.3380951166243,4,287,861,284.9361,16,6516,6516,1.0,0.044045426642111724,17817,18631,1.0,0.04832463377673009,2.830093328128856
543_z13,7,873.7344,546.6735,False,2150.0,254.93607486307093,4,308,1041,167.5807,8,9810,9810,1.0,0.031396534148827725,24446,25274,1.0,0.042583653767487524,1.5690207837978385
543_z13,8,188.3297,642.6703,False,3069.0,278.5929291125633,10,317,955,1859.2977,69,10387,10387,1.0,0.030518917878116877,26403,26403,1.0,0.03617013218194902,3.589466549583381
543_z13,9,630.2376,731.5359,False,1616.0,195.7228714274745,7,254,944,1167.8742,43,8083,8083,1.0,0.03142397624644315,21794,21794,1.0,0.04331467376342112,3.576485440330291
543_z13,10,478.379,793.137,False,1438.0,184.99494936611666,5,234,918,511.9605,17,7835,7835,1.0,0.02986598596043395,21305,21305,1.0,0.04308847688336071,2.7027764904568747
543_z13,11,288.1039,854.9167,False,3350.0,301.8061325481597,12,396,1191,3303.3729,131,10961,10961,1.0,0.03612809050269136,27498,27498,1.0,0.043312240890246566,3.976062347932953
682_z08,1,428.1616,31.8256,True,9321.0,769.541197284454,10,368,955,480.7056,21,14367,21837,0.6579200439620827,0.025614254889677734,29344,47108,0.6229090600322663,0.032544983642311884,1.2994755882190396
682_z08,2,87.595,342.6867,False,2563.0,234.89444430272832,10,372,992,1236.1463,53,9374,9374,1.0,0.03968423298485172,20769,24365,0.9592858608659963,0.04776349366844817,4.257231383093997
682_z08,3,701.9173,434.2543,False,3496.0,313.9482681718907,13,373,988,966.3768,31,11274,11274,1.0,0.033084974277097744,26474,27984,1.0,0.03731963435823827,4.140809591242062
682_z08,4,210.1004,433.9658,False,4123.0,456.9604614807105,18,652,1616,6469.8006,277,14983,14983,1.0,0.043515984782753786,32605,35163,1.0,0.04956295046771968,3.939071652211168
682_z08,5,556.9513,520.501,False,1521.0,233.23759005323592,8,328,683,546.4163,23,9202,9327,1.0,0.03564442512497283,19621,24054,1.0,0.03480964272972835,3.4299788461088196
682_z08,6,438.1636,545.4838,False,862.0,166.12489168102783,5,341,840,940.0265,56,7387,7514,1.0,0.046162176797075946,17424,20515,1.0,0.048209366391184574,3.009783753298315
682_z08,7,1013.4461,672.9872,True,547.0,122.60407640085654,3,150,415,294.1198,8,3917,6306,0.6211544560735807,0.038294613224406436,10590,18253,0.5802333862926642,0.03918791312559018,2.4469006969975764
682_z08,8,152.0064,713.9261,False,3601.0,329.5218613006978,13,526,1305,2897.3708,103,12020,12020,1.0,0.0437603993344426,29668,29668,1.0,0.04398678711069166,3.9451100296308232
682_z08,9,828.8516,723.7312,False,1853.0,222.75230867899737,7,323,758,1029.1291,39,9104,9104,1.0,0.03547891036906854,23858,23858,1.0,0.0317713136054992,3.1425039055768083
682_z08,10,727.0924,908.6133,False,2780.0,245.9655121145938,6,259,674,799.2224,26,9693,9693,1.0,0.026720313628391622,25001,25001,1.0,0.026958921643134275,2.4393663763741955
682_z23,1,106.8725,13.3863,True,510.0,105.1543289325507,4,136,378,297.066,15,3701,5716,0.647480755773268,0.03674682518238314,10161,17020,0.5970035252643948,0.03720106288751107,3.8039327915503374
682_z23,2,363.067,7.0045,True,448.0,132.84671708797583,2,41,171,16.2426,2,3699,6133,0.6031306049241807,0.011084076777507435,7686,17766,0.5655746932342677,0.02224824355971897,1.505494485554753
682_z23,3,471.5932,60.8564,False,1379.0,219.6812408671319,5,294,711,278.9949,9,8976,8976,1.0,0.032754010695187165,20715,23539,0.9688601894727898,0.03432295438088342,2.2760250170947054
682_z23,4,920.3955,135.1243,False,1062.0,210.24368670764582,8,328,881,1121.4306,42,8511,8511,1.0,0.03853836211960992,22591,22591,1.0,0.038997830994643885,3.8051083127763037
682_z23,5,214.1382,431.9787,False,4132.0,335.4213562373095,9,337,881,1245.9747,53,12178,12178,1.0,0.027672852685169978,29932,29952,1.0,0.029433382333288786,2.6831922990712997
682_z23,6,703.5824,441.6357,False,1032.0,167.23759005323595,5,207,751,216.1076,6,7485,7485,1.0,0.027655310621242483,20582,20582,1.0,0.036488193567194634,2.9897584618436404
682_z23,7,477.113,534.7193,False,2868.0,243.52186130069782,8,306,746,1597.0113,50,9472,9496,1.0,0.03230574324324324,22056,24600,1.0,0.03382299601015597,3.285126007690003
682_z23,8,348.5255,557.8194,False,980.0,167.92388155425118,8,380,850,3058.9049,100,7349,7373,1.0,0.051707715335419784,17555,20296,1.0,0.0484192537738536,4.764063292221744
682_z23,9,47.6516,591.5142,True,2962.0,282.8944443027283,6,260,666,1034.6661,35,8678,10674,0.8130035600524639,0.029960820465545056,19332,26962,0.7462354424745938,0.03445065176908752,2.1209324257988387
682_z23,10,172.0897,714.1174,False,2810.0,263.48023074035524,6,312,1048,920.8965,29,10172,10172,1.0,0.03067243413291388,24552,26004,1.0,0.04268491365265559,2.2772106974176207
682_z23,11,851.2128,725.7433,False,1297.0,174.50966799187808,5,194,565,486.0315,13,7570,7570,1.0,0.025627476882430646,20770,20770,1.0,0.02720269619643717,2.8651707710731
682_z23,12,113.1639,837.2284,False,1519.0,210.16652224137044,5,256,741,444.4457,9,8646,8646,1.0,0.02960906777700671,22189,22879,1.0,0.03339492541349317,2.3790658696143994
682_z23,13,752.2055,905.1709,False,2083.0,185.82337649086284,5,166,676,781.9382,31,7980,7980,1.0,0.02080200501253133,21610,21610,1.0,0.03128181397501157,2.690727127243787
682_z23,14,300.2333,919.6104,False,2782.0,259.27922061357856,10,337,897,1572.2489,43,9669,9669,1.0,0.03485365601406557,24825,24825,1.0,0.03613293051359517,3.8568459039390897
682_z29,1,99.4023,13.4983,True,2083.0,262.095454429505,3,187,411,102.669,3,5607,9652,0.5809158723580605,0.03335116818262886,13819,24747,0.5584111205398634,0.029741660033287504,1.1446211482492157
682_z29,2,921.2924,134.9137,False,2213.0,229.52186130069782,8,375,1100,1038.8032,35,9151,9151,1.0,0.040979127964156925,23871,23895,0.9989956057752668,0.04608101880943404,3.485506763784543
682_z29,3,449.3587,249.9865,False,446.0,120.81118318204308,4,309,954,1414.5433,61,6134,6134,1.0,0.05037495924356048,17911,17911,1.0,0.05326335771313718,3.310951763441172
682_z29,4,220.0927,431.0478,False,3140.0,309.27922061357856,8,352,1197,2207.055,71,11331,11331,1.0,0.03106521930985791,28206,28270,1.0,0.042437779195915765,2.586659389573219
682_z29,5,493.0553,532.0427,False,2837.0,235.23759005323592,5,240,702,799.7838,22,9387,9412,1.0,0.02556727388942154,21888,24469,1.0,0.032072368421052634,2.1255106375084294
682_z29,6,357.1867,555.4829,False,1634.0,214.16652224137044,6,352,768,840.2691,23,8637,8660,1.0,0.040754891744818805,20090,22886,1.0,0.03822797411647586,2.801558309490531
682_z29,7,55.0987,590.4819,True,3781.0,322.8355697996826,9,319,716,857.1686,37,9940,11830,0.8402366863905325,0.03209255533199195,22198,29295,0.7724185014507595,0.03225515812235336,2.7877968978401118
682_z29,8,181.5704,716.1351,False,1399.0,229.4802307403552,5,247,662,1252.46,32,8595,8595,1.0,0.02873763816172193,22042,22778,1.0,0.030033572271118775,2.178836923716203
682_z29,9,75.5867,830.5653,False,513.0,109.49747468305833,5,143,391,410.6346,11,4245,5806,1.0,0.0336866902237927,11066,17246,0.9864896207816305,0.03533345382251943,4.566315355192032
682_z29,10,125.2372,842.292,False,1130.0,161.81727983645297,4,139,377,405.4335,10,5491,7292,1.0,0.025314150427973046,13376,20222,1.0,0.02818480861244019,2.471923890973052
682_z29,11,760.8071,904.5997,False,1244.0,147.19595949289334,3,97,352,213.7939,3,6914,6914,1.0,0.014029505351460804,19480,19480,1.0,0.018069815195071868,2.038099422249998
682_z29,12,307.385,920.4009,False,2966.0,254.69343417595167,7,313,795,490.0904,10,9728,9728,1.0,0.03217516447368421,23664,24990,1.0,0.033595334685598374,2.748402220358826
682_z29,13,437.6151,978.4969,False,1624.0,202.69343417595167,6,186,374,260.7939,10,7711,8224,0.9376215953307393,0.02412138503436649,16371,21964,0.8054999089419049,0.02284527518172378,2.9601353513955426
